16585
11995
17773
28511
14538
5702
25180
23421
30517
28992
13383
19895
14357
31342
32455
24723
15343
29
26507
12626
16394
19263
20814
7961
20750
30639
25350
1358
11217
8637
3935
30021
8301
3302
12391
13084
11158
10211
2955
31203
14890
4582
20930
19200
19210
1312
28680
19666
25385
19078
17422
31893
2018
6869
2352
14214
13199
4307
4519
24391
30807
4312
8192
7556
17735
18830
29900
2775
420
12789
25754
15593
29312
10410
2594
32731
7820
6248
26819
16100
9261
17871
4912
24635
13778
10852
10854
6199
12420
218
18657
30644
191
26256
11791
14778
18816
13914
15877
5209
415
132
10609
4311
31583
17428
20943
12046
2628
19792
15840
22543
15140
23936
12888
25611
21121
32757
17111
14196
1302
12362
28443
15199
7856
13802
8308
13613
2879
22738
7032
16746
30253
21401
14839
30197
29678
9901
306
28513
27097
12511
26695
19868
10294
12578
25328
25550
27288
5519
1133
8068
12909
15277
20159
27406
12243
1520
535
3877
11437
27263
32910
22482
11766
24378
6678
32907
16214
18172
21681
11166
7411
17437
1249
26835
12170
5180
19039
3916
3774
22843
17679
28337
32176
29578
5684
7050
5583
20905
481
23276
5106
22760
17584
29016
31652
19314
29109
22752
1214
20361
27829
8843
1852
31763
21652
1787
22857
3670
29197
27213
21404
11520
32422
22337
28679
23658
22498
13723
13901
2077
29368
16329
27445
17814
9028
31685
13788
13382
3261
15165
12111
7901
19879
26354
4185
16840
15433
6494
29082
23288
18274
19609
20953
26342
20248
8061
22172
11988
2609
30217
31477
3157
19333
30979
8350
1551
15283
14561
14152
10688
23316
30698
28209
18303
24557
24473
9205
29253
17641
9538
2214
27051
7110
25079
9758
20725
30798
8621
17044
22352
1929
28059
20846
13656
10033
21987
26198
9181
4454
15988
24208
12263
28835
29487
13451
4087
28657
18249
12726
24208
7002
17392
29332
24054
9377
10801
28947
10550
24624
19481
2330
30310
3666
33050
11105
20014
17570
14769
12933
23688
3012
30278
3676
16067
1362
9556
14726
29390
11801
11465
11588
19379
4230
8880
18317
3938
31579
30989
22367
8624
4262
8456
17236
24735
16628
26958
32373
5600
1730
7093
16210
8598
30260
7711
11603
16989
29962
6816
30793
7819
11983
29411
3656
29366
6483
713
25529
2422
7516
30292
427
24683
14233
14020
20074
7810
9687
13055
17491
16245
29815
1846
2790
6289
32800
18374
9757
6844
16305
29532
12284
30134
27258
20573
20586
32927
20139
14725
26431
3002
27660
7630
7326
32624
9967
14227
19333
27800
10084
16117
31394
29173
14507
7038
22377
6912
15599
22788
26467
7144
2353
25552
25545
3800
15746
20480
29521
5752
28021
12330
13896
2486
11476
16194
22753
3270
21650
25022
8141
15207
5121
16887
8971
18537
8773
3027
11010
13932
9225
2977
25549
3562
6512
13380
23254
13432
26702
20628
31398
18760
22169
25601
30971
10995
2330
32378
27419
2677
23144
1933
29801
12153
7703
17615
17206
20952
9261
8062
20441
11356
4309
28005
4610
11465
23640
16640
8267
25886
3912
1249
28176
8728
3839
26194
7041
19192
3656
21308
3061
28294
30299
3911
13954
8534
23567
9283
25802
4426
21835
12743
21527
29272
17085
24599
27819
10381
25039
31307
849
21330
15063
29614
22840
7663
16270
23653
19969
31053
11716
2385
30743
8960
2642
29494
5951
7556
18511
4380
5488
32199
28807
12789
2532
12776
23848
6529
29295
9535
23999
25711
5904
26013
22371
30661
19398
11733
13616
32641
1188
31099
15608
16512
28712
1515
7220
16800
3017
25741
16705
4130
26319
600
21705
9042
1895
18581
26495
9065
9719
15078
10255
6066
12975
13958
13652
16364
22881
14034
24780
7408
30610
17161
30026
27795
14545
26960
21995
7374
19783
27385
2379
31260
28304
32260
1273
7460
9929
18406
19752
23448
3562
30090
15527
16477
29014
5270
2323
20204
6577
4591
22347
5624
8946
33151
29732
21841
6841
4918
1374
15112
22754
22862
18135
31700
18010
17364
10239
19124
1585
30052
23948
29654
13553
21812
15215
7864
12847
33363
27398
31629
10335
3123
20883
24546
18157
5222
15085
5761
25225
15781
7285
26261
28610
3094
1100
5648
3030
6863
2243
27466
1992
19094
19475
29162
10676
19946
26703
1802
6240
13896
22422
28822
9491
26279
11405
1013
26538
3909
12044
8172
24808
5797
12568
32191
5902
5080
12306
7577
24747
15869
5677
21037
20918
29956
12326
12190
32474
18359
11055
24988
2833
6906
12076
11473
13172
22097
26913
8059
19794
14756
6635
13658
27263
16447
32047
29388
6126
13597
7313
15159
27266
23654
25382
26279
20002
22070
1323
23224
19212
7840
4087
10935
13675
20211
13870
772
31531
1083
11320
25530
1036
3851
10481
28306
22517
20602
24226
19461
32652
26732
32817
27569
21251
6419
9876
9214
11060
949
10891
29953
10481
8879
18063
29345
1685
9402
5381
6648
10207
3437
16056
5628
23553
16131
28038
14174
1523
20831
22362
9138
7949
23117
30042
32721
18389
2827
15201
6523
23318
18184
25519
21569
14130
6123
8927
23970
12728
8919
22554
27765
26937
33517
3467
3975
26968
11539
23826
20356
21793
16628
3389
10267
2972
27464
31348
7261
31393
15702
8307
27238
5101
7607
22526
8768
6262
13916
7375
9220
11772
979
28628
18754
29409
27077
10647
15779
1082
28868
20734
19149
10790
4419
18996
7047
7775
12262
29159
14878
8462
12029
30900
19975
20452
14667
4831
23749
29542
10763
20552
4622
13960
13877
12442
21289
31870
15101
18374
8602
18639
21916
1712
4353
28075
10324
31783
21568
29822
28846
8731
9692
29893
21255
2826
4006
19745
32586
956
21914
29353
4863
32048
2055
19077
23685
21206
33008
16825
25499
16639
20658
5950
23334
8081
24040
3159
24622
13567
15500
28450
10793
13688
32863
13165
4220
16991
3722
3532
2367
32252
12933
17640
1344
1905
31288
11546
19787
29423
7520
33337
17577
4649
29749
5040
13543
8457
16714
30419
1753
10914
21172
13171
3293
14951
15982
7855
16996
11674
15868
22542
9391
14599
27983
7371
2263
30449
28905
25968
4880
4429
18241
33190
13102
23598
18793
9804
19049
29825
7918
8646
24157
14074
10496
10904
32085
9038
10450
31795
14280
32675
9540
13838
21284
20548
21440
12537
6603
30618
2145
16047
27739
4696
29019
1962
30771
25589
8599
31547
14131
26463
11933
1497
7362
22510
26039
33210
5142
18070
23635
5536
13232
3938
24490
30198
18981
17181
1951
15387
10276
22866
28906
18430
19381
15992
25205
24555
20671
4710
25094
33444
19149
11021
31775
8116
27665
12133
17187
10752
7594
24232
18873
14495
27938
22463
7285
10731
29499
29945
32438
31960
6123
4099
28362
21637
22437
16917
13657
23057
28122
29801
33792
28848
2240
21745
26428
28670
27218
33609
3978
22675
6808
2539
13772
14039
3880
30626
7919
10263
27629
11585
33483
13785
16679
13204
23114
31597
27315
11671
22733
18885
29837
15078
5323
15751
10387
24181
9147
31583
10635
15745
11573
1690
16232
19142
14676
26097
14537
12787
15966
2722
1475
5979
12711
11718
28640
32749
8114
6110
4967
30054
3994
1711
32222
15045
13744
9552
5582
9471
14694
19073
12230
27637
4716
28990
29858
1955
16664
8084
32013
28058
26123
12212
17989
17072
32018
12102
25631
21750
16202
18687
5194
29162
28808
27766
5847
27886
7159
10291
28665
27129
33795
27145
30474
16525
18806
6567
22223
2793
3553
16745
25341
13695
5438
14708
26364
8872
10963
2305
20970
13975
19802
29177
25571
24459
26206
23235
16512
28233
4328
2649
2717
21194
13147
27298
28000
4401
28829
17660
13943
33536
13431
11543
26016
14474
24383
3594
21871
3756
21684
3488
24908
19640
29225
14835
11451
24242
12262
13629
28640
32703
29131
21482
27970
26842
19254
24818
29903
22473
14887
31845
6176
33359
7586
18504
29695
18852
27477
22431
13094
16930
26747
5067
11850
25409
27136
3094
19800
29637
24550
25485
3583
1590
12263
20750
21358
6545
9052
26017
25439
12861
27741
3339
13396
32576
1578
31905
28960
24499
29897
33883
21930
23667
10225
30249
18670
27162
1319
6026
22596
1838
23847
20826
30693
2712
20613
4587
11435
13911
26516
5464
33560
25205
24967
2070
30618
21562
32470
14284
13325
5537
19172
18021
18050
24840
10462
4963
13631
29995
10214
20342
5127
25939
25201
28237
32411
14795
27885
27308
7296
29844
6056
4287
4611
20057
2029
17070
33403
16293
27760
27505
1998
10836
20715
5094
17206
14152
21770
20000
27461
15453
19077
27394
31527
16030
32395
11789
26408
25785
12903
29559
31349
28080
1886
31869
16935
32722
25046
22010
10621
25578
1982
3383
11113
32950
32297
9989
15695
10906
27196
3337
22281
7062
31051
25944
15406
10102
5183
2116
27284
32840
25147
2165
21011
7955
24191
33083
14732
9414
1420
7970
29994
18287
23944
5831
20968
8109
24037
32235
23124
27240
31294
15046
22674
4799
21633
32157
14755
6210
23123
30871
13800
9570
20912
18893
25313
27173
6354
19360
4667
3871
7509
16207
8714
21661
20120
1481
8787
12835
3942
23231
29645
2585
27350
17918
17384
17857
4207
14076
2575
28012
23440
32432
27178
4334
27151
7079
8296
5199
1569
3157
23099
13507
26490
7081
8356
23004
4021
23524
14256
1791
17909
17322
5955
33045
30157
8537
24852
31874
30045
22683
30713
26459
30398
7735
7269
9171
10401
9773
12846
18167
18994
30721
5012
12188
13891
23895
5504
2453
10662
7872
8457
4393
18650
33492
1596
10948
10475
17281
27677
8940
24467
28066
33257
10871
24229
24275
21918
25339
7851
21892
29629
3975
23758
18253
13391
15760
28663
29057
22822
31278
31028
22534
24933
26505
29533
9828
13891
18061
26103
10011
5387
18662
16216
17722
23143
16168
6668
19501
4831
30541
29048
22999
29853
24421
2493
14049
9843
16521
3808
2385
30751
9745
12071
5470
28621
17671
13510
32898
20701
30683
25274
19154
32743
8791
6390
29323
26620
4566
33725
30189
17711
11697
23119
10060
30804
3067
28871
1892
18440
15982
8516
6637
13042
27556
20551
26735
14152
2187
4188
10072
13204
17939
10493
12620
17592
1833
33971
19644
17711
29417
19070
28602
20887
30479
9847
30219
30316
20143
34228
32126
27415
24871
18796
23677
32295
3409
13659
26338
5854
13565
7528
29964
28655
7326
5766
24881
28550
29507
11992
28405
16521
5833
28952
20796
4381
26703
14137
16957
6765
17643
4171
25049
21927
30363
15776
20010
33350
12671
2861
10846
24983
28997
1842
1990
19318
19172
23838
25898
32857
1677
22445
14432
23697
5598
20051
13852
20684
14938
33245
19466
17373
28694
11350
33050
16832
28852
18471
12316
7128
25237
21123
20620
24188
2123
3330
16815
16306
33869
33420
19423
27450
34031
21369
19490
20431
27793
3318
15874
20905
18966
4011
6041
34374
13720
18843
11244
23914
25945
18251
1914
23397
3837
24614
31508
18580
26871
33312
18670
31274
24642
24730
10231
6192
22097
2693
4454
33995
31560
11211
3221
18622
6252
32234
27923
10543
24280
11234
14069
19118
3699
11602
7532
34163
2334
23774
20381
20199
9778
19923
1964
23655
23081
9486
4122
25412
34459
31002
13138
6670
34413
32152
18814
24338
19013
32228
22687
10273
6464
27381
31453
8083
18920
32901
32539
4748
1888
17778
30671
5246
30434
27493
11281
31727
20844
20913
7922
7293
17845
12158
8462
25119
13926
10534
8293
12717
10375
21727
10854
12963
30263
29339
21581
26146
6561
23340
32175
12087
9259
27308
8531
12384
13808
27164
10308
8780
2417
15435
29476
2019
26503
20985
3523
25478
6045
10557
16625
20888
8219
23588
30352
11325
27429
33435
9197
7265
9094
27535
11856
15357
24039
29010
32209
11669
25157
27969
12910
19718
10658
3748
12123
23934
25594
6357
28825
22732
6776
19621
24266
17370
16874
33019
5444
11383
20851
11966
20068
13402
12671
29685
27172
19812
5884
21037
17136
2854
7880
11291
17590
11683
15717
18051
31293
18775
22260
20569
33975
12408
4961
13861
12697
33147
17115
17580
8874
32474
26247
24268
15450
5141
12661
19112
20054
11255
5587
23045
10841
15386
12896
29172
7493
10669
13348
13746
32370
27509
32863
22732
18758
3346
15039
23686
29958
30596
31701
15486
32491
8941
19402
20109
23161
5528
13646
23022
15372
21563
34002
10658
29108
10105
2039
7698
15938
23211
24902
33271
27299
22496
17441
9847
33133
17698
11513
2704
26808
34556
27074
4538
20015
19513
34468
3528
6503
34541
29428
8208
22639
30394
29282
13771
23208
10316
11892
9151
28118
3622
31795
9499
29048
5793
10788
16802
13397
25393
27257
24331
20568
34027
11657
33192
30877
25156
32894
32839
28108
10780
17485
12118
3238
30715
20716
18250
10973
3482
22719
2625
13865
17829
8275
27877
18840
9151
24142
18068
11558
9671
22438
19647
29581
14937
3090
23952
10846
32920
34494
24016
20561
13611
10051
11783
34265
28806
30422
31461
11260
6763
23999
27872
25954
14000
19726
31519
11692
28482
12425
26007
31495
32618
15592
6772
7680
25679
28229
2746
21402
30397
19150
12844
15773
21028
15805
22125
13618
11492
7818
16741
11181
34247
14430
31462
3498
19151
26060
17807
23643
23859
5308
25329
28960
5796
18087
25329
8024
13268
24842
33389
10360
18489
25108
23843
13914
7951
19874
30414
20439
11676
26222
24465
31639
31415
34691
30617
34088
8075
12789
5631
6222
17817
8910
5867
9882
17916
34123
5375
19262
19953
5449
20979
8480
11414
17914
4732
16173
11762
16604
29043
20208
10038
20716
28211
29027
6210
3607
14915
26117
34411
23793
2613
10284
29820
5801
28109
30365
7162
27965
29542
31066
19373
24554
6802
31163
3931
21479
23041
24768
34007
9554
15524
28582
33339
17515
23057
26296
29041
13056
11818
3688
34040
30248
5113
22174
10724
20532
26591
32848
23335
22243
5358
34131
14864
14805
4499
12913
4113
19778
3960
10171
7621
11500
25256
13088
23345
2898
25589
14655
3403
33063
21143
8314
21688
28930
30997
29260
6618
21335
6505
9948
31242
32422
25695
20178
6690
16370
32830
3945
33343
22389
25258
9413
26309
11666
33225
24200
33443
21515
8357
19104
26328
10100
15057
33378
25398
9448
21328
19933
27749
18426
10930
4456
9004
34030
8320
14718
24812
13098
17370
6348
28013
31719
22367
27783
16861
8492
19533
31491
32022
12541
30953
32898
27936
30928
3618
24138
20983
19776
4209
16378
15758
31237
22531
11037
13587
28196
23578
11520
30581
30819
19889
6849
3364
10240
17759
6057
34072
9634
34941
21947
33556
6288
10635
17549
33580
27681
34768
8791
30341
2420
29249
9034
7516
22880
29092
8995
16969
8878
32245
5375
15045
6278
8969
9585
20715
11560
22641
17106
31355
31965
4257
32728
33060
25900
17234
33898
32771
7248
30500
32947
23143
23786
3720
22134
4055
31220
23517
27809
4438
28406
16601
24868
31717
16508
23851
3331
23626
16583
4190
3754
24592
3267
21249
20098
6095
21817
11013
12737
11949
18502
16230
28550
15141
12044
20238
15397
3335
5031
3830
16063
7360
33634
13198
34071
32732
16683
10591
27040
34505
31813
16622
8155
26590
24381
20964
23263
7067
2847
6509
16953
20019
21225
22494
10487
2631
19264
29082
15104
33013
33378
5942
5287
4881
29788
14555
30847
32690
3965
18668
6000
23537
23818
4585
7946
14317
8755
9108
33306
5395
3398
6994
12155
4508
17187
19411
11055
27990
24816
34805
15790
19368
17934
5350
11646
22224
14923
34697
14084
10352
17497
4380
13978
6985
17535
32535
14562
27206
10126
29271
25945
16572
17943
4475
30511
8176
17371
14991
14422
15834
33667
30696
13017
16680
33425
15438
3183
32390
12695
10849
16464
6941
7334
27445
11079
14425
30730
22592
7688
3312
25908
31862
27077
3872
33784
12466
6908
5176
9209
22360
22163
35161
10849
31544
3366
10622
32725
21942
30880
21690
6824
32808
6152
27841
31054
21632
7582
23210
8468
16683
33575
8691
29967
5177
14469
9414
31058
33213
8330
32122
22116
26999
20494
4445
12530
8112
17215
16561
10688
15718
32057
22516
6629
15273
17879
9829
24376
24133
31176
24003
19718
12705
8421
8024
5382
8167
16065
23094
15502
24933
4482
24257
29190
19508
13040
19309
22174
18199
20428
14025
4156
25509
26979
15037
14264
25515
21859
17679
30540
11724
28652
20780
27974
30058
13290
28454
9984
6602
11683
15353
18450
32882
31628
12050
12742
28374
20833
24850
16077
10036
12660
12239
26416
19645
20550
25499
24713
21237
22100
14794
3698
31836
29747
30830
22334
11342
31967
28517
12519
4136
31313
2710
31304
25516
28751
22903
29836
21671
16776
12243
28903
18896
27360
17354
34436
4340
35081
27929
25790
14416
23635
27035
5522
5951
16069
19216
17492
18965
16492
29214
23714
9546
24051
14997
5527
25563
34164
15607
15680
5357
23950
18744
22612
3251
33464
32450
27167
23699
11988
9660
30912
5764
32520
11660
8596
24507
19401
29850
20978
5766
18232
15703
30745
3960
21938
29823
16486
11718
21666
11419
13003
23281
17306
29385
17532
8613
33699
24767
12779
28642
8401
4110
13559
17497
23066
21156
27488
19225
23399
21653
33151
11626
24044
2843
30004
6393
8885
5339
34079
16950
31618
28521
8211
26107
21973
9743
26823
3694
31817
24010
8655
7976
33317
25238
5579
27799
3377
6635
20447
25248
29129
32392
14435
32393
21807
35183
27099
8215
18982
11313
21033
30195
7100
16491
29697
35154
14951
4241
23710
11477
32595
24042
8627
21166
14843
34780
31653
3589
15351
14442
20471
17306
22292
14843
16390
19883
33194
23133
4086
5912
5418
32521
31212
29125
23287
20137
16765
11328
23415
5079
7015
10916
9065
15656
15743
34493
29561
7785
10987
31596
3601
22312
4241
8013
6003
33399
17871
12952
15365
5100
17773
33861
4331
34284
13008
12916
25307
15657
16240
18955
26413
17770
33932
35233
33586
19339
9500
19355
7623
30916
19463
23444
12074
4910
23190
15107
33548
34690
23336
6423
24807
16420
3112
33254
3729
28001
5949
35015
24850
8949
18624
29180
20403
28369
23411
8085
15703
19739
11376
17808
27662
7541
27487
10565
20200
32130
6892
28674
11783
11430
30073
16626
20728
23822
35343
15939
9028
5617
9627
6535
34625
35605
23639
18267
19246
3476
18310
5703
29823
31200
19300
11494
21878
18181
31069
13127
8435
6958
25213
11154
28813
35179
28200
15855
28897
23729
35083
31651
10282
5155
16466
23932
35603
29839
7451
33136
21449
21308
21547
27521
20307
32227
7648
19940
5414
25595
19047
7265
23796
25913
26159
28413
26310
26968
33438
30679
10570
9494
30466
4176
14958
12415
11722
8558
9773
21101
20982
27523
10153
9552
28876
28937
30843
31019
25549
35025
10823
5855
5863
23389
16019
18604
32492
20362
28889
19445
21571
10865
26330
4163
26078
26256
15158
26509
6251
34341
5690
2999
26063
25819
18681
7512
28880
19624
7838
32704
33041
20982
22528
13882
31556
15105
34167
9870
10651
30336
13039
25802
26751
25991
6714
27714
35717
31916
20395
27094
3742
32873
7392
31603
26510
24769
32223
35037
35743
30758
29797
6571
32150
12699
9594
19603
30694
23062
30025
21479
34596
8488
5423
7008
10427
3295
14354
31515
16865
25836
24820
7137
33481
22785
32711
28843
35354
26237
20611
26981
23713
16715
12407
17139
34114
17415
24028
6258
28981
11107
21936
6592
23663
8394
17346
35646
25181
22595
14601
29396
34520
17815
7225
5686
19286
11446
34968
11878
9309
4439
3854
29819
25406
18911
3452
27552
26623
14724
4175
3167
12185
30130
29269
13600
4708
23213
11983
33772
18127
21369
6599
32119
31828
22775
29348
9566
8875
27728
34043
27565
12606
4246
19368
5028
33502
34729
18974
30651
6580
22104
4091
20195
24442
21449
6880
22287
13803
18459
35455
35059
27511
24137
23285
14603
26684
27986
6491
18912
10034
23703
18071
21383
20389
10116
23672
25706
33513
17522
10499
16203
12873
29388
29703
14981
4416
13425
8952
9365
30700
30298
20217
20954
18879
11389
33083
14233
13432
25841
35206
14404
23377
5714
8981
34044
17018
11623
23463
14420
3783
7682
28883
3672
28070
31528
6044
24014
14675
23154
25157
14011
11599
34483
14439
18985
16142
17883
5440
32552
28399
13852
32846
22803
9586
34379
29724
4884
28838
3464
10077
5354
13792
34337
27703
9450
11186
28596
6625
31556
12315
23700
13424
6792
20220
11886
18158
4457
3275
34349
9133
35264
18827
27418
32474
18644
20476
27976
5973
34008
25871
18223
25024
13237
27548
17047
27095
14090
28759
25784
24063
35185
12801
9631
31009
20741
31195
14035
16056
31521
22624
7481
15657
17770
6707
8757
19028
22543
35159
24594
28264
21839
20126
28068
28923
33340
34660
27947
15450
27839
25468
33403
35613
13021
24427
29786
5119
20280
28372
32042
10221
3801
11060
3784
30301
5164
23248
3507
27617
35660
25579
18289
24316
29569
32827
10286
32564
8712
17566
29607
14952
25106
20746
34118
35940
22030
15554
23438
27827
32299
4816
29370
20148
34841
29359
12961
26609
19472
10568
29661
12459
6932
22048
24620
21178
17015
28879
12822
31380
26783
17076
6097
16043
9994
10471
15713
4348
34190
12911
16899
28388
15078
28341
7372
17206
22122
32825
13454
11916
14110
18308
12027
10714
29678
14942
15117
14153
6456
15168
23205
5442
24459
34060
28530
10184
16303
32508
3860
35852
34789
36056
25217
35387
22127
12141
5288
22939
7507
35130
5205
27350
4957
7020
11605
11414
13923
20237
15578
32337
17100
7800
34081
17767
17491
29456
25681
22634
9225
35633
29351
13500
22425
31847
19408
12896
5584
9694
34710
10762
13405
10010
9663
16760
4821
12008
28978
20997
14074
13973
7772
7548
32316
32093
10450
17706
34944
22566
13368
14135
16417
10607
29793
34358
9012
5507
24759
24314
12817
18162
14046
4267
9999
22337
4244
23322
23438
12257
4316
30546
32315
30558
27739
3696
32399
24281
20738
4788
20889
25528
28909
11991
29694
22940
13451
16287
19774
20627
22528
35762
22584
11152
30663
11688
13553
31512
20636
25699
34705
28733
13977
15779
18606
31696
34719
20181
27341
28115
7415
28716
31014
10541
32825
11763
5032
16289
26477
25634
27709
35329
15473
14383
10575
4255
13211
25894
20875
22533
13726
3580
9445
26086
8370
35361
34524
4692
9455
24660
24063
31026
16378
25531
36016
8173
7140
10035
26408
9063
21839
15077
19131
33332
27859
26650
14941
22281
26528
24400
9318
6001
25444
35980
13714
10946
8559
34291
23884
27984
19733
18580
26412
29664
33107
14217
19902
9056
20918
4414
10885
28885
23161
20240
26431
23956
7149
8986
5227
33717
9502
34891
35081
18117
20916
6332
12193
31931
7959
7745
9350
9005
23767
4415
35164
29892
15434
31165
12760
29422
33655
26301
36295
14290
26418
28620
29778
9353
20617
29912
13440
16267
4447
4162
3836
22375
19543
28468
32025
15800
5108
33845
26899
11860
34046
18426
15256
14022
24615
31871
25222
12799
26350
9815
13559
11336
32708
12353
22651
17275
25965
27899
35748
22387
26026
27483
31176
7873
29461
20635
31746
29600
3660
11509
27514
27948
19025
32367
26854
6350
28721
22009
15697
26619
34276
21173
14363
9758
15477
26518
11842
35538
35171
7980
32479
15445
28486
20926
16628
22073
14773
33178
32356
18525
12392
20905
8259
8732
34202
19014
28752
7620
33713
24656
21440
32842
15905
29310
9022
8508
18830
12531
17455
12022
16177
8979
26426
33561
3964
16276
4104
6969
26625
19160
19016
35286
12432
28538
12279
29582
25503
17703
9438
27792
17903
14767
27484
19028
16749
4187
30309
15754
26455
27522
7371
18512
23967
5207
4540
25767
15252
29957
18061
28456
6591
30974
6581
10739
22795
18319
30493
27625
25898
36025
19863
20507
30259
17468
32171
31105
5520
15092
9626
16112
27159
14952
28317
21318
3959
4769
16238
15848
31958
30264
30729
14190
16056
23731
6836
16028
34851
24338
34365
31124
24321
17060
9603
14155
26565
9759
14391
9530
5201
34032
6372
36182
14871
34000
9261
12353
21375
16792
9559
4034
28809
35670
27655
15731
6836
19104
28492
33209
12318
32552
8671
28409
31212
35985
23466
13577
33260
18817
31880
18661
27513
34040
11340
13476
21408
30176
23556
9130
31873
18661
27775
32542
18423
16518
7692
11935
17787
7020
11653
20786
22341
13563
17036
33407
12981
5160
4885
32830
16370
23690
24613
17388
7377
21939
12248
25794
18168
31936
26793
21991
12611
21551
12782
21733
18534
26097
15778
7258
10964
11200
24423
12016
6112
20915
5323
20110
23074
34576
25291
29648
12573
20833
11414
22965
32286
5578
26515
29080
14439
19609
20644
21346
27789
4895
34477
32253
19231
4031
11856
31756
35464
23620
33531
16601
8247
27255
31013
20878
5373
5874
21972
36521
30902
24111
24419
12714
14635
26596
35714
21262
24631
23699
20094
35969
32041
14684
28611
35664
15722
5655
34719
10013
30816
4511
35400
20694
12945
22640
33825
28136
23564
31093
27449
29615
19973
32027
10772
22321
19391
29354
18351
9485
35503
26581
20670
21934
34270
32400
26168
12740
8335
5409
5397
23285
23586
13434
23383
19663
9528
14534
32327
27138
31768
26690
5633
27084
31825
27726
29234
14772
34721
24772
15393
10107
6166
28040
31212
26448
32115
7776
22292
19011
35285
27910
22076
14588
29078
12668
20526
18093
25202
27808
25631
28741
5608
8448
15668
23527
25315
11759
20805
11418
4762
24793
31968
15938
31925
12499
8337
24015
11953
22646
9056
20916
8837
16878
32412
18074
18566
31054
14039
29782
26760
6438
26162
36633
7750
25944
15323
22759
29956
34855
5331
26443
26226
9617
4597
29000
16596
14559
20276
14738
14432
28794
8228
26879
10215
31744
30140
27960
17592
32919
20826
12212
18882
10114
26887
14567
24056
31474
24828
5046
14842
34078
15974
34095
20721
26005
30567
27767
32954
20691
17501
24323
36168
11795
5734
21771
27459
18277
22308
31292
7669
16384
21949
30382
11367
17625
34086
17429
29127
11125
28578
25403
19725
29435
33669
34222
29663
23437
7486
32693
27825
34776
29332
5769
29744
23786
17200
32450
20961
5188
29276
7952
24581
13361
28170
27435
19137
25174
34584
27405
19067
17545
7890
16990
23943
25575
19897
19504
17667
17952
26499
7916
18687
12566
32866
35980
34786
19623
22409
29451
21768
5830
19181
28954
27312
24017
14408
21269
29462
13598
28516
19509
11484
6104
6550
20487
11950
11785
14984
8221
36390
26615
11836
25091
28141
25524
18510
20852
14116
20721
30842
25294
33282
18195
6237
27076
29118
16777
18048
6227
34735
13916
29330
27127
12722
31495
32501
20254
6092
27530
7037
11485
27920
34746
15732
34018
18371
31451
22753
22954
17599
16752
16137
8948
31253
24914
17975
26229
31990
26624
7865
18637
32468
9014
31019
10938
17860
18369
25080
9867
33831
31377
30237
33240
21385
28688
21808
26481
22217
5554
29857
32148
18298
31181
14401
11363
29322
26028
29696
10388
26657
24031
15099
5739
25292
31956
8118
22757
10715
23468
18853
24887
29448
32071
33778
4726
34649
28577
10618
36248
12103
5986
4633
31131
10783
22960
25895
7172
13481
6216
30018
21899
25352
13261
35150
22293
20961
34911
14011
8930
29375
6256
12550
11784
30646
22995
12931
13856
8775
22806
25177
7999
31108
10002
23502
28200
11124
17600
15045
12991
7609
33103
20868
30401
29040
32371
27579
33971
32345
20223
17090
6936
35128
25526
34595
24551
14715
14942
9048
10300
4636
33559
7126
26702
29129
12267
12362
24481
24131
8870
8738
21885
7940
27880
17487
31134
27428
22136
14409
15661
11901
7643
31828
14319
10766
10022
12035
28093
29597
36112
11258
34868
6304
18507
26103
22701
26718
24853
8724
13935
10578
24330
30790
36132
15824
27452
15658
12170
31723
22661
14593
17003
15509
34332
20472
21455
26120
20583
32686
29296
30053
33808
22000
22894
19355
34651
17607
33860
16779
11703
30644
16123
18282
27027
36410
34462
4966
20594
24477
19949
9100
9538
11242
31317
5865
23785
24119
11552
8687
20770
17452
11498
8731
5511
24258
33620
5333
8942
12363
8956
30104
19705
11187
10668
18258
13801
10501
4817
19726
13491
33584
28207
13776
24918
17164
28372
16320
15211
31640
26186
5771
7934
15238
32785
28935
31644
14329
20812
12822
33197
5261
37051
37068
14853
27800
35561
35796
15285
33199
9895
11279
29735
13164
36280
23167
13674
9327
19918
19812
32458
12451
34230
20644
13220
6338
29391
28016
13432
34588
29376
13605
36416
20884
19818
13168
13312
7403
23324
19382
30367
17729
23302
34227
12021
12248
36337
36193
20005
27164
26925
27163
18477
14816
30154
12546
36027
33515
12299
13984
33347
9651
31511
33739
14158
15208
31986
4556
15893
21300
30380
4545
26190
5314
27864
17216
18758
27645
13376
7741
23600
8730
14039
21550
31932
34776
34031
27756
11244
5382
34476
32733
27428
8518
25017
22480
28544
6674
26425
29736
8041
23036
7681
15549
36459
34106
15620
25087
27457
36705
10766
12509
5170
20081
20662
24037
17825
16146
25998
35756
5855
24093
27036
36976
14659
15198
33294
16124
11645
10649
30761
14028
25383
12234
30083
32626
30365
8113
20594
29496
33039
30094
31940
15623
11988
25898
29872
28039
36865
14358
11789
27528
22331
24887
28610
17313
31433
27011
7038
6934
27629
6661
16297
18943
22645
34599
34202
24743
10893
24880
20490
7219
15063
11788
7624
36484
26814
20556
33967
32094
36103
32621
22742
15561
31400
5469
21510
34999
33246
21819
20849
8680
10618
36702
29088
12811
4731
18074
15022
15142
14818
15038
34996
5687
36034
31841
25220
17692
33431
28127
34458
7088
12760
21918
17487
33847
4816
26006
30032
25340
25769
23568
11087
23864
26826
8621
26104
34614
26723
34987
25895
15797
14405
37220
27480
11918
12024
22551
33887
21654
16647
36843
9305
27334
14239
12081
13026
6809
13656
12522
22152
27062
32083
36745
5248
10959
12421
23802
6296
30153
30034
7138
14701
27421
15710
15913
36062
18046
7584
27830
8384
33980
27832
31865
11219
8424
7042
13487
19189
11449
31723
19041
7830
18478
27139
13614
23660
15477
35668
16715
10600
15884
6259
33480
20456
6694
25812
36373
9774
21328
6370
6596
14609
29012
21071
28048
36594
34909
7849
17055
5874
15197
33839
30980
6242
15788
36066
18056
13948
6130
34783
17066
23632
13382
29931
29668
9472
30103
20048
16944
5168
24139
9448
29387
12985
35367
17015
37177
25501
32623
17981
27017
34112
6990
28620
30682
13013
7543
35864
28958
14870
5901
14541
18718
6456
16577
29157
22975
6430
31802
7545
36739
22477
33977
35287
16210
22304
4861
37334
35195
25532
30820
23398
28150
26695
30036
25707
30188
32981
20185
20940
5752
25251
26511
13510
12464
27656
24515
14983
21215
28840
32981
31224
7957
5611
30688
21466
31458
21422
9117
6420
27742
27960
31109
27467
18540
30319
17974
35764
5696
14667
19736
35878
19487
36748
35648
5748
18790
33960
8597
15865
12750
21512
10801
36724
36334
6003
32010
21271
21762
14795
10193
13530
17386
33271
7450
18197
9590
18976
24254
4942
28640
14112
10109
11599
23450
33847
22504
31868
22346
14080
10879
12132
32020
20388
29462
36246
27927
18766
28029
7094
12602
32479
24415
17872
36392
18402
37227
33771
26009
25026
25522
11490
36308
31034
33104
27503
17009
26638
30543
35209
37476
31481
13000
34288
28471
21478
10827
10246
16791
15459
13953
34272
10002
31826
24080
12445
15647
35041
6335
31478
7519
8125
19931
36375
28450
8835
37337
16557
12845
18040
26428
25665
9915
27769
34490
31940
30401
13621
29338
5739
33910
9625
22880
11709
33299
28556
35756
24042
14039
13021
35168
18782
5455
19065
27137
28822
34516
31202
9312
27442
36949
36572
31097
14156
13399
19306
34459
37641
13881
11256
17097
5229
8893
24026
27489
29556
16836
31221
9211
14942
21849
22460
19860
20554
18929
35935
22764
37382
15345
27198
6188
27942
30321
5284
21452
12627
20288
31666
9908
35814
33832
21657
26017
25014
32115
25101
5579
31533
6573
8438
14021
13986
26284
11624
25508
13538
27598
29653
36707
13328
27010
33409
24710
36016
12810
36663
28670
34046
32639
34107
28493
28292
27413
12159
31210
16875
27040
21273
5607
11538
29015
19957
10193
18269
11480
36295
24024
24656
24429
29508
22063
7260
24206
30098
33974
21496
17575
6653
7127
26868
16667
5099
31917
34314
10632
8466
29292
31927
12365
30184
15613
13641
25673
20059
12008
25912
24038
30403
25207
32697
15702
24853
18969
5265
24093
6745
8196
37159
25552
13406
31006
6110
33820
30636
32542
24993
12809
29114
5614
24000
36480
13153
28756
33786
16908
21393
22482
36059
9181
35395
11211
33864
21010
30638
23526
27224
7992
27582
25016
22117
30989
16834
32157
20579
11402
9317
15078
21617
11041
19935
32570
13486
13636
6252
10550
19790
36390
29437
33367
16109
7365
36398
34842
8994
7720
21881
20577
28504
19685
34985
36121
31193
8679
35217
29466
21804
37486
12797
34894
30113
28503
17897
7446
21802
18846
22001
29929
35180
32801
9737
25151
32790
23207
27758
22957
21874
22048
31965
16465
31034
34351
13314
31088
5548
12261
14131
30558
27872
33232
23646
21406
8282
36148
20032
12875
5852
25752
16600
29878
29821
33668
18972
32593
22783
25482
13034
5836
22622
25219
21569
6269
24997
24091
21681
37381
34821
10384
23056
31793
25128
15030
33647
7454
29635
18239
16204
21921
21867
37689
21002
24037
36521
14296
8350
13654
22096
12662
37770
18878
11534
24536
9743
6574
34370
23475
30110
22048
29453
17774
26001
18266
33708
28970
11032
30998
21253
37888
21878
29151
28799
22153
9837
31166
7191
28836
20214
13334
34993
12915
25654
37069
6315
7847
8366
22700
18616
31230
17842
22793
15596
29705
12572
29347
9235
19763
31553
36813
25927
7679
12580
17871
19394
9105
32490
9609
9456
13680
24206
32601
33992
18570
7894
7743
9309
9081
22150
15935
36528
10244
6099
16903
36809
21993
30746
27602
6662
27354
16338
7564
5554
17349
22208
25655
20185
25432
16489
21133
30043
16837
15565
28391
25408
18882
24914
14429
7499
9940
15871
34607
16850
18638
25322
19556
22989
16532
23028
29872
16428
23077
26803
29339
37742
6105
11952
13280
25967
29415
29651
34323
7553
34089
15131
11911
16575
32804
28050
14703
38046
5443
12673
17475
20421
13155
16864
18278
19743
15764
23056
8965
29998
7966
35277
29506
20898
24771
34142
28562
32554
9028
17934
22883
29066
8999
36576
15875
15854
10678
10623
36797
24445
36683
28532
23109
10802
13003
29595
5718
24551
35441
24536
24729
7091
12749
23302
6089
34678
6412
35632
9749
36786
14713
34820
31173
35229
29508
20868
28961
32628
30850
7935
15758
5905
26998
6720
33275
18112
34319
23301
12411
19535
6321
14003
27443
6756
32313
14407
27767
12307
28475
21648
14896
36528
28301
11932
10369
16866
33034
32880
28586
11769
37520
31739
22828
6274
11339
14413
18478
7960
24630
32517
8479
36989
36318
36360
21661
23529
25706
8569
37269
35489
17880
23013
25260
30668
28553
21181
15070
14978
35840
32010
13669
30247
37351
37468
36061
34039
37970
13315
36261
12513
26696
35458
34696
28313
17280
31041
33437
20201
14440
14978
15211
6728
13163
30614
10833
19117
23924
12625
6694
22437
34734
36027
37404
34980
33935
22536
5866
16792
37396
23499
34602
32196
14670
19558
5887
27852
18205
28613
12028
26124
16956
19276
12865
9774
33405
28173
28647
35580
19798
11071
17311
16754
7069
22763
10645
6680
27792
26345
18843
30607
18968
25099
15747
35689
25167
14232
5836
21822
23103
19708
26498
6139
15853
16317
21087
14718
12694
25009
26166
16480
18488
17775
18578
25618
9044
28419
29594
25388
16370
31974
35639
37889
38119
23853
36217
25463
26195
25344
25143
13846
29293
20558
36342
24414
23427
10175
35852
9054
29500
23274
37894
30338
19233
10441
20038
28589
11867
16489
15345
8327
26814
31718
22024
18457
32519
18327
10196
37783
15458
35206
26760
24956
14640
7459
22562
15068
16134
14137
25490
30454
11769
17952
21534
15626
18201
8757
36357
22634
32827
8839
8802
37586
17660
27091
14420
35068
18690
32691
37212
11632
20357
35346
11526
28058
35854
15075
20428
11550
32895
17938
28983
35696
31828
29627
21831
10143
8488
8859
21781
22129
36987
20164
6839
32437
9906
28820
21604
36821
26463
18407
8920
18091
32451
26508
18170
13461
31890
38134
21181
15564
11253
20532
24900
31729
11477
6180
6729
19945
12887
16099
33983
26091
35491
25223
27830
11479
21482
24081
24704
22986
33447
18077
35090
30959
7461
18652
25004
21656
20545
31428
37565
29837
16753
30086
29697
10147
16901
19393
31212
19345
18349
12277
37451
18176
20028
24378
13353
27105
34475
9266
9967
10243
30561
34364
17616
25061
29105
30954
15460
12233
32933
8118
38291
25353
13562
31216
32181
12718
29291
35579
7927
16447
8755
21177
34561
32215
28365
10820
24790
34426
27902
22751
34299
32681
22037
29996
10971
9012
14194
26271
10858
27728
15173
6962
13577
6889
28312
17754
26282
33082
10384
13882
34868
20378
30447
10263
32809
21145
13278
36109
13958
22347
10474
13824
28650
10724
25420
26069
25595
25221
7533
9441
37637
29782
25001
26785
7909
13013
19027
25516
11046
16750
33530
37351
34921
8523
28395
21752
12042
20845
6391
13565
19712
13564
20599
6525
27397
13275
6029
36510
27896
18816
18092
27289
29055
30211
35162
26476
21744
17780
6196
33999
23410
24946
21555
18024
18015
24825
10031
8770
22765
19068
19873
13180
36878
31796
28077
34110
37268
28343
8032
35313
38553
34252
18998
37552
21790
25470
31711
23289
11506
29039
7234
31913
7126
37999
8899
24615
15582
15949
12481
31967
22298
20973
13667
32242
16246
36251
32405
7979
37343
28575
23373
22070
34215
18706
13075
7180
24875
29424
14016
27314
20659
22894
36486
17187
9369
20877
10544
20363
15022
27887
37035
30133
38617
16361
26566
28103
28417
19931
30006
12589
11821
36796
24541
21971
13034
18681
32844
10647
19694
7808
27526
8702
15866
9239
6918
29733
16901
21491
22020
26875
25238
9350
16373
16814
6514
12440
12369
16483
34423
9625
14232
10538
15560
27702
30103
20273
27434
16170
9448
33336
25518
9303
32696
28740
18065
31765
25036
20376
21600
6858
19398
25825
11103
8379
11173
14769
29740
33825
36492
38702
16800
33152
8132
6412
10230
26164
6403
27832
20271
26956
34799
37078
33972
34460
36062
10478
36926
36878
30432
14690
20467
26937
24831
24484
24530
8501
13509
23205
20560
24237
13823
30609
12355
21045
31681
14009
28160
8926
31402
15569
21440
35080
33897
25691
9033
35704
24704
33635
38090
37547
25160
14701
15622
18025
8246
22956
7860
27037
12380
17780
27430
10339
36403
19186
13866
35939
36247
23579
8494
35678
32531
12770
16807
25606
26975
12206
18099
15635
31783
6923
8700
14995
8206
31647
14304
32129
18419
14177
23248
16794
26483
16133
38390
36204
12975
24250
35611
10416
35663
34584
26567
19673
16071
8788
13738
17389
31192
18871
35386
27028
38234
28494
22942
17007
8250
20450
28875
7594
19135
16682
23277
29909
38673
12352
13832
32239
29435
25682
15071
9156
7920
22938
31765
22650
34380
18576
8338
30310
27869
11614
7464
8996
38306
25492
12662
26854
18130
10781
11277
31244
20256
9074
14802
21237
28734
9741
17572
11797
21152
28961
9534
32328
26242
6536
11358
25446
22060
17148
18215
19736
28021
31115
17091
16362
6790
16197
29518
28833
27616
8760
16879
10702
12193
28318
26184
12195
38914
20820
20241
38406
35109
32398
32255
15588
29710
12490
23275
26312
25327
37890
16944
7596
6824
28966
21077
23055
30094
11721
15596
8263
23403
29723
7865
34841
31431
38679
8983
25223
10086
34557
30360
29161
33298
27139
19692
26687
19867
11591
32260
8134
38171
8713
32374
16841
34686
31511
14116
20410
11330
16008
32793
17025
21884
32685
17075
13332
29468
30021
34567
18248
11121
16368
28801
16871
23792
29927
28107
36098
27953
16617
8176
36744
35130
14201
15554
38680
15104
8774
28793
17172
30763
25835
33436
9719
36378
18648
16933
37096
36647
17808
31968
15759
9516
6422
34324
18983
27974
17569
36965
15316
16600
16791
24313
31543
36819
33465
37338
32576
12341
38299
37275
6724
18128
30808
24127
7504
11597
30595
17750
17852
31088
10337
17257
10499
35230
21333
38040
37586
15004
25243
14466
35166
10905
10553
28005
27643
11631
38451
26246
24555
22054
10239
16852
32627
14777
13368
32968
32564
20253
22423
34959
15801
36992
8734
28011
29005
16847
21398
36183
26639
32890
15420
15850
36424
32891
38328
37245
12027
6805
26702
30608
8894
36825
20568
15466
24777
9839
14324
11264
9805
33683
22778
23576
10247
26334
6961
25006
33300
10951
8898
30103
23047
11881
8940
19556
26425
35975
18682
9609
21856
17357
21362
21951
13667
13400
10640
20646
28781
38521
34546
30127
28993
20150
36757
9273
30669
17170
24576
23290
19201
38287
28095
26273
15585
26608
19475
25529
13529
36035
10472
38865
13393
18847
38407
26074
35202
36523
29325
25040
9352
18271
34972
18333
17080
10383
13136
22842
25651
8101
8437
26647
16315
18222
34167
36285
10438
33944
20761
22450
7121
13113
16234
27292
25847
32916
21110
24746
38082
24024
36409
26416
14145
10922
34905
24465
33115
32036
8212
34658
26722
11038
29302
27596
22508
30892
24272
11314
31198
36839
12135
20500
17609
9713
14953
13364
17530
28979
36645
21239
20684
21737
33658
27661
9921
26081
13712
20308
38865
11391
21959
20218
17282
18437
19693
7395
36665
22289
37556
38730
20560
18792
18531
18602
23656
32497
27595
7903
29697
22533
13949
7560
15176
6886
32058
36785
13615
21132
9131
31919
29891
35496
30802
25674
30907
36067
36033
34338
25932
33638
24074
14411
36933
9376
24950
37179
37719
19523
18810
26854
22708
9616
38630
29991
21981
19157
19040
34146
26804
32308
18961
8552
35545
24485
20382
36762
20275
17470
29274
34386
24013
37555
8634
35966
25060
18713
9225
19854
7742
36847
27996
25745
7101
32350
25289
25242
9779
29632
24020
37993
35704
10848
33834
19271
20666
26496
18322
11570
21013
27809
8736
20538
32867
36350
25259
9515
12630
37466
7554
30060
13764
16379
38235
30759
10817
15095
12428
17066
13811
39086
20094
38926
11170
19608
37214
23574
16655
21057
28693
11609
20615
14481
9339
27300
22711
29265
18887
10138
11970
36843
16203
21661
38545
18033
9054
7666
13675
26593
31385
17951
37573
12456
22342
32664
7003
36452
38165
35227
23167
17390
32017
37977
23985
36504
26067
12374
30321
12467
9205
19730
20049
34133
24266
35561
33102
33113
7500
25656
12896
17830
8022
29121
20048
9909
22292
20049
28874
19789
38583
23968
8115
21649
18029
31352
20668
35133
13968
20505
27960
11821
25117
25309
18475
27167
13673
35864
15011
17081
11535
27970
23115
18638
24877
7768
32317
23005
20688
7039
34328
6874
33196
13803
38738
36913
18449
35839
17616
30473
19226
19637
21684
17349
39208
19009
39031
27089
24718
8177
35639
20635
8334
28504
10834
39391
26245
30891
15411
7464
27490
37483
31084
15508
9564
17476
19461
30423
8677
35126
39188
23170
15321
31986
18574
16006
33276
30855
32605
25587
24995
25149
16307
25862
27057
13505
25501
38243
14789
33155
9691
14239
29106
29277
11503
11265
13616
36469
19572
31882
38865
18020
28849
27186
34102
35736
26734
24437
31106
30454
33030
27662
7695
17092
10430
11779
7776
7111
35669
19425
18775
36264
23773
25673
21160
36509
18121
38571
18574
28229
11078
35154
37309
11219
13007
37025
34711
30574
22523
23452
32930
25304
26010
18858
24378
34126
6913
19864
30851
38576
27298
33250
26530
17890
34528
21038
8493
20082
12577
24090
23263
37243
32548
31031
7057
13769
35477
27733
34661
37693
16094
23554
15429
28019
14657
30797
21132
16803
28451
22992
22018
11205
36523
12269
19214
9977
19852
9303
37927
11557
39455
38868
19340
31200
25269
7234
25909
29839
26411
20440
11529
34253
18623
32175
30033
23569
19489
10113
35181
25482
33230
23728
14533
30030
18585
33418
36355
33204
24202
29131
34432
14846
29676
36195
24059
32060
29858
13946
17041
35949
31674
16818
34025
18918
9541
20908
39088
34808
12901
15053
31045
10957
13223
21570
18101
8595
11667
23105
12009
31452
27522
17810
30494
38981
29872
15439
14742
17750
22418
32744
11149
13738
16234
31849
32623
11856
34840
23808
14152
24176
17459
18874
31612
11058
26968
12941
18872
29403
38594
19355
36904
35642
10779
7861
35051
32578
38546
22046
27076
20472
12846
9362
15378
15504
28002
28295
28930
21970
10465
39091
34307
24771
7603
8142
19834
19586
35721
23961
12215
16240
8526
7967
30760
32659
21502
28731
33485
14909
38843
16474
24044
28392
12062
17538
13318
33125
33995
14996
37385
14134
17224
29134
24007
9272
7951
15507
37031
19077
34529
12143
35483
29080
11870
20822
37202
30898
9939
8492
20398
10365
31315
38027
27000
18415
32009
29632
30547
30834
18636
14102
32494
7490
38644
18776
15230
21014
27756
21393
19052
13570
19465
30230
36938
34716
25370
37574
27148
27486
25665
35985
32373
15691
33921
8247
17359
21717
20119
14930
36319
10751
16526
28311
14360
9919
26510
29785
16399
10150
28149
19534
25647
28610
20392
29590
39598
37828
10412
18425
29887
8286
20976
33137
16906
32751
16493
25832
34905
25442
23153
37954
9108
12883
14136
8094
8687
18036
31933
15321
12386
30256
20431
16980
11098
12942
35431
24056
10158
15447
11321
35191
34772
13435
14729
17108
29013
35761
31808
38949
13950
38238
23359
29080
34904
16824
15347
15540
34011
17195
8746
23777
30047
8956
33317
34091
20819
35116
30958
24387
22833
15263
24300
9158
23985
39037
26804
34754
34622
36825
18978
9079
12710
24720
36777
13914
12309
7284
8679
27744
36164
14250
10108
34936
39918
10065
14621
39001
27524
21348
39908
38271
29985
24546
30186
38768
38080
37164
12568
31556
8877
20398
32826
9316
16697
36545
14933
14994
12978
39632
32827
35114
19346
37562
24668
25511
21751
36984
27871
13160
29523
17664
30706
37557
25957
35689
27230
39165
12136
14159
26718
15457
34442
8825
14513
27767
37023
15801
8686
19015
19479
10516
12824
8602
13357
38691
9330
34677
30050
32697
22932
16864
17962
26055
38335
23787
14309
13436
31086
37107
37904
30640
26669
24098
39357
29570
20910
33077
12096
24384
37146
9602
23596
18312
22181
30777
8062
23469
20325
33002
30231
10844
32612
25415
9584
37248
33268
28204
7817
25954
9282
39900
36130
37653
36398
26510
26414
16913
27994
39976
36997
14622
22145
32842
26329
35444
20747
33678
18923
19232
16606
20750
29694
22953
8822
27431
13964
30708
19768
13437
28473
15461
12291
35391
18693
7751
15369
21421
7621
8558
29149
10967
35796
25882
17612
33447
37894
39455
18545
28193
21469
9283
23684
27882
12288
27368
19187
24839
33512
7403
35892
37352
9181
27595
9689
24741
23073
33294
22373
37255
36971
14560
35166
20170
23702
20734
12963
18593
12187
13010
10240
38523
16829
31199
35328
15749
36611
20320
17666
32880
30699
22572
22415
23668
23133
14813
21227
22421
14046
31537
18922
33829
13830
17329
8709
23946
8756
16016
31405
25153
10624
9429
7904
36643
31729
12989
13561
8167
39409
35930
8396
14569
26365
21889
19442
24105
21665
32995
18530
23447
14756
39546
33089
33422
10624
37159
28156
24734
24596
17305
31635
21390
38301
21616
8248
7841
20195
35234
19736
25881
32176
15134
12921
11770
34182
38064
35333
21776
30865
12069
23397
36147
8411
17583
28434
22474
10687
33931
25448
38286
32160
18912
38909
38033
11227
14827
25392
16254
27385
36185
17925
21026
35626
35060
37424
14123
27887
27010
13935
29488
20502
18154
9501
16626
36587
12953
35077
17122
39341
38180
15476
28131
17983
36655
13970
37200
18464
24973
25329
8257
25757
8361
38759
8202
14149
14116
39961
24581
39582
31679
31193
24210
35094
24188
33458
32603
35388
28928
18624
30429
32816
20028
30533
36644
26968
9548
16890
10709
27221
27551
24227
9074
13366
31321
15590
31706
39659
39669
28765
26639
28668
18223
33002
12604
30075
8225
38219
34039
32055
24748
11246
39619
34866
20249
22022
21209
31317
29184
10462
12840
13923
35945
22893
24474
13868
9522
13868
34457
29443
7601
29476
17106
12913
39833
31819
31032
35627
18978
16912
16972
13890
13924
13365
18844
32922
19204
24285
18058
28829
12051
24038
29263
29744
35891
39544
8000
10982
32764
34526
21839
8308
15518
19605
38868
35686
40135
8355
14478
25616
11975
12842
23524
26566
31474
26429
37489
23632
35141
23538
11200
10136
27213
22457
9812
36774
18245
11500
24812
14030
15743
13991
28933
10280
35077
26841
17055
34881
17023
9883
25924
15888
13399
21185
10823
10284
35612
20143
30794
12860
25892
23407
30722
24238
34166
37120
32319
39084
11750
24560
22310
25163
25730
20781
22209
13062
10285
30744
21179
39532
22666
19163
26980
31509
21788
21756
14843
29146
38827
30771
29229
15685
19945
12153
21721
14663
13909
34914
40470
17193
17504
18092
26743
39365
20430
26136
30606
36342
21344
28280
35758
38733
32432
19978
8949
8454
8028
11780
19338
9018
9574
30064
27428
23638
18139
28218
8140
16075
34483
16520
40419
26375
8953
14409
12134
11685
11820
35089
14449
10720
22500
33828
25858
14414
10424
29905
25600
22987
13664
38657
21372
32434
36119
23567
16950
37460
26435
29146
27235
23202
21592
16409
35245
32813
30202
20463
31356
21073
33378
20928
29300
39852
38658
13634
35391
39637
40556
34775
29324
29515
19824
36122
31319
10924
31620
17847
19051
34344
23146
22657
31270
23604
20748
37310
24957
11907
32171
27845
19519
8242
9016
23500
29342
40003
34306
16891
23275
16460
31634
21445
34977
24432
12755
20855
40101
12687
29047
20497
19148
33466
24469
33878
18590
30442
33431
17439
39258
13809
36435
12788
23354
37808
15224
18141
31223
34955
11820
11894
27280
36378
12275
10562
21576
13345
16595
26945
19181
33219
17334
40133
32352
30450
18959
39809
33618
16938
17088
27107
39244
32351
36924
34468
37362
36148
18920
13981
15752
24941
11464
17116
32949
19879
32599
23799
30599
11078
27830
40352
18872
28080
39689
20858
37936
30137
33055
34859
35786
14685
16209
39347
15707
37813
32684
38396
36593
20772
8530
21169
26200
19410
13085
35668
39139
11355
33158
18315
34920
8904
15301
31675
37261
11198
29754
38872
12098
13813
32780
30844
30607
15340
31248
28214
21904
9691
27884
20260
9406
34794
26748
18116
37231
37024
34420
22535
25249
15262
8775
17831
37107
40077
18504
21691
20212
22101
8207
40329
26272
37519
22047
24219
36904
36158
18630
34325
9714
35001
31812
25925
23009
15852
39471
17020
20438
40128
32789
15644
16759
28888
8548
14323
36655
15998
16519
15815
25205
27613
17234
37938
17746
35440
9888
28849
21277
21690
21818
33783
26250
13368
26107
20359
26851
25492
34098
31105
9876
33051
36168
37564
19693
9585
37539
33558
29988
21123
26313
36872
24729
20158
22217
12670
19038
16511
10455
10469
29175
40394
40246
36485
17246
17470
30299
18705
16459
19784
19535
9084
36529
29336
12117
29967
20620
38609
24013
36793
10458
18053
37208
26790
37351
17760
10045
12050
26830
31651
10251
17760
21053
22484
29312
20582
23672
30900
36266
20748
33441
13170
26188
31765
30006
18974
31619
17468
19419
26208
16041
19075
33882
11370
10874
10440
29416
31275
21877
19097
34730
9926
33669
18505
36215
22082
31457
30787
17888
13699
8241
10911
34413
12921
40434
17139
15146
33943
39707
9324
29282
39303
17665
9245
21931
14876
12408
30102
13346
31624
22075
17849
33272
20687
11918
30665
28974
20603
12321
14532
34716
33426
13880
23795
22072
19141
37385
15295
13717
17130
19301
32198
11178
39340
21659
37166
24277
18817
13722
14393
14880
15325
29269
26138
9922
11430
12396
24072
32489
25063
24584
18576
40374
35784
27654
13103
12425
24766
13657
11808
11648
18943
23977
31859
37690
13369
9536
35423
21985
22659
24615
40409
40295
37268
18060
30053
14607
37170
9319
18733
27696
35310
11358
25168
30774
8463
29157
15484
34793
15564
20137
26047
24562
33470
14127
37018
30874
39572
17080
35928
25814
35081
27241
38813
10881
14099
17320
16706
28648
31069
14793
19296
8843
11256
35562
17579
31522
13902
35867
19458
33503
35671
30915
12868
32243
31247
20799
28260
24403
25127
36043
38848
10684
8442
8870
23214
25076
19140
11889
39768
30292
33806
13272
15051
16259
36717
17781
12874
32388
25452
37617
30952
31731
23751
8813
26454
11403
24794
14624
36345
32492
33880
14145
12607
13979
35392
27431
24628
30795
20237
40879
22864
27483
29742
27102
12691
38047
24501
31175
29141
20067
25683
29359
40535
33197
9604
36464
23709
33987
35847
36891
11136
17133
24209
18913
24959
37244
21186
14900
25942
22027
10840
33833
21714
25093
12451
18209
36323
10088
11321
39336
19955
10952
39146
11165
23414
22166
15862
21396
28098
37794
29822
35704
18209
19167
12857
41077
13605
13414
11368
39444
27452
38846
9996
40104
27524
24923
17494
19178
29153
12644
26719
27360
38220
18362
34073
20995
37742
28981
25222
23712
31341
23089
14119
29823
9478
27209
9400
27331
15580
36194
27930
10513
14095
36332
29585
32244
32529
25700
24111
34944
17333
40989
27536
34614
39561
19777
20680
36392
28006
31762
13210
26718
26181
19830
38123
10359
19796
10419
16245
11411
36170
32375
36544
39281
20983
15643
8782
37077
29983
23080
20758
10029
11656
38171
28981
23667
13394
22373
18399
40021
21639
21942
13723
35220
39155
22139
29360
39082
35894
16806
28634
15791
16151
23981
12098
12669
35099
24021
10669
37395
14167
9648
37876
25143
40322
26084
39092
11360
15694
30255
23110
19666
30712
37032
20722
9995
32286
21064
22879
19038
29138
9384
34638
18910
28396
29964
37000
19325
28068
23713
25621
37493
13152
40451
16815
35047
17866
39938
25975
36034
37926
11686
39910
33767
19171
29553
20997
31627
34159
37347
30177
22236
21072
30020
15161
20711
15729
33437
39035
21945
21689
23048
36847
30404
23266
36393
39217
32389
40073
29949
16100
26468
39809
30162
17573
14812
33901
30871
26942
38363
8846
23126
39196
27500
17881
35583
9476
9875
20301
14439
20737
21112
22403
10896
20385
30664
9095
13611
32096
14937
23526
25179
28773
31245
14856
15036
12396
31480
40896
20132
11012
22725
19746
25769
14330
18773
10389
29027
16917
29354
19753
15475
26627
22532
21290
22211
10644
8777
34549
17936
29990
18346
33290
35238
10593
22148
23139
23659
24356
26500
23556
22559
36798
31503
32980
24034
27490
17889
39595
26615
29653
12532
25516
10439
12138
37027
26837
39721
34864
22287
33492
26592
11114
17858
20764
17509
32063
25234
27449
12008
29875
13256
15456
11153
29654
34690
15691
26379
28731
19030
32836
25155
32684
12600
17279
35693
40220
15006
32172
26697
14813
19170
39117
13732
28436
26599
20293
40993
25449
22527
24370
31289
14595
10252
34813
37761
38835
23782
34352
38187
10095
21501
33159
34768
36611
38720
41289
26221
19203
10301
15064
25259
28932
34441
20103
15971
13067
30050
18093
24161
14150
17555
11512
31336
38906
41112
18947
36471
40893
11779
25386
29003
38373
29726
35485
13349
12096
23250
13747
12237
30470
16327
36225
25303
17419
26317
11692
34085
36409
18811
17787
29869
14398
35349
20272
24444
41346
36275
20889
20219
37980
33184
24546
30834
25733
20481
19373
30410
20941
18359
15716
20887
33548
31622
9934
30038
11612
40054
17377
33010
15237
21369
40408
35982
35257
24143
17541
19838
35202
29607
12775
15254
25080
12935
35839
39848
24631
41197
14560
37704
19472
32183
30982
10706
29951
27072
31720
23215
35677
11340
8912
40147
39383
38566
26091
33674
13087
19207
36764
23669
10209
27322
16918
28367
22777
28542
31530
16373
31203
13356
35421
33062
22387
28825
11582
35463
30406
11454
17911
34666
41080
28438
24609
14287
11287
10824
30685
27435
40920
11782
14112
39017
30857
40757
40270
14127
11719
15182
17675
15970
18033
27396
15438
27628
37213
26663
8886
14781
22089
31432
33314
9231
37652
37278
38268
9455
39214
14760
29141
35065
40781
14612
17847
33123
39777
20832
8886
38717
30923
27839
34121
25590
32457
15038
36568
13091
31541
32807
9750
29052
34160
40485
29073
36135
28057
38058
24712
11066
11266
33806
13820
22139
25828
29177
18953
35690
21585
21890
30071
17793
13931
11928
23437
29114
32724
11425
34341
27218
31333
10338
34822
24524
39459
29983
39277
21306
40558
19715
25325
34232
21372
23746
27257
33081
34822
12924
22208
40582
35649
37861
31929
11395
18192
32675
27518
40116
19064
24055
27229
22785
22612
9376
40236
9910
20042
29180
17118
15054
30717
25457
16980
25457
41604
11019
31093
27323
33820
10342
33409
38591
19481
35023
25506
27340
28451
12966
23749
36335
33694
32774
18343
31416
17002
36009
15923
23617
32717
39685
31499
15469
12461
21691
10341
26478
20483
27186
37144
10378
14476
21887
26614
17438
18114
17545
39261
21219
22282
28266
23305
25200
29743
22552
28204
32512
18959
19524
18369
35446
12436
35458
37661
33950
25318
29099
17095
10422
14047
10623
9097
33837
26816
36751
9671
27306
20258
27483
20752
27472
35631
11703
38387
11073
35089
16243
29204
18784
25771
9018
39551
12124
34439
28347
41019
29674
36112
24327
17187
12881
22018
35898
26353
31532
15390
32862
24220
17003
23842
13708
33252
28316
31736
16212
16682
28009
21294
9056
11142
29025
27558
9555
39700
15611
19343
35319
31630
40663
37267
38296
24352
33608
20562
18859
21879
16144
15888
9652
14620
30570
36010
28518
26368
19278
32207
17931
37976
41456
34668
34086
13994
17034
40040
14935
12840
39259
28050
12928
16958
19951
14040
25126
20583
36514
27833
11546
11588
13664
24061
20824
24559
10670
40355
31023
32653
9198
18715
14498
19234
13790
32437
31247
29610
15459
39002
40462
19557
40581
32378
21148
21874
32186
10053
25977
21663
15207
38430
38350
28800
30628
28492
10515
33214
27968
29683
18224
36530
20228
31299
25058
9522
35388
13808
11105
34475
37492
25826
24640
23152
39552
13357
26772
23122
24255
28995
37976
11633
25760
23401
30480
25938
21348
10599
9901
20785
18982
38788
25009
39832
22297
37297
24723
26160
29714
19973
22117
22488
11334
27497
25780
20724
20308
26773
34480
14855
21894
34619
14220
41093
22867
28545
22568
38370
18985
10165
38894
34031
15466
13372
25850
29030
31413
29644
10109
21955
15462
35804
19555
37718
9568
31064
25395
10391
29450
39320
21303
41401
31383
16275
27614
30594
23691
10576
21598
20569
37242
27038
40605
22433
13331
39429
33106
40773
11358
26876
32103
16276
41026
22620
29347
10576
19786
16405
26501
24065
12201
26912
34931
33423
39547
21685
41492
32784
9549
33725
39674
9951
37600
21130
12420
34798
38186
15558
31490
30813
37534
40361
32027
29515
20653
16495
17004
19948
10125
21770
20850
29147
41785
40212
29866
37298
13753
25863
40694
35801
24227
40368
28483
28571
27618
10721
38761
22655
14262
13415
10834
37845
34812
41531
38239
17551
29360
29949
18695
31058
27568
12701
21698
26829
24514
40796
31269
18506
32985
29427
31566
28802
10132
14865
10370
17590
28168
39691
28949
36859
26559
15567
31626
19670
39680
27419
35068
35592
40785
19180
10173
26539
34107
13112
31036
19326
27469
32223
36652
25470
25700
25824
41954
34742
37673
16328
12799
33879
40666
13681
12112
30987
25934
13800
28402
17031
36403
20655
28346
41567
25499
15141
37843
39199
37815
39746
39593
9879
16353
27271
15878
25718
31968
34101
22907
12059
10344
14782
35586
20647
14305
27769
38881
25175
25705
41881
39122
22545
22556
36704
12640
27196
16531
25232
22164
20949
27306
36643
26833
35519
19335
15163
9469
36955
39640
33372
12513
18521
25179
22233
18131
36814
9892
38796
17554
40582
36123
11722
41329
13467
41796
18326
36792
17990
11075
33301
19783
39414
37279
38979
26492
35999
28742
27107
30295
28757
17105
28348
37596
14617
12298
27138
36025
27635
36011
29203
41769
33857
31593
41060
17688
17230
20017
32186
40072
40486
36018
32413
26931
15785
17435
41993
28274
17631
33830
37992
30813
20875
11605
16573
15412
27395
29819
27170
38910
21310
16255
39796
30063
28207
16221
27469
21519
13137
27501
39474
16025
23940
16872
24846
12193
19735
29096
33759
10618
20518
20783
31920
34135
17702
18155
21191
15792
19390
34489
29215
14312
30680
18599
38681
20780
15097
23806
41582
12958
30669
16768
26984
12467
29703
39918
22098
14809
40040
15821
27949
39006
20252
38250
34980
35725
41037
12316
25410
31770
19699
12745
16611
20416
20457
26027
19560
41000
19782
19540
32175
22797
18410
19184
39875
33182
21847
24523
12111
13603
17347
32787
31065
36580
26219
33502
16940
36166
31785
15726
38038
12344
25673
13492
14676
22221
38297
34836
34507
41002
35775
31080
22777
21411
40655
13895
17834
37921
31005
18055
24815
25287
40784
17408
9676
13525
16056
16275
22321
41164
13794
30572
27947
26323
35689
17027
25180
22617
18190
21865
30121
25340
24843
17473
13362
17065
15269
26124
24455
40709
23297
32043
33817
38924
20280
18718
21486
34296
33965
26002
39321
28773
28319
39579
22378
32946
16378
33342
26338
29610
9843
10034
11369
20068
15315
32999
13123
23143
41363
28872
17857
11538
31402
42174
21940
15932
14243
33525
18727
21015
26866
33506
32590
14938
35720
38789
41401
12959
33701
36587
38349
23561
14830
35576
41589
39979
36543
30563
40469
25381
38850
41218
14528
40208
23489
21064
13994
21149
32952
39180
12000
15608
41007
39307
41526
20723
13766
37553
32385
34144
23570
30612
25095
22718
19367
16962
13108
23065
20598
25532
24719
14635
10586
30018
23788
41415
34285
36561
11234
26232
38560
26347
37503
15973
25355
40854
16443
39543
23169
25767
33835
21950
21224
16192
25207
17681
27079
17048
40462
27125
31649
30202
35480
19649
42370
40977
15021
16895
34007
22370
24132
40724
10626
31770
25966
41508
28206
32522
15172
37168
10976
39408
11549
21633
30159
23800
20997
36938
26230
13698
34411
33161
36583
21030
20506
41518
40802
34805
15979
22655
26662
40194
39608
13755
11655
39970
32019
34813
33345
38383
39224
17252
39948
29459
22465
34417
22129
15299
36761
15792
22491
30857
29619
10907
36081
36935
35068
20923
28195
18297
14478
37904
17283
17594
21030
30643
23255
16010
37592
25530
25580
13902
33793
21340
26413
25752
18046
17494
35443
15017
40475
25740
38943
40244
20814
17140
31847
15461
12582
34736
11501
11554
23934
30586
11926
10129
39286
17989
11673
36570
17444
32033
23510
42542
18822
30560
35178
38664
40891
15095
11136
11442
42099
12327
17769
26892
28325
31836
26608
22153
26752
33877
15079
15226
17827
22917
17670
37519
10640
38585
26102
27802
37470
28668
13992
40855
23471
31159
17387
26346
28130
27421
22334
22759
28042
24518
16866
21911
32542
23706
24116
21177
29426
39921
15162
10504
28005
25849
42620
18108
24412
29271
34837
27475
25328
11281
17673
20625
20580
14507
39897
25798
40794
10640
12117
31311
26694
18100
13234
36959
39458
15736
29148
39168
14436
14030
38157
24660
13613
39069
30367
31009
15299
30311
23583
21132
32577
29993
23458
23333
24973
42626
23132
21796
34443
40728
22894
16370
10128
19512
34048
31468
15130
19644
14736
34147
17598
20786
29577
32743
24929
18234
23832
21189
25515
21552
28219
40398
38073
25355
21275
21850
27922
18821
35995
12429
23005
18557
32561
19673
25169
27545
25589
10948
16748
35887
20471
26604
18408
31590
17878
23112
39531
38808
34190
28848
40958
20731
36498
31904
13504
24961
34843
18745
29915
15356
33727
41864
13240
30342
20037
14347
29551
13344
17080
26993
28802
20889
21434
33954
38346
22962
16155
30207
27825
33919
40874
25579
23970
17936
20811
21130
21694
12369
23370
13512
40657
11311
21743
36510
37508
19964
30803
35985
22996
18709
22385
13435
28610
18114
26496
37773
42572
42077
22145
36245
18589
23735
24340
12669
11649
41143
36495
14100
19995
25412
12625
35346
13530
23653
22868
34390
22697
18343
13058
18801
14438
25024
40010
15720
19094
26993
12786
16566
38231
10161
18223
36753
33429
17159
31603
21102
17537
25144
25222
30151
24127
25122
29400
12060
42207
41704
11798
21304
19599
12367
14331
25013
22031
18792
20329
27074
28773
35696
23992
11300
41681
17396
36942
40571
21251
11832
12399
13255
31628
40922
11607
36394
42643
26803
35974
32240
32969
27134
13404
29132
39071
10428
17637
15460
40374
24407
29430
21264
13462
21125
39289
27103
12964
28015
29957
37084
22094
26899
15794
13967
20361
33510
37675
13254
11389
34494
28420
17557
32382
12272
37198
37531
19263
42421
39785
13447
40514
38611
19738
18139
20115
14457
38877
33264
19638
11370
31869
28986
36062
37469
26337
12238
24928
18596
31785
20001
22886
40973
36602
17683
30696
34566
11797
39468
22232
28676
33071
39205
35485
30501
26621
18090
22979
35604
36750
28766
40177
40237
29149
32288
23323
40161
29607
26765
30200
16988
38010
30917
31415
27750
25871
13682
27374
38279
14297
41223
37331
42095
16350
11590
14766
39828
37318
34821
21902
27677
15153
42289
29499
28671
25678
10771
35181
20326
12202
40402
30267
21846
19525
33594
16854
30610
28139
16315
31095
38333
40897
29621
13974
13247
42271
42995
42589
13162
23709
29813
42332
20830
22897
33906
17278
26921
42744
39837
17468
17587
27282
32936
28432
31450
22451
28934
17453
41305
10807
33270
26989
21998
39670
37565
25483
25276
33433
13362
28562
33262
40620
10624
37013
33949
11508
26152
42401
24819
20738
11589
39920
27537
30728
13844
37215
16431
12012
31155
31522
40322
40603
36393
42167
14435
41632
12967
39704
18989
11765
28942
22581
24167
29208
30896
17057
41891
31842
38491
21900
17317
15765
28052
34033
34504
12212
22304
12816
18078
36375
35017
17439
29655
21438
27230
14653
13156
29670
15356
17319
22236
32986
29068
18222
13342
13580
26509
19177
41016
37476
21780
13095
37255
35800
40720
22439
11552
27965
28883
18956
17263
30044
15822
24715
32798
22089
37020
22759
20792
36848
19267
42911
18831
22769
15542
18278
33371
35246
12190
40147
16419
15777
22105
16986
24289
40692
14403
20603
18785
36939
33845
30265
32746
10469
27724
30158
29216
14051
28396
22941
12329
15335
12548
30056
14095
38881
19859
34755
23653
22054
15979
36808
40238
20675
16949
11021
21498
40464
25525
36819
39506
31880
34383
30592
22870
12503
39882
36176
19877
35381
26453
13639
33405
33011
29127
16234
34852
41811
37675
23342
27014
17565
13692
24369
42271
41583
13485
14632
11547
29781
32748
39448
12988
39321
24616
13002
16637
22877
34769
38009
27253
26854
20447
35277
36477
11323
17941
31757
31125
25839
28807
14480
25860
17211
27226
10868
39359
36176
15819
23699
14988
20714
40818
22451
31079
21289
28360
12541
15397
12957
40936
23729
29783
28575
29330
39191
11889
20200
39541
34233
39980
19036
15534
15055
40488
33831
26252
29947
37078
28683
24982
10550
24725
42744
35023
38154
43291
39134
33592
40707
25623
37055
34711
39776
27412
16136
36215
18701
20641
15905
36720
39638
21679
17731
17064
41173
30778
32138
26522
42540
29740
11595
38934
22266
38782
11687
13961
33415
20640
24160
25215
19906
26139
35820
38502
27118
41589
31688
21141
41880
30548
37647
31117
24012
23527
19275
16766
19848
27266
27019
24333
35185
33160
11190
19796
16837
27534
24606
22314
13457
21181
39768
17829
12836
33656
32844
22494
17859
16959
20104
26612
22174
14548
10970
24916
21763
16028
22045
27703
18386
32839
18003
29292
20017
19124
22004
24919
27008
32014
32134
19770
41872
26172
19310
22963
25871
37240
36358
35718
36935
17981
25583
26525
13321
16231
42665
33613
27363
23958
25440
27099
15001
22739
22025
31551
34771
13686
39598
43047
29204
32838
35078
12095
11243
38371
28233
16304
41837
31073
39234
42214
36578
32310
27814
24471
12735
18774
27556
20481
28117
28060
29885
21875
29895
42860
40662
34574
11713
31639
27788
27085
41831
15742
18887
18371
36364
16507
34706
36004
20005
14460
18986
19335
27389
36337
40276
20970
27050
43241
41716
27639
36927
30583
36828
15878
26947
13147
27362
22370
39778
10974
16949
25168
26979
37118
19185
38221
28250
39115
40688
18840
27167
24593
36068
23280
12798
27959
11938
13471
39344
17511
14785
12215
26762
22512
15972
42652
12021
22504
18516
25026
36894
42261
38482
16824
21487
27406
23467
19046
21821
42397
16396
29587
41027
38248
37272
25258
21839
26576
23864
29117
41915
38426
24882
42954
28959
16332
36350
34365
32965
33882
35157
20407
12125
40962
26506
11278
38642
20469
36637
19861
12061
16823
31374
31645
15737
37320
19567
42555
10838
40324
27069
26444
36274
11336
36464
38071
34917
13270
36945
18418
15771
15355
17420
32456
32903
42351
14470
14681
35414
22524
15472
14690
19554
39906
25117
18110
12969
41595
30096
40237
27261
33307
39130
26453
33149
43322
31395
27398
28867
36053
23302
19138
26719
38417
21154
32893
28420
37666
36845
30113
43522
12139
32460
23637
24948
14054
36449
11775
38075
43207
35108
29447
13099
23900
13110
14303
19715
17208
41714
21312
20643
30608
34756
25014
43001
15845
21310
39518
19005
39651
30824
24814
38366
38538
13656
14583
34492
27019
39683
32359
40087
39413
18259
34642
34247
19216
34170
37618
25134
17545
18565
43500
12908
29904
13364
21460
18257
29375
43017
17908
17816
17020
32927
28489
37330
24992
33597
34255
14496
24217
42923
30975
42789
32589
13380
28053
18363
15103
24653
42646
22245
35703
28805
32658
33926
22877
33277
23590
13648
34791
30506
12486
30846
25524
15161
35001
34246
30967
20386
11621
22409
38103
22528
21197
13646
30230
38944
27992
17006
28913
39000
38100
25872
35400
25626
39098
39256
19967
38600
43444
34012
25764
43722
15452
24152
11346
16095
35143
32162
22741
17840
20034
42976
24334
21419
13531
27640
12185
32526
33316
41800
33966
34370
29619
27288
18245
12395
28141
42828
20350
39997
24453
27870
33855
28945
32319
22156
40479
42552
16634
43342
37251
21647
15085
21003
25606
18003
15409
37900
28959
14647
23423
31665
25086
34484
19772
26979
23734
42657
11186
18633
11937
16387
38049
18495
30208
15398
16374
42116
36579
36845
29658
23730
18249
12134
31214
25204
40583
24481
31189
39539
37870
23235
23796
16657
18600
31318
40821
34650
30947
23523
12946
31799
36914
13251
21520
38373
23855
16946
32521
28582
43110
40613
23023
36791
12910
19806
17870
18817
23897
21309
29393
36883
34127
15321
40456
19664
19573
17871
23656
36453
24083
43354
38676
41983
27895
11556
40155
30906
28948
32092
27905
17244
26735
30985
40770
24131
40764
27038
36116
23452
17219
22734
41005
43478
18057
30881
27205
23638
21805
20936
27165
27757
25232
11310
41408
34439
37304
26063
25096
14245
31991
11213
28517
36621
41159
18880
25562
34879
28153
33614
29256
20780
18191
11261
28399
16547
27878
28996
16690
37132
40600
35560
41626
13144
28832
17798
20254
20024
40767
39787
35490
15757
24607
20396
40893
42528
30519
16244
15295
29076
37614
23960
19443
18073
13187
35953
16417
20834
41388
18922
22103
28760
14461
25048
21481
39184
34444
39562
20407
35194
35411
36769
29102
39260
36309
12066
19346
16383
25989
36042
12026
41513
38499
32674
42140
15434
42856
15827
26826
31994
41508
27322
37181
25507
34470
19263
16402
30587
13980
37987
34834
43702
39867
34841
26166
32249
36193
21591
29802
30737
14713
26732
14738
17893
38048
13460
15051
38569
38277
34762
12787
34901
16278
32733
36203
14422
16601
16326
40219
19587
42775
24633
37047
34898
28736
20090
43841
16972
31243
36210
20432
19902
38109
36098
19343
11442
15852
35735
33032
40477
17572
13823
22691
23642
24394
31099
39529
40919
29407
15381
38158
14863
37447
28467
13871
23736
30890
12397
30680
24893
33563
27804
18249
42094
28023
14643
18682
19063
22160
22483
40412
32526
20363
38937
36322
34289
31367
35771
15296
12176
31872
16595
17907
34310
18034
30330
30977
17998
31169
32665
30466
31156
27608
18428
30815
17289
36112
12200
35290
14107
14036
12399
27598
18917
42244
33217
30392
13826
40598
11973
43255
24808
37251
21160
16848
39506
42465
28470
36277
18302
35916
37287
18375
20121
35723
14779
13465
22136
37233
14089
23095
11912
19200
28819
31079
29448
34773
19103
44078
16757
27840
40642
19862
37190
14770
31294
36527
34010
42716
38542
23764
18095
40213
16446
32047
18132
19836
40960
33152
27809
27743
39421
31257
37029
37724
14185
35117
21216
36550
20058
15179
41266
39499
23514
18726
33300
20691
17466
42647
30598
21418
28074
33509
36424
27874
26887
40515
27981
12531
40180
39066
31085
25509
42796
40329
24922
42032
26647
37291
42453
42145
27803
42264
29218
28799
43572
28462
22713
34479
16711
30609
18494
19093
14771
20592
19635
36988
28074
42506
28909
18744
38591
26481
21572
37129
12607
27790
18575
42435
43461
15718
35920
34860
35081
24219
29995
19622
37369
18230
40605
24334
34315
25507
28906
15843
33745
18941
37975
28843
13262
33677
42138
15762
14216
36749
14479
25173
36574
33585
37420
21598
26524
27368
35511
19505
35661
20703
36662
40966
24400
36038
16680
12727
43822
16600
36722
29661
39211
43029
23452
18998
42267
39378
32573
18763
28023
26228
17844
39247
39600
29049
11801
32841
20675
44216
35188
22390
24334
22761
18732
28648
41570
12135
37314
43636
19801
22837
26046
18123
35562
22335
31978
11751
12090
16355
39871
15273
27317
30128
32541
19392
13150
15214
12351
36300
22627
18782
21741
25795
29685
18371
20467
21908
12118
21152
17875
18699
36148
27332
22967
42229
11829
30724
13993
32900
17363
16584
14598
30709
42346
31433
19504
25455
15247
22808
20612
29999
13732
15203
40332
33506
15785
25204
29813
32338
40533
19962
30403
24901
36710
42892
30019
37026
39989
24299
43841
31446
22669
23431
14844
30070
22461
26437
30807
40486
39404
13952
27345
17081
25517
12622
30647
38042
13268
25092
43929
43882
19335
44284
41466
39658
31896
13717
26187
40988
12818
38012
24859
43429
26385
17194
42376
16246
32727
24750
13049
36267
14621
13229
32527
38579
41383
36263
23512
20658
21019
29563
36422
12835
22291
12078
43232
29122
33137
12008
32440
32169
37107
21823
17053
28089
27911
40632
42641
30011
24544
16523
36734
38855
34761
42151
12580
42341
29369
26358
42582
16883
38952
14306
22886
31687
42274
18456
20702
13717
20122
41356
13424
26514
40448
37309
40496
31705
27670
35130
35841
18958
32255
37989
34125
30274
30872
20855
18682
14103
40460
34756
38809
18213
35235
17473
28128
34204
24027
40771
17242
35370
39098
36745
41309
12319
33378
28285
42557
23759
27110
37303
18623
34103
42076
40387
28624
14052
33332
30244
12919
43025
11976
28312
21513
37648
11827
41374
20636
24811
28007
36918
36285
26442
39034
28392
33638
15767
43841
17415
28970
28001
28704
15159
29619
33278
24864
21037
36462
15221
40770
17078
32133
26779
29716
19963
25614
44155
37249
19715
43650
13051
33773
43641
41328
39101
35458
43440
15474
35396
18884
40676
31073
24152
35948
31939
18373
12203
34419
23339
33935
14780
20077
23350
24075
31996
33048
35956
13328
28208
17205
14199
18554
13590
38294
12693
21465
15947
12153
40425
21099
42092
21268
16283
40264
13435
20593
16737
41949
37253
43644
38470
22939
15234
37467
22443
44016
32125
44285
17547
38007
34549
22262
17923
39788
13442
23178
40209
24162
19388
19463
40348
28472
11864
32857
39604
40777
18580
20952
26652
35555
16086
42852
38149
30971
40591
29108
17437
25374
38502
37611
17608
14763
31123
25708
20909
14400
37512
20208
39029
24178
35031
43222
28367
24769
24144
20154
22712
42442
18281
43592
17401
41919
25316
39762
40177
12821
38059
30497
41108
41852
34815
37385
36788
15380
40145
34624
42880
22494
17520
13041
33610
21873
37221
37515
19341
39150
32411
32607
22062
15157
12740
30570
39938
14681
15607
26735
42897
14418
41886
12618
24857
12530
42639
19840
23510
38939
39801
24346
34945
22318
21378
35508
28951
43206
21806
22993
25051
44455
28035
38769
41886
19953
23659
23270
43838
15002
41049
13539
25197
41754
42287
13014
28083
29544
23136
44151
37814
44582
29777
36769
43450
14104
23814
40546
43364
41435
38906
21326
21443
22740
40270
24600
34193
12390
28710
31331
41141
14952
29777
27349
12045
28118
18216
37485
41579
30406
40888
23063
21981
17054
31267
16510
13362
40069
37443
31266
42937
28183
29073
22442
14156
30813
37957
26235
29837
39164
27071
32649
40816
28588
13350
14445
41722
30700
35663
27321
20296
27381
34528
17800
29906
32236
21429
40281
17649
20571
14466
28189
39839
40674
19898
17294
38526
36394
27824
31683
40221
41499
39421
38913
15990
13647
28449
36821
34747
33990
18285
23135
14418
41947
13344
41457
30494
27766
31696
21977
27904
16260
43275
36474
26781
43428
27711
30626
28514
16419
21719
13591
24518
18987
42407
30067
35023
35383
18570
42802
23256
15306
42313
33802
38289
39265
24511
26235
38727
32422
16699
40358
12646
31462
20774
13154
42556
26565
24806
22669
13311
22577
36609
27552
20754
29588
34182
19846
32132
37198
30633
30895
19930
43106
41645
36448
37646
26479
22023
20045
17367
35043
18112
44137
35627
14187
12827
30973
40962
38574
37752
20215
19038
17466
29048
15493
14728
25790
34402
23011
36764
37243
18373
17010
17991
14837
37215
41993
20688
19950
30526
22671
40789
17300
33573
15818
26456
19962
24881
16242
21882
22469
16316
18314
35973
38440
26242
35056
38320
18450
18690
22578
42527
30117
38952
34467
23978
17387
38696
29614
25311
12484
14253
18539
32842
19235
16691
37232
42740
15226
34737
43754
31273
12403
30076
13036
18558
33761
27752
30214
38419
44022
16944
35354
39958
19638
23576
35691
24968
32171
44496
12279
20804
38875
40860
42247
28989
40951
40882
27396
40711
41173
25315
41868
30105
35360
39038
34245
16465
26447
38258
27889
40760
33491
15026
13635
16520
18837
39646
23281
21355
33439
41759
36747
38918
44825
19283
14731
12470
42616
37226
37421
39065
17138
17423
21889
25425
12853
24715
14526
43524
15960
34791
39641
18855
41746
20305
41814
22141
17194
28610
17247
26842
21038
39133
19731
42797
18024
27417
38176
12605
42766
23842
21140
20659
35513
36989
12528
37593
23064
22891
18558
44961
43750
32273
28901
25065
18201
28885
41467
38141
13405
35339
22234
35678
20416
34001
42806
25282
20911
17207
35566
39259
20001
40356
31712
30812
34066
16757
27138
34746
38707
25318
13743
28463
29408
17974
42046
26757
36178
25606
33497
42769
15382
44291
27532
22654
17085
12484
24733
41676
26838
44021
12828
17303
44057
16822
25018
13469
25317
25662
30943
31099
25325
12484
34038
31415
32814
17055
44556
37379
30756
16812
39833
43968
40253
45040
39837
41410
22158
14974
16367
13139
18372
37275
26066
15994
13662
35873
23498
40573
31002
39457
39342
21412
39597
19148
16125
22592
24759
27028
19317
18156
28150
30350
17890
13843
16058
32283
17717
27826
39577
37831
36821
21599
20067
29809
17722
19595
16985
37805
17847
17156
16537
39014
19607
13757
32733
36040
28780
33234
18021
17756
32164
41927
14642
17269
24413
19729
43893
38604
35451
29399
33351
33383
40695
14841
32922
26815
13177
25682
36720
17185
32554
41786
22091
43093
21955
29519
14308
42622
43499
25974
34591
29761
35263
31004
34879
15657
18866
27586
37462
36170
20887
41400
25856
40997
16380
35880
34385
38604
22458
45143
15628
22855
27594
13352
31510
42805
15706
37858
19498
39862
32800
25906
40141
43145
30959
19316
28037
19570
27272
33070
17990
35039
17586
39645
32301
23242
18829
26357
43889
15073
40227
36643
20374
26853
29504
24277
37859
34384
20356
21244
43543
17466
35766
22288
42328
43133
39003
21333
24428
44568
43911
28766
15915
17617
20980
13263
27956
29727
38481
23143
24544
42310
13020
37693
44916
22724
33075
32841
43419
19180
40039
40999
41747
19409
26963
34072
25254
20069
31020
32074
14428
29410
31321
36953
38127
36969
43908
30229
13695
33257
34033
27270
14215
14915
35854
33581
43280
25516
34124
27021
26916
36434
30766
40682
27782
12866
14751
44369
15008
34953
28809
27096
14013
32665
18595
44071
35192
20207
18315
40759
15988
28147
30740
36698
27214
29216
24545
22908
27856
39012
29491
24488
41832
32202
31487
42702
40920
19286
41284
33219
14126
22832
38811
28041
31991
36102
35856
33489
32432
30635
24624
41150
21373
30212
22115
13548
21534
22820
43388
17585
36638
22966
17039
39842
19789
23195
33026
17241
14961
16085
18663
43126
34361
22180
19337
37092
37234
42990
15941
18270
31613
38372
29596
41009
41985
44003
35462
15171
29917
36760
43016
42836
34913
24168
28424
19076
32701
31247
43617
13333
40377
34951
23859
15219
31143
43819
44412
36977
24214
45340
23789
41174
43721
18660
17398
30488
17256
30041
33572
30311
28788
18884
24236
38893
13568
45379
30792
36181
30623
17772
23361
27786
36633
30771
36557
18625
34658
38158
41628
23737
13004
23895
27054
43585
23419
17393
22375
13052
43289
35886
13029
44641
36556
20464
38033
24837
21861
45327
25076
31005
38363
14843
15309
37950
14327
45475
37472
21096
18768
26261
21520
39491
16506
13670
27184
29352
32891
20052
30743
38243
45182
32298
36978
40760
15308
32356
21727
33060
36343
37012
13239
38628
24408
26884
14378
34492
42428
44189
41106
20081
32091
34311
44801
41367
40458
38418
26652
32019
45233
17237
13357
37848
39166
44309
38515
30964
34651
17768
28349
43728
26398
22169
31031
25523
32000
30671
32899
21385
18897
13546
30219
42723
34154
28078
25750
32574
17890
45091
28954
16520
42757
37435
24017
22496
34305
20150
17295
24478
42339
43331
30035
17555
19778
24040
16924
20626
15290
40867
35070
15918
31133
27218
21364
14790
26468
43984
27128
29631
38508
34913
38609
43025
16991
15952
35629
16133
32495
27862
39535
27453
28107
16958
16330
26868
37067
21831
41487
17031
35950
44490
35267
15924
28295
16540
32117
22818
19763
25270
30798
29602
21006
30611
28394
37557
34215
24282
38502
23246
28465
25917
41403
42969
23675
15521
26954
26235
26146
16255
45240
37532
33797
33674
32507
32547
17913
32658
15541
19200
33982
18600
36033
42864
40754
43651
37644
21372
38853
40738
40359
28867
42541
27059
25626
38266
37211
22708
20730
16305
26029
29528
35262
36312
23397
38444
43214
24705
33114
17146
24029
18792
32749
42989
26745
27568
34879
41463
41184
45423
17313
15984
33558
31341
22348
32768
28724
43049
20563
27326
39427
43805
35797
39833
19657
30019
28535
28408
35683
30168
34321
31389
45460
33376
21672
24271
37021
20714
31645
45752
14862
26517
30755
36876
27867
42323
39414
33259
22706
18413
33099
23305
43916
37704
14594
14092
40323
32230
16675
43829
28387
34479
40328
27203
35971
38898
15575
24468
20054
39847
19380
34190
33853
42231
18484
31549
17695
21246
27028
40253
13372
20687
45099
42459
45246
38584
45469
39031
41873
20680
30034
31789
24437
36495
29990
43444
18258
40997
38498
45189
44747
17518
44780
38720
43285
35995
27322
31564
14858
39156
42380
21438
40313
37589
36059
23421
39105
34807
40460
26275
35486
35569
21738
42790
44354
15615
40531
42167
16040
42241
25393
27626
33573
30663
16301
14488
22080
13707
15007
40834
15811
16575
37192
31542
45842
21002
27459
41015
38588
28045
35513
40024
33360
15722
19669
34153
27762
30087
36471
39701
21293
42127
18733
16395
24715
38458
31839
36444
15715
43727
14025
35620
34419
18407
21550
15725
38830
18035
17227
44112
41431
33280
26635
34909
15951
27962
28153
33854
29996
20399
40698
41110
27018
37078
37436
28463
40998
13392
18282
37205
37929
27501
33314
30077
36417
24562
31144
38955
29174
39962
45276
19474
30012
13274
35433
19836
30276
37737
27968
42220
25496
38656
36165
40194
27239
20447
44103
20384
24349
39568
26422
36427
37943
27247
25488
43476
37718
28266
28957
23863
27794
29446
29660
24515
36880
42402
43581
25211
26071
40192
41872
31933
38879
19201
31422
19489
17003
15280
43319
19364
32409
17794
34347
42502
31544
36573
17917
34672
38873
36054
36341
45658
13865
24383
28725
23468
13694
44513
25582
37411
19631
27398
36307
13559
13865
40763
27854
15803
25151
41555
16114
24964
41922
26031
45746
19789
35538
13245
14416
33178
25075
35007
34712
37212
33124
26830
44493
18453
27820
22302
14308
31548
28277
21123
19696
35555
42653
31540
19678
21911
16011
17872
18274
41864
14271
24478
24369
19690
34989
43033
28017
40858
31692
25516
31085
18437
34026
35770
22670
16710
32962
24545
35463
37006
37584
40064
42447
20425
38244
31350
26708
19326
20470
23597
16494
14327
26553
19416
25105
16803
15986
44792
15432
31928
45963
21285
25310
30748
31587
14347
16478
30598
33001
15027
42047
39137
34153
34308
33112
26865
29350
27785
28826
43832
37672
36724
19453
22811
42199
30435
30139
40001
31177
32611
40893
18492
39769
16562
42834
38763
41849
20938
22823
44830
16457
36378
45428
44796
38376
16407
27763
20386
29321
21747
31510
21645
35018
32172
45049
21818
42050
24905
14486
41355
35929
17505
14008
17773
35165
18908
36402
28600
16338
45309
15056
16471
22025
13473
17038
16808
38900
28609
38920
37157
36152
27454
33074
31557
13700
14558
22089
36509
24353
16273
44297
27211
19403
40186
17441
19348
38848
16426
17124
40652
38678
41391
41281
38774
40273
15565
19445
37805
25397
44555
22783
20163
32473
39666
24660
42791
41469
18193
19669
31628
37533
31300
14718
25415
37319
39990
44768
17913
42153
43301
21713
38511
29678
25573
27746
13510
13643
26920
42513
15315
21332
34812
43072
15810
18325
33685
23014
46076
23262
41549
17797
42575
16350
44521
43100
19785
15347
18718
33245
46052
21057
15956
14177
40041
42242
43945
40987
44174
33052
45113
36170
42209
18425
32413
41651
42858
43923
30897
37711
20876
28878
14490
38465
44333
44043
43784
43018
15639
44026
40633
27648
43165
34479
27967
16893
19073
31993
41218
25684
42773
42991
15496
41481
36257
42187
34548
35137
26885
45820
33229
38391
33695
30838
27649
14577
17007
24653
30250
19186
39801
18306
35855
16434
19307
27677
22382
45067
36480
21115
24569
34037
24740
38122
27806
26804
35033
20851
35339
16592
29657
43511
23154
20294
41469
35454
37513
19325
44125
43467
18390
34683
42297
30772
29737
30041
22424
28848
21098
41204
43566
32818
30868
29158
43395
30517
21250
18869
32082
14744
25834
21065
19759
41133
29223
37028
22637
17293
30267
36813
17727
39342
35988
14349
27421
43959
44558
42590
40042
18066
26554
38945
45907
25795
28382
16143
26106
16889
13884
37234
42452
19683
26775
27285
36431
27461
27764
36729
42681
17483
21790
27593
31581
34077
25836
39696
20975
21427
33990
37418
32042
25579
21734
31993
37815
25305
15068
42073
36433
44126
37077
28757
37159
32508
23068
23195
25729
41448
41185
25901
24743
45409
24890
26970
20735
34113
42343
21229
37493
26066
14170
39844
28959
33506
35703
39651
35105
24858
18584
32170
44751
45451
37204
31429
41490
18314
29313
38722
37133
41150
39671
36648
44544
45943
16535
13926
23660
30529
22156
26122
14712
23482
30929
18867
33683
41376
45299
41289
42331
18990
30745
19179
26557
37033
39489
43305
36702
41526
24268
14708
26938
34798
39485
28370
35468
30516
36158
42199
18413
31814
46308
16080
42943
45843
28723
18241
21452
33357
40677
41874
20011
36030
40295
45061
28004
19679
16933
22507
25555
36519
16391
32280
22098
15265
37435
18836
17938
44353
21814
43667
20938
31096
45301
43943
37396
28038
14473
25397
38163
43792
25298
39206
15706
39794
32907
29918
34825
44374
21382
18290
32313
36998
43833
17941
21915
25598
43642
18644
33883
35398
39559
24964
19531
38910
28489
24312
33085
37050
24794
36983
36528
26129
15940
23916
32944
27889
23948
34144
37879
15669
19695
39974
37208
44922
43371
38485
30814
27950
16001
31228
15664
18153
21306
34704
40375
17665
18536
28457
20995
42585
27694
26094
39915
16761
42690
45006
31220
31716
25714
29042
33141
19365
24805
24175
41976
30508
14244
38847
25570
34648
24024
20082
15447
40917
26966
32417
16472
45480
18648
22180
46382
15368
20877
40580
44044
36720
17877
46003
24304
18162
14661
27899
21706
27598
30194
31413
37088
30531
18156
38715
20849
42661
19464
39840
41368
21936
15075
19614
17012
21276
45347
29647
44934
25457
31744
39200
16986
26141
30980
28804
14698
20676
29710
20453
42559
29911
42653
16736
34521
17256
15435
34225
36433
33597
32920
39660
24765
44323
39401
39791
18004
25220
30161
35092
39379
45628
19086
22699
30239
40873
20951
20903
26411
40961
41173
38423
41500
33257
16751
26328
34987
29507
28874
30729
31691
39239
42768
27072
16780
28373
19569
14587
33344
23817
16232
15578
41180
16913
36928
33803
29345
23099
38358
42629
39419
16210
16288
24441
34985
29227
18670
33669
27934
41595
45424
42796
36647
43243
40697
35203
24527
26479
35970
38700
16512
33747
27250
39304
17770
45207
37917
26153
30504
30716
16010
41606
22433
15711
17529
28659
44589
26822
29604
37840
24314
28857
16198
28672
20909
46675
31706
24477
43852
26520
34853
19433
24411
23561
34678
36232
23621
40822
37165
28141
22270
40724
31098
23827
31207
44239
38759
44909
31474
19681
44057
30751
23814
33188
20306
21358
24741
35236
34107
46453
26572
17401
24929
37146
20762
44756
23293
27457
36405
46167
46712
44608
31082
14762
43054
20882
44691
42059
38003
43471
27454
18853
37075
29915
14859
31973
35486
30302
27990
44809
46757
14453
44310
21817
44606
17576
39941
35163
23950
26907
22530
39138
42759
24072
22963
30182
24623
24428
30574
15994
35747
36609
36698
20026
29788
45677
40145
36387
36402
41401
15625
30376
16286
31236
26356
30721
30916
26745
23140
15559
15281
41342
35443
31422
31201
22574
34594
17906
27396
18954
43584
39429
16641
45803
35726
36295
23868
15676
32800
25863
27413
16997
43270
29865
33713
28554
21804
36089
16124
41590
14975
24127
21998
37586
19025
35732
14862
39835
42239
24563
17973
14547
28881
22931
27797
36214
38945
32628
34297
34223
45760
46392
42574
26956
40597
33077
39523
29296
35719
30920
29421
15495
32414
18156
16590
40831
36964
33035
26263
19254
27282
15892
41803
46894
18664
41933
14950
14984
33117
24171
23837
24624
22392
46688
14568
19285
40702
14452
20286
16412
29133
42007
31391
42133
32008
37877
17624
36334
43380
38092
29315
44518
41762
40570
26573
46213
33871
41819
19068
31242
42888
43473
34096
34086
25874
42020
36840
16743
16264
31373
41417
31223
17350
31629
45083
27782
40966
42627
24213
34949
46665
33918
17626
44693
44537
33616
44355
33855
18636
34532
45279
45029
32491
42193
21688
37112
42580
15918
35928
18540
43388
27561
17804
42345
37177
28627
24936
19012
26080
41918
16011
40365
43946
37322
14501
23594
32349
45756
16694
24004
36904
33040
30104
25599
36814
22161
22079
33808
14855
18470
33600
33099
39459
29679
41488
43995
15856
30096
20622
38837
24798
29901
18756
16335
21089
33368
40170
27020
39831
46822
42284
23675
43051
18568
38062
16962
30329
35385
18508
17109
37618
35251
15782
45292
25282
16264
21212
23219
33201
34157
45974
21187
46919
18137
38728
17745
18228
40911
46260
44453
41199
24055
36528
32718
45724
38900
32297
39573
25395
20210
40296
38319
30687
20094
30868
16439
26788
16027
42872
25435
26693
39954
46215
40277
41829
35593
29981
26781
31468
47063
46856
41820
15788
14871
26439
43812
42309
44539
38417
24799
39493
30692
31770
43270
33684
26159
25873
15380
42256
42321
41837
23353
20852
14886
29033
15698
29566
30342
25421
18457
45649
39962
20208
27033
46360
41325
19579
42470
18924
19782
46191
44298
29688
39990
16106
36162
42202
42093
43046
21867
42317
27601
32322
15287
28933
25682
31813
40100
35291
33399
38496
26159
34346
41533
39795
17220
24185
44578
36819
39802
15962
15485
42315
15101
23697
38672
29792
46795
40569
24800
23257
24868
35492
20037
41855
25147
20162
41789
23330
18738
23748
27653
30428
43333
25409
41963
44954
38726
42264
15966
46807
39753
29783
17991
43179
27296
21595
34716
24325
32266
34617
30513
35380
22567
35421
19666
45741
36911
18033
33680
34824
29924
30337
46168
41291
23493
35420
32458
37483
28805
34877
29767
31504
39099
45482
14668
29337
16347
28573
20735
30048
40805
18914
18184
46911
22364
28096
43938
32595
27386
34779
38386
28927
30114
30041
41111
26164
44054
36932
38018
16112
32234
39727
46600
18949
27449
36893
26677
43804
25238
22174
39524
25081
15173
42299
46092
22273
40876
37396
29405
37113
31748
38600
28428
30736
17748
35733
14827
18976
44192
24001
19132
42033
37469
34104
44487
17727
20009
32118
43434
28221
40633
17831
20209
33625
22035
44045
42470
21122
38397
26787
28330
41767
45237
19200
42885
29506
33250
32637
19835
34198
21451
44954
35616
42292
42183
33182
18861
16964
24820
15230
22610
19458
25644
36096
40398
27655
22581
17696
34878
34506
17208
30387
44850
42342
23157
20554
23558
44190
27956
43865
27760
34078
31743
38553
17237
39171
20494
24490
15329
19102
42755
24573
21206
18549
18136
37105
31268
25227
36373
43836
19131
17634
21574
21901
34973
15165
44716
42608
44343
25130
27955
32113
27633
26944
25508
30596
25860
19110
21276
33444
31371
39893
34749
21691
31710
23454
32419
18882
39707
24942
43033
27945
24837
20945
39437
45689
37650
15413
18114
41272
16319
17905
35781
30733
25895
34437
44322
35620
26068
31011
37079
25044
16341
42863
20105
22399
14864
29060
26486
17338
31706
38711
15019
28078
17093
26271
35191
20158
43705
46037
40991
26731
15431
32248
30419
45428
46393
25972
24289
24129
16238
22404
36905
34945
35301
37622
43729
31251
30743
27183
33082
40738
23434
26222
15922
25493
27555
45141
15211
32678
28604
24997
39979
30672
20342
42057
32838
21487
32080
17046
25418
20899
28537
36049
31737
38389
39651
47089
45052
41533
42137
39335
28629
36931
15698
26012
36630
22948
23366
20474
27856
44663
17984
47405
32847
40753
43509
18155
40452
40390
41620
36465
35011
39441
30622
46096
41775
15734
30968
41961
21874
35270
45631
18421
31537
24418
26715
24392
28094
44708
38231
23190
32400
22650
22127
25078
30193
33364
32875
26598
27127
24897
20012
28047
33205
16468
23941
23627
30898
17997
28236
39013
30363
15989
38832
45344
36660
26826
26572
20986
32404
38236
41341
22833
30098
36599
35953
46983
35451
39170
35713
32066
41478
33959
27969
47224
25737
41269
43733
34953
37740
35778
35078
35565
21214
41492
20373
34096
15304
40130
35534
28730
18943
38038
35681
18644
31422
30518
39022
18792
44883
44803
34783
28936
43032
33346
45306
31666
43941
28026
27958
45011
44612
32028
39758
42249
36262
27241
22677
26669
46292
32657
25737
41105
15463
34584
25258
39558
23292
19070
28301
23330
47587
25631
46636
41280
33303
26712
36480
30663
46451
43499
46674
15664
43042
40357
15182
17474
44632
41278
46425
29216
21055
43392
19492
32134
42549
39851
15105
45904
34612
22041
18166
25660
25489
44062
23312
24560
23018
22834
16122
41279
17498
44882
39886
36776
33774
33955
17195
31263
41053
42073
27784
44817
36851
18135
23752
21922
15311
21783
44046
27705
37966
31565
40402
36926
18887
20167
16181
29474
32121
35608
16273
41120
32449
43637
46933
31299
26769
23903
20752
35881
45853
42371
35019
40710
36311
38878
30108
43883
38302
35364
20856
37449
15154
44899
45897
16049
28140
26595
44864
38109
24236
18514
20845
21108
28434
39965
42637
17418
41201
26401
18211
29670
39424
43651
39114
46601
36819
28892
47561
46444
45066
26010
19176
26248
22729
31651
35714
33563
46440
26427
31708
29482
37739
28455
31157
18242
33716
22802
35614
43012
39927
30001
19340
24289
27759
36131
44844
23585
32207
47643
36982
24106
27516
26176
15365
40447
28153
32084
28326
42247
27042
37012
31151
45072
21918
29152
33170
17299
36623
35356
35505
21817
27787
28374
18548
44703
42448
31529
25241
27990
25523
28641
42188
17455
35930
24287
19576
25013
40875
26048
26844
40954
47108
31673
33121
24983
33581
22213
30251
16366
18315
44035
20206
28338
18838
20313
27651
30890
42381
30302
19899
47537
29032
41591
26099
47618
15118
30272
42984
20146
46792
31277
19021
41854
45557
38001
28571
37319
40448
47134
43177
26843
18320
36750
34172
35702
36350
42499
43104
34441
44812
21642
36663
34105
31444
30245
34578
17963
33790
42792
32254
30207
41014
37860
42785
37658
19677
39555
42245
16041
19455
17459
44595
40674
36230
22919
24580
46733
47277
38425
46004
21956
27063
16245
18872
34807
30688
41778
32593
41779
22420
16482
33378
23715
27871
41005
22399
34391
25125
41400
34374
23108
22291
15692
24562
30348
31701
33460
37933
28416
27785
22246
34854
38883
24820
46310
41956
28145
33908
30184
35290
16288
35382
25781
27835
31654
20905
41039
30607
18619
44851
37336
31751
19104
44322
31152
23309
47200
22757
22494
23456
42966
28796
46001
25567
45679
33837
34470
18531
22322
24697
20109
42450
15869
21582
35560
30897
16401
42878
43412
26490
22992
21872
42667
29423
27078
24598
25512
32941
24807
20254
31180
29700
18455
44909
35777
18694
16112
42697
23166
26078
22463
28629
41322
38500
29903
21059
32196
26094
35563
27461
25922
19304
27934
23108
28664
23463
34237
42453
31100
30202
41127
27881
23880
40706
43724
47171
21087
32196
35564
32816
43572
44797
30625
47730
30407
25269
28320
33917
23569
30743
45372
15846
37026
35712
27180
42776
20873
43734
24717
22601
19828
42011
23595
42156
19224
41538
40700
15848
36563
35905
38893
43978
17296
23143
45793
27702
27372
22000
27127
20324
39063
30423
31756
25673
31996
21483
27778
35154
33572
22821
45119
30040
34263
47161
44024
19665
24581
18283
26543
38723
23653
17060
39802
43263
18524
41669
31111
21771
44576
32571
22877
31584
31261
44500
43108
18261
36760
38096
17320
45660
37010
25404
40666
40684
23791
41851
23704
40894
36055
23590
48109
16188
27229
45846
32540
23351
44638
18110
44953
26840
33964
45502
25433
46297
39788
27830
26443
29684
16829
33368
29479
47004
22939
18882
19046
39660
41218
39690
28305
48093
38486
45594
18111
21691
31746
46014
24666
35290
16224
35067
44321
16261
18137
33955
25203
35895
27469
34598
24010
39694
41140
38059
45702
37500
37382
37215
17644
21312
46169
38925
38510
41876
38217
40688
42796
39592
26781
24261
37052
24656
39208
45091
15910
38137
24812
21263
25907
30178
44166
21708
42216
37257
19910
34800
27981
41059
16797
17085
38003
21967
36156
22445
15540
15693
30330
31823
28733
30699
39798
37458
38346
28161
44414
34527
41649
18718
21296
48173
44578
19010
30175
45391
18861
20558
32313
23632
17156
41656
17446
27265
45827
21635
46579
23314
32237
21359
31407
42976
43257
30573
37845
28814
43277
42581
16940
23511
36553
24539
45548
41762
46023
17856
45602
31831
19745
29765
31573
22002
34612
16101
18794
39254
36516
42307
19653
26467
43681
37986
46769
33610
19560
18452
25858
24480
47116
24757
28921
33202
43638
33048
42343
44825
41130
35010
40981
39310
42061
15958
41572
31999
16740
32337
21809
25570
35167
16887
33787
34249
18262
37518
37704
29750
18834
48329
46660
35249
25679
22663
42924
20249
37312
30910
27114
19256
21332
38833
21122
28825
47160
37738
25772
40350
44317
20068
16194
25293
31035
18568
41437
33643
35990
17498
19772
25676
33664
19573
17125
23785
33631
44341
43022
40627
21680
46771
20413
42663
24140
23286
45103
27939
26090
31847
18295
18424
47590
32902
45927
45760
43073
31452
32947
29042
26344
33840
30036
16691
20793
37374
23083
35695
40643
25125
34791
20265
30541
20192
47912
46223
34842
40695
29668
32466
32364
42551
25611
20532
35655
18975
45414
29795
21623
16092
36549
42245
30421
36984
28761
31892
32197
19534
24415
35692
29699
24257
45310
17186
29088
31021
42099
44056
19271
37918
44139
39246
18117
25024
26544
20091
30920
17559
36104
19549
45031
40560
20059
46925
37091
35736
30483
35862
18477
24139
18888
38663
29864
28271
24861
24903
44975
37251
38885
34921
22106
20178
48267
46144
30717
41964
37808
40693
36338
27990
28181
25430
24729
18305
21948
34161
15772
31737
38474
26978
25464
20191
42160
44137
17977
16537
43530
37952
37252
38856
46535
34987
35803
18298
23307
19280
16157
34210
48465
25033
35404
42437
20565
26104
32915
35829
20273
45210
47496
19459
44742
37407
30382
18673
36701
36282
16958
26790
29070
19124
27431
45029
45666
45061
33363
23168
37556
24101
48428
17353
19933
31520
24927
45898
33680
34025
40415
25014
30978
40432
29998
18975
30030
34806
40152
39784
48409
16672
30272
24062
29041
30539
33950
41411
22011
17824
33865
18507
16974
28776
34610
16203
17050
37665
47793
16206
43917
29905
47749
25258
42359
30362
38166
43187
29356
20623
25852
47406
29994
37062
41925
31753
46971
37038
39411
22857
31965
21667
36933
46403
40097
35264
42552
32015
44241
38389
29132
22330
16405
28249
19595
19643
47831
42945
29128
32296
33702
30097
21029
47402
37592
35538
16472
33327
42356
37253
23342
26206
38735
44087
22735
43472
43124
46550
38725
42493
45513
46019
38456
27764
36080
44584
48635
33232
45932
25228
38861
17639
22789
33957
23384
22084
34157
33133
30078
37848
28963
30840
27733
31980
43416
24452
17520
37466
16529
33874
19297
34557
35532
24756
27515
21606
45542
29928
27869
34768
40316
39972
18348
23382
30609
36722
27551
28516
20527
35518
41153
47212
42065
18477
25970
29914
19457
17841
28079
16201
37822
35035
42900
37111
34080
21744
26911
18550
41663
34622
43831
34981
39760
36272
30189
33759
47121
43937
25089
34674
35432
33006
21416
23379
40134
34639
21132
18960
43730
31207
41749
25861
42180
23321
34023
22739
33294
35998
47788
26126
42818
44500
16147
21046
25392
46169
19224
25833
18254
29401
37255
17750
24414
33316
21435
19445
35914
16516
45996
40054
34387
23373
26409
39927
19050
38581
45153
38777
30430
18406
16296
44693
23352
46418
25208
22123
16228
20807
41910
35036
42513
33475
16695
29689
36441
28809
39555
48570
30885
33396
31961
45044
45771
36108
28787
24709
44922
23383
27402
43473
27864
35570
35741
34675
44649
28255
17263
43820
36403
27041
36943
24095
43296
32006
44059
33345
27299
29253
21895
18443
48030
24520
38427
27762
39044
30283
43387
37656
21179
19622
27115
37060
33092
40423
26130
47632
25757
44452
33790
35425
16870
18064
21865
46876
31044
34635
33083
33559
23427
29055
26192
26190
33535
28456
23418
24024
46020
16947
45258
30745
34548
37451
22027
28984
25961
36080
19088
29651
38300
19401
47664
20978
24773
30011
27534
19002
37700
19258
25502
44388
23616
40031
25188
30701
20622
19259
40191
46094
38100
24556
22759
47086
29422
22509
19571
37911
24208
43059
26782
17958
44333
42357
28682
33735
34072
18123
32581
45537
18410
30330
27212
23566
31779
25870
37709
16462
31252
37546
40625
17148
24572
33437
43098
24321
37233
19765
24105
26183
17921
33752
41924
42609
27418
39760
41878
17865
23847
20583
28951
27769
48124
47796
41037
36351
24180
33204
30355
26331
43352
26653
39065
33418
19843
41326
22956
23992
45380
42443
36919
30898
35076
30728
37770
28186
25385
37380
18139
25054
43834
27448
21898
23658
26691
19855
33962
26141
47739
27768
48572
30458
23588
29242
46781
36513
43443
30601
23396
34941
30001
39254
23461
32830
43233
41195
33657
23178
32035
29238
16353
17903
17816
46181
29992
18461
39303
26804
35433
43858
23423
25475
20050
24597
25662
23468
39207
42791
21714
33811
20490
38839
21502
25471
44409
21973
47839
24232
29464
36137
29903
43153
26801
33765
38538
36119
19577
23032
28816
18890
39061
18565
41162
26877
16860
30099
26479
21273
21471
45062
17193
35383
36390
42958
39028
17389
26301
30302
26695
21863
38384
35679
23031
42426
36690
20902
40024
39542
35844
41060
25125
45690
35379
19613
32162
17165
26083
28380
24447
35626
28395
45348
32000
37146
41025
47401
24923
32329
23672
33472
28258
27986
21383
48789
36961
24156
30156
35100
26954
17833
38993
36298
46863
26732
44621
27268
31056
31707
48110
26456
39478
47750
26197
22123
40607
25575
17635
45106
41339
23098
22451
49125
40565
21135
18279
29745
20439
19229
21032
43054
41895
48089
35304
30864
35862
46407
18410
31009
44828
24976
31109
24175
47452
39894
43557
28609
22605
37316
28306
21840
40859
41833
38261
38580
24011
30022
16664
23965
42015
26789
20077
20675
34233
28205
44370
39712
20994
26292
36371
29532
20045
34388
34864
46985
45752
28097
40545
28944
28243
28121
17368
21739
30341
43389
18118
37909
42411
35232
17440
36927
27905
47005
34979
18629
24006
37326
33558
37856
19867
20058
43983
30749
39469
16462
34168
47630
20499
29424
39699
29247
47354
36688
40764
49003
38143
49183
37038
26864
33628
34756
34825
34177
24135
48301
37587
31259
36375
40931
49084
25914
38825
16866
49190
19020
27138
43431
17124
37222
44853
29194
27714
44854
42119
20814
36678
35129
48594
48887
35894
27181
38951
43995
30810
39626
32695
32892
29443
29357
36084
21909
19405
30101
40179
39667
24096
20689
43285
41094
17917
19705
16870
46520
20983
34781
45381
21245
22143
35515
34758
33196
18021
37045
39252
30221
46236
37249
44315
36787
41790
25699
25765
46092
17359
36696
40514
46902
36038
38548
22190
18196
18505
24623
19950
36002
32825
32796
29563
30597
27502
32858
23970
26599
49220
31086
20523
43649
36950
36624
38457
31481
37257
42277
45937
32879
30797
24813
45150
30803
18207
19070
34324
33657
46930
41585
27924
18799
40720
49115
37744
26126
30876
35455
32304
21839
28377
25921
39411
20832
37648
40158
48858
22263
40942
44763
43937
17383
28108
31931
48143
17393
31796
49013
24209
32732
46240
20261
36130
17095
19076
37634
19821
35263
23695
44432
31798
45453
47918
47383
26614
46801
30803
43091
32453
48213
42100
40813
37757
19355
23766
22826
32285
33720
36619
27747
39787
43621
38330
34229
28638
21332
37534
27001
29114
37312
43473
20982
48765
26696
33355
32214
49018
27389
44965
33495
33220
18362
26915
47299
17741
43188
45554
20642
34639
42321
22190
27694
35819
46398
25640
18823
43793
22972
31589
22312
25759
28986
42730
17434
32717
26921
38198
24679
47560
16908
23697
25042
18333
39374
44036
24773
44889
45145
36265
41355
48238
39524
40485
32191
37721
38540
23922
33285
43138
47271
31970
37880
40548
24405
20064
46179
20205
42967
47353
45491
33832
21541
22172
24236
42009
22330
40734
41308
21481
31667
17537
28237
22083
22680
42102
33791
43261
34938
29472
31381
42491
22206
33563
31695
43856
22328
20157
46904
36519
39932
42652
26273
24546
32112
43344
30413
48896
43174
26746
43118
18756
26601
24325
48464
24979
22934
40107
34261
22559
35118
19131
25249
46402
40616
28186
36502
43948
38924
35464
17667
30145
49469
35621
38936
41533
24086
37940
35742
37914
47801
41502
18405
47539
38436
39354
30973
48937
39686
44491
44584
49158
23248
48587
19856
48160
32526
37351
28726
21441
42232
38986
47659
36612
38724
34718
33538
46210
23103
35536
25221
29486
48668
23060
30119
25470
27532
25898
28602
41932
40591
29407
19426
37883
33673
22998
45770
29789
27288
46728
26773
27604
17701
17034
22296
47416
41401
45327
34886
37881
39442
46253
42219
32774
26487
37476
19358
39149
37192
26076
21488
38979
27097
31470
20970
39750
19840
24678
28087
27585
22509
38919
25501
20528
33722
34768
49202
42789
26691
36990
44236
20970
35256
27986
24633
45672
28529
49428
34736
49223
29825
29784
48136
31063
34445
18688
22312
45359
18143
18178
48575
33812
49590
26220
28981
28956
45024
39589
32225
24466
30347
41717
39292
37789
22873
17479
34261
22045
37554
20526
35783
21462
18014
40231
41576
30672
33363
21534
38532
17661
49611
46899
17994
29469
42650
17853
17732
21215
23743
24975
31885
48457
23609
22907
39742
37465
32028
32021
27433
35565
37347
40377
24010
25056
31752
41168
25978
39030
28370
34638
28390
23034
21615
36479
36544
17061
35138
19972
47028
36290
24958
30489
35998
28432
44276
39193
41722
39784
44329
36675
18843
17567
45484
31678
42913
36014
20134
29659
18341
46096
25011
49563
25398
34668
22768
24177
33417
20596
28758
35656
17516
19981
22854
43464
25212
30640
32868
47829
17816
36880
26025
42585
48789
19197
47796
45124
46899
35464
47969
48849
28496
30568
29853
22026
39516
30876
28025
27790
28941
20050
26237
32146
35668
21512
41790
31782
38543
44529
29234
35769
48128
26010
26308
41440
19326
47565
31140
30035
32362
42422
33633
24120
26341
25412
17721
35749
24384
27858
29744
45664
36276
49671
31327
39145
20564
29690
25231
42170
42303
48282
41478
19661
25370
42318
46241
38239
21950
32984
48931
30964
37677
48255
43981
25243
40139
19565
29999
40307
41163
46934
37693
23918
28647
34138
48805
17749
31572
38445
32352
36364
28405
41589
45959
45848
48079
27763
38761
18526
42685
25574
24538
23853
44900
49452
32206
36991
25450
23467
43558
47740
29155
49007
46281
20288
37644
17940
18935
24286
38972
46823
41434
22181
47127
45640
20062
26530
27397
27731
39747
46693
27619
31423
46193
47112
45304
47621
34443
24686
28970
36293
36294
34249
35185
32870
34556
40287
22157
34302
46844
46477
22260
26225
48165
20748
43279
37596
40499
34675
47525
27188
36952
36605
46744
45354
39311
37773
39375
49490
38701
32495
24691
45957
19896
38497
49758
35204
31741
37202
32208
39645
42077
36201
35684
18707
32872
33737
20035
48889
21165
41876
38040
48991
35535
46509
31812
18160
28636
28099
36818
34139
17627
19595
44973
29105
39844
30540
39824
32270
18933
43169
45119
44668
46273
40571
44405
38676
26059
43365
38941
34151
40820
49420
36036
22812
25297
49662
38479
20442
39937
47282
23785
18536
26814
24009
49472
49426
44337
42899
47089
38223
27403
38101
31040
48802
36561
38089
22797
40126
42871
45159
23300
35053
48177
22755
22291
47282
46214
32631
49697
45997
34470
23138
28413
24768
40957
31537
23444
28272
48136
39485
24168
39566
40296
47989
18493
40214
23861
36957
19989
47703
17556
47959
20319
49236
25740
22562
19564
29547
24597
28064
41250
44596
40050
44252
22516
47276
19393
41291
43282
39571
34257
46674
31196
27922
25395
46601
28829
28577
20116
42303
28790
25640
32842
41150
37272
30308
22572
40911
27062
45709
35239
49153
47291
20278
19982
32295
19896
20084
37170
32928
47136
47682
19507
22235
39223
32804
33429
21017
43464
45067
38294
23413
18454
41593
25023
27426
41494
18917
23226
34037
20443
45921
39267
24099
29266
31354
36897
36939
43567
46176
22903
32183
31527
38471
21718
19167
28512
23308
34230
37166
36646
44060
26853
44809
32991
37266
46110
22798
25921
44447
46045
20633
50114
18223
47986
25485
39760
26569
23380
39249
27459
37047
20921
45336
18576
19304
26979
21862
21311
39186
47805
43216
40991
34203
33574
36867
27320
25018
34445
23815
41857
26714
44862
49093
44627
21311
24571
40903
25886
41707
44111
49984
45787
40387
27423
26444
23233
19054
22402
44408
49084
27006
46035
33413
49179
45650
41732
25193
31112
22330
44084
40343
35134
38109
40068
33664
40054
20696
47911
38490
25890
35752
33721
44064
18142
43466
23250
41178
20516
22560
28890
32286
21439
36759
18207
48087
46722
31751
35620
32325
17721
19035
48189
30021
42720
41457
20312
49363
48915
19780
17694
32461
38086
21960
26171
26105
37174
38677
39417
37450
43807
36168
35604
26207
21040
25254
36554
42573
44732
32899
33329
44958
35250
42851
37325
29338
28879
21086
40802
37061
27410
27081
47623
17576
20849
35090
23676
30420
40906
23532
26045
42021
21020
22188
32727
31044
41463
19955
26875
18287
47153
45454
21201
46717
42715
28314
19470
22556
49011
48364
26697
32862
39259
23472
39435
34676
23690
33103
29477
22713
42114
33431
48966
29426
36738
29974
44236
48595
19964
20678
30683
22726
17993
21744
19372
18153
41116
46154
20008
40021
20277
19554
35254
37030
26327
27712
43345
39608
23419
28231
47837
31150
30022
43357
27579
20281
37305
32076
29595
44823
34088
32359
41361
18393
45165
33904
49004
35050
40669
41145
48963
27085
49275
49034
26448
46758
37996
30915
28673
34300
22443
21442
18509
48061
35838
33415
29765
48514
27433
22550
47595
48149
39521
32285
36934
46641
45571
44503
33974
39048
28038
28720
35462
40714
38831
43306
26816
23397
34563
29311
47685
33992
48770
35208
46108
29933
34450
21597
42507
30294
37434
49726
26980
18391
33936
35634
45602
31060
27253
37613
30260
34252
31871
29431
24345
20118
48439
28683
31149
23531
18309
24254
38979
34469
24936
47969
39667
28486
42730
31015
37430
26172
24916
19595
28592
43364
24222
29932
47436
39628
23849
18810
29326
21693
24497
36182
45093
48889
32125
20213
35264
35137
33496
22214
24099
44826
30149
26900
40314
26833
21231
24365
36333
44477
38623
23492
48756
43972
26481
40596
39917
22560
29065
47942
23660
32099
20226
46997
46290
27321
35047
21680
36001
43118
35302
34783
41998
21936
38145
26218
24664
37781
38023
34999
45657
41312
21827
43186
19291
36352
33267
32625
37932
41689
29436
42521
39541
27591
42587
32251
26695
32864
29663
25603
31223
29306
20885
45907
17964
34286
48260
23339
35894
38299
39323
35852
23713
18861
41704
49181
36874
33567
46347
41677
41010
41086
37097
39866
38737
32752
26021
32978
35245
25206
46796
46007
19818
37998
29391
44648
25764
32604
19895
49951
19899
35049
46100
37749
44526
25388
27190
33484
35372
45609
43936
42990
33318
43671
24250
33266
49577
36327
45254
29792
39979
42881
44565
20117
34468
44881
43643
25192
25503
46466
36352
28173
21904
31625
23000
23866
35688
24166
31126
42377
47975
46630
46236
49694
49201
20141
21462
37513
35877
23986
20392
41197
26346
39435
39460
37730
43338
22571
22913
19609
27460
20457
42696
32703
22620
28547
42193
48035
40502
24546
33646
45338
43363
40479
49894
47267
42107
20039
19365
23367
28012
43867
44593
25283
29969
47259
40800
46313
48391
38916
33993
32324
26556
43544
42360
28667
36552
23261
21222
38135
21377
49192
40488
33352
24009
27931
28006
26309
48427
40685
34191
48627
24615
42729
23627
43561
38345
46522
17969
47601
19841
27621
21819
40112
35118
21399
31606
35466
46460
42913
50686
25472
23664
35777
50218
18907
26177
39459
28420
48078
23658
27175
42236
28759
25341
29797
36317
31590
23610
30703
31487
32065
27232
50389
38847
24871
50115
36847
32300
28467
36127
46038
33795
46468
44588
33588
21470
35995
21618
36926
42664
47876
39007
36222
45396
31801
30871
43990
39630
28355
40843
39362
36402
44450
42829
34781
48445
39151
20387
22183
26369
37312
23130
20869
46812
44364
33244
39689
36778
41808
48645
44660
38714
31665
19251
39545
38399
48994
42908
22852
32520
45192
31461
27067
46130
19932
39920
36356
23197
42321
43253
21319
21340
47608
26068
18101
44145
33056
21673
31689
40440
47809
48289
18381
26530
43291
37645
22177
41573
27546
31413
31928
23154
33021
19823
27235
34152
46263
25584
42066
43207
31637
36833
25943
50343
33698
31798
19822
22186
31560
26555
33275
35119
21431
28143
41810
25288
33419
21014
47996
35311
34472
32906
35385
28916
46185
47698
21057
32314
36091
40693
35791
33955
42243
34960
41056
41033
24199
28199
37816
19311
31243
49209
48679
49079
49914
29591
31754
30613
23368
44662
30356
25603
27222
19394
27087
43638
45846
43189
35805
32529
21871
28841
31108
28441
48867
23338
19434
44970
36463
36944
48028
50344
28594
42827
29909
37879
45394
29504
33022
47343
39580
37460
26993
44042
50282
29446
30594
37600
31050
50113
46528
19542
24796
32945
38520
36114
31356
37847
25467
41010
43809
47960
23329
41021
25221
43547
40590
48217
39815
38546
21812
23999
48077
43992
43417
49517
38573
37117
33627
23066
38734
31390
41585
36463
22026
31416
32691
42868
40215
33469
38557
33609
41063
19432
31824
24598
27852
39374
26585
21316
21088
35639
36790
49390
20004
27947
32918
26514
46823
50256
20833
21517
45418
32883
22648
20934
44993
36452
50750
43817
32764
48135
18647
20055
44551
41640
40240
43547
48335
35727
45375
22305
31398
33492
48012
24930
29929
35957
27632
50659
20192
44966
39324
30879
32741
19560
37470
34497
48329
28509
28448
43287
36979
38875
37298
23236
26570
42047
45001
18485
38102
22660
36679
43606
36129
45844
22460
25093
26468
33757
40237
26567
23647
31144
34837
25529
20233
39334
48810
33226
40937
21836
29537
22056
20420
45665
48308
26104
46456
47446
39459
43082
19240
40405
19065
37708
22169
21916
22352
35261
28892
37260
31191
48293
45358
19709
48339
21828
32540
26453
32740
31560
20459
31705
49162
35651
21302
27587
18791
37211
21209
20116
46663
23620
18958
48299
24413
48235
30678
43031
41295
50036
28827
47018
39798
38887
29459
22606
19423
45350
33895
30876
44181
36771
38805
41643
46626
50511
50195
26662
27475
25174
20405
21666
21052
39433
36816
23086
32380
46107
26016
27691
37058
40465
23015
48222
20368
45300
39895
20035
48447
32585
26418
21668
20292
48963
38320
36203
43697
42294
24481
36789
35327
49743
36819
49191
45066
48003
44726
24453
35933
27845
26814
26496
29872
19580
46089
43472
38831
41780
31042
25987
36093
27539
50117
50837
42617
28303
48387
33728
26304
28639
30504
36501
49395
32431
19196
35276
34234
48792
19719
31193
41352
48335
40441
25536
36897
42397
39497
20009
43354
28175
44315
22711
43808
50670
19047
23958
42172
26097
21592
20819
42837
36402
28658
21745
24503
18655
36088
44601
32083
50482
42253
39505
35462
24227
30233
44688
39454
42076
48110
48017
28186
29933
44332
26246
31665
33345
48993
27855
28822
20944
30325
50636
40315
36119
49990
38639
27092
46661
46479
44565
46301
38200
34062
30230
51166
28839
46566
39322
48557
26529
23618
51247
33653
32566
49979
20889
22199
47220
31484
35689
25742
49813
37411
46290
28215
40310
32363
19639
38608
49227
30856
36360
48736
39058
20307
34383
36376
30021
30247
31366
39385
45652
21131
36396
47862
47186
36113
24728
34874
42094
27006
38028
36653
44198
27178
30221
45715
37943
49834
45682
21046
50264
23981
22204
40933
23847
31268
34853
50621
21220
41894
43772
49575
27485
35346
27567
39458
44969
31862
24106
20547
42521
35631
42847
45817
26732
38226
25894
30614
27202
50507
51272
48011
33748
49348
38102
21363
38113
36809
31936
35668
21484
32553
34978
48161
40356
33311
33505
23171
22692
22321
39159
25304
49500
29785
42763
50813
45647
32355
25029
48712
48256
20374
21088
42585
42022
20886
22785
50963
38311
44681
43335
44901
42692
40313
29987
33870
30737
19961
47594
27040
35497
46860
25512
26628
40479
19778
47800
29758
43704
25636
20369
31666
19415
48850
22755
39463
44728
37867
47075
23756
22881
34989
38626
46712
24022
26462
22053
35126
19853
38122
47857
26881
33057
35277
38117
31692
34890
21043
19853
39622
22029
22878
38451
39131
32048
33865
43000
21118
37105
24459
18980
27302
32248
25725
37563
22806
28553
39327
38225
44514
38142
37432
29726
44591
23413
37181
34645
44602
28614
21364
36530
19612
40120
50393
41298
29388
22900
42305
20424
48869
39993
24637
44141
47785
50514
40001
44535
33734
46661
50438
41038
18777
26958
38188
38811
49841
40203
25380
39329
33621
26745
46413
29008
20552
19231
24925
24727
23179
36233
47875
42107
33508
34296
38347
32614
35550
38232
40513
48577
22289
28786
20057
26820
42659
35171
33038
39821
25615
44365
26954
44656
29477
43596
28678
44175
41043
37292
48562
51114
38178
27225
29399
48696
30211
26518
21499
26550
36172
30706
27845
23359
42878
49272
28257
25693
33993
22567
19750
47647
33746
22434
24950
44139
27059
37160
36838
48022
27459
33989
48287
20018
23449
25802
36357
31015
41931
48764
49814
36358
26619
39689
40468
25497
32149
44224
45542
36031
38610
23680
33980
29046
51073
19313
23922
32314
50950
40179
46391
23950
37795
40148
38126
28632
23286
38342
25044
30065
19395
27664
23907
40701
46324
20611
23671
30712
38366
40880
31152
24466
33734
49496
50967
33725
34980
39972
49924
37508
24358
29078
37951
38302
45048
46656
20837
44099
46147
47668
22413
38718
24948
46523
29740
19268
33342
36426
26166
32132
24802
26545
31366
24191
26286
21910
51072
30490
21699
49442
19445
23537
31260
22266
30022
43759
35532
37233
20685
34588
31879
45820
27768
34485
35940
50406
43703
51074
20961
28228
36249
40292
33576
46892
48434
36654
20113
35874
19775
38325
28007
38355
34317
20779
21487
47366
46230
43176
41638
21199
50669
34826
48331
34053
45533
45055
43037
42743
30925
19552
39398
44635
47335
50369
21816
42119
40570
31558
48759
31716
45980
28088
51223
22943
21267
27863
40103
42913
49782
24050
43535
33474
46991
47798
29206
22841
19716
49988
50215
19799
43574
38534
50260
45174
25194
42178
25499
43564
20263
45167
44392
24516
27102
20808
36444
45038
26833
44448
30797
22197
41773
24053
34702
36274
32889
44743
36208
31871
30516
46250
41992
36207
24250
26267
44851
31356
39016
45712
28376
42625
21504
49235
34413
38570
29519
22159
40381
41000
20749
38443
32488
40489
28420
32728
21931
50183
20341
30694
29665
24511
32183
48220
48970
41126
35361
33095
44172
46679
32042
42834
27511
23536
34255
49303
43149
41854
26421
22453
34754
38325
27024
44323
48256
31205
21059
24260
25326
23081
42825
44475
32370
38882
49619
22144
49525
42083
29746
44851
33382
45550
50936
32817
33281
28896
37210
19174
26321
44328
28889
29410
37363
24573
25634
32046
45342
35281
36146
23008
45536
26752
24253
27629
31274
24014
47313
49983
35343
39440
47287
48391
27337
24361
49178
32341
36605
28600
30570
31974
34880
32400
20355
35388
46553
45673
50826
38132
20680
37333
29720
37973
30984
27509
41115
21029
43026
36460
27641
34496
44194
26388
51062
31595
37821
21488
50903
42725
41715
50914
36039
30783
51170
34462
22139
50158
41211
42079
27282
34591
33673
31193
28479
30026
41710
50030
27561
33802
48432
43684
30866
26924
28853
21719
25655
48901
40779
51755
19832
49929
33388
51397
31289
25242
21695
22587
27912
35358
46305
45384
32256
27220
42342
19909
31469
42984
19995
46292
37553
43333
25230
22367
36838
30378
20945
37057
42692
24704
41850
40898
23109
24555
42478
43977
48264
26015
20960
43597
36467
35573
34580
47245
33437
22845
34409
48513
42859
39766
19734
26640
48249
28029
46388
23939
30523
32611
32637
44090
31460
48258
43603
22173
34694
20144
47620
35414
42107
44789
22092
22462
51717
47258
24859
32148
20017
29314
27289
40181
39169
33470
42599
27016
25545
32859
50728
43514
34778
38782
23873
40106
41054
46004
45532
38053
33667
42115
40755
25300
22236
28741
27915
24436
49924
51510
49278
42951
35460
22731
35326
25609
34806
21829
38039
43430
22379
38279
39540
19882
44811
38692
33445
47993
43771
43709
44064
41920
36996
47754
27141
38827
19569
24374
38182
25689
45240
46832
22214
49805
46429
45759
37025
44710
49300
19989
34349
31953
47654
25768
43808
32125
28181
39549
47922
50703
33411
35397
32548
29143
34000
44525
25345
28483
20995
46449
49572
44371
24171
49137
35194
48461
41094
43782
40585
48306
41761
27734
40369
39792
33473
43366
25906
37465
23106
33200
34415
24020
25278
48886
34034
37075
51888
24533
34479
37893
34905
45213
22925
42316
43875
26208
29218
27505
29125
28745
51134
29207
41958
29487
45484
41453
31749
41834
43444
35112
40152
28902
38884
34865
23411
47478
35729
46746
24684
30058
34200
37975
25661
37475
47081
23339
35561
28774
24135
33888
41699
46384
37961
22203
52011
27081
19621
37039
50362
38492
19885
33489
29472
20550
22298
44684
20588
28269
21769
48406
22604
22483
50243
25250
44661
41067
43969
33240
33861
26667
20336
41858
33191
45154
32817
38536
46392
39756
44324
19486
20392
51683
39462
50236
44642
19449
24472
40526
31087
22148
38755
41518
22679
46137
23352
21839
33738
42076
30749
28731
45759
39894
31525
51263
45019
40072
31614
33124
37460
38623
50609
40098
25494
35240
19494
46673
46054
21542
32999
35040
25157
28258
31909
34761
39831
31683
38656
42692
21764
27614
21507
41276
50591
40335
51950
22015
41797
47177
27193
35641
42696
44970
48341
44707
39757
42323
38069
26104
31987
40182
48781
33705
27318
46768
41690
46033
28562
25498
30754
30059
26347
51355
27261
46019
32812
50048
23636
37930
42415
50766
42089
52206
51933
31958
27927
37513
26006
28811
39132
33817
38611
40593
20500
34832
50825
46102
39943
36909
46801
25829
45862
50091
21063
36920
23186
27320
47535
42958
32990
44584
21727
36158
30230
32619
27353
22923
25856
48316
34103
49912
29089
26012
41676
38174
41219
29567
32136
28475
28214
43717
26524
48333
45205
30699
33759
40032
46922
44291
23920
43172
48661
45921
41629
22466
40777
34200
34564
25840
26391
34213
37112
30788
44046
33641
22055
32965
20707
34653
27513
29896
37742
46465
35899
27770
36086
23701
48252
51897
34734
34188
27319
26664
19839
38718
21683
29826
21512
25181
45992
33326
27108
43434
29603
28692
51499
31336
31275
42416
45883
26897
49189
21860
31160
34377
49909
47379
39121
40976
37094
31979
50885
41787
29900
52354
40102
45349
34024
46629
48222
48546
39179
22637
38895
51508
27646
36370
48639
35714
27682
35844
20371
41477
32596
42424
33563
38661
48659
43968
22703
21700
27109
39071
25496
22777
41718
32731
19730
48255
41219
29524
29776
25423
29558
21203
20417
26796
36051
47590
29586
39837
40274
32748
24948
40864
32974
32364
34207
34205
50141
37291
34070
28953
33857
34685
49453
40364
45183
28763
46153
22709
27341
34486
35816
49996
37681
41099
41953
28792
48360
24376
50924
45986
37637
37262
22628
45898
28762
31783
52044
37881
44699
31737
35473
20343
28865
46892
46734
35901
27821
20521
23509
35117
30734
20212
34605
29057
23684
46267
23255
44290
46854
28079
35094
32890
26241
38162
22510
37483
19905
49041
37419
43009
27797
49109
35237
44614
37934
39253
36547
25493
47817
38254
33086
46417
45710
44725
24103
42454
51127
50828
28460
20144
35316
22771
32535
21260
50446
41633
46999
22123
27851
27988
35907
52126
32787
30309
22236
45038
42832
41887
35026
34459
37403
31313
38410
43144
22548
36002
31967
48180
24849
20773
36711
27116
39036
39085
25079
41023
28662
38499
33513
31923
30016
44565
24476
44214
32604
31953
31421
23255
46831
20403
22469
31798
32234
31995
49091
37433
31337
21346
50012
46209
51420
37807
40464
30493
39268
43141
24255
33021
48256
36991
31083
26281
25320
44671
42559
40243
38073
29762
45520
39273
41939
39736
41636
28496
40319
24467
22513
34254
32598
29086
34214
45735
45918
37201
45487
21163
38773
34850
38517
45613
37875
29981
36517
22966
34187
40759
28211
37627
32370
49632
27806
47629
41667
34775
33909
44752
42019
43074
27674
31406
41121
23038
35782
32396
26847
37172
38093
48381
29047
47917
40484
38070
29592
27751
27168
32579
33008
46312
47488
43000
36559
36562
20398
28457
48265
39736
35906
44446
22812
41264
48584
52289
27666
33577
37315
33818
50601
40575
50674
23165
23090
51533
32465
44418
27831
25219
26467
25782
52448
43064
32303
39440
44055
51265
45960
20263
52715
24322
48402
33441
38834
22660
49794
47599
50035
26568
51109
21304
47619
34907
30628
45970
22637
48683
46470
42360
42135
34713
38390
31609
46371
46543
42567
52013
20628
40788
42165
21613
34738
24797
36334
26819
20271
41063
41937
26400
23690
34434
20853
40909
51764
25072
36973
46244
50930
43374
45898
51584
21634
20434
47458
39154
22913
40534
36816
49462
35468
35124
25532
23909
28326
45683
27101
48875
33497
36608
48955
23356
49440
25088
51002
49603
36485
33381
43732
44571
21639
40639
23846
35458
51646
29525
51502
30347
44482
42613
36051
42515
31816
48904
25893
44149
23438
26985
45031
34818
51706
32376
42571
33195
20222
33002
46332
46337
45886
34019
38241
21600
33781
46534
35873
32102
26004
28236
28898
45482
31149
38611
25431
51115
23568
48633
20857
26631
31540
40810
45844
27374
20440
36086
40582
43477
47081
28135
39619
39279
30887
51345
21149
49113
44036
35370
36163
23317
40268
32988
36871
52153
22795
48153
52580
38888
29740
50991
34111
39554
52830
29212
47725
45720
21436
40099
41334
34595
33196
47007
27800
45813
45831
28824
39183
27887
30587
48020
41364
32885
31278
44847
47652
43551
48036
26350
30978
44209
41699
24529
37119
45646
43477
33575
33017
52712
43245
21414
23714
45307
34317
28859
37506
27003
51880
25631
21312
48139
25892
28075
32285
28271
39298
49517
46785
38468
25920
27643
34874
49134
23166
20743
47426
33235
46689
30772
46528
20423
46773
39976
45458
41670
29398
45027
26762
51433
48080
52815
40886
29075
51141
51224
52197
51691
44175
50109
33126
48528
28071
41960
37139
44936
41285
43003
30351
49017
28873
31467
31691
28443
30810
42065
46543
48109
51661
36798
48823
33063
38600
40527
20731
46576
50727
30338
42996
23506
30878
34376
51612
45419
49312
27484
40342
32101
37248
46546
30062
34216
43479
47347
27169
34509
32037
24136
45792
49110
24763
44789
22801
26141
32728
34633
28055
38283
23314
43154
41811
37130
22263
40246
29418
26429
40437
41727
43977
20334
22903
36791
38503
21192
34385
25589
35786
38342
26718
32822
42573
21995
24935
45103
28576
28596
44871
32866
45072
32971
21837
37360
49929
31357
46306
24750
38105
47214
39276
44922
44470
28555
47986
36560
28163
35137
32512
45464
24527
48876
29005
33858
49567
35219
51611
47637
44653
47570
29023
50372
34544
52247
22434
27203
32798
52498
37799
27864
31472
25190
39630
31093
35173
52133
36280
20549
50377
28539
24748
23429
22839
51497
25401
43157
27229
51765
27421
30543
46463
33888
42598
21399
38078
45017
22743
27955
51099
25008
34957
41438
42167
34445
24035
28055
39132
30114
47762
46399
38721
45022
52253
40803
24330
40804
40300
28503
47631
27451
27574
38532
39134
45895
49829
28674
45059
51320
41909
23146
31367
46401
48350
41957
50614
43596
29298
31881
43557
41836
49224
25318
38388
22739
46618
48859
52305
20613
37676
40623
32317
41996
50478
51804
24723
52845
52836
41262
25414
38492
22276
30093
28138
26796
28128
23319
50550
46857
48196
39667
32584
44777
45346
49761
42345
23744
26476
32661
28691
36723
52162
49349
47216
36880
50509
51585
34981
33212
26091
45635
27919
32237
25996
34375
27340
49369
27868
29596
49022
31278
29474
49532
52811
38403
45927
32985
24105
37390
31964
43832
36184
45848
25206
41922
40495
44719
36315
52888
33052
40219
47489
45672
49127
51091
38420
22590
44598
42672
40729
23964
33622
42273
41682
27852
49464
31393
33121
36725
36026
45862
26415
36717
23336
46683
34447
22990
39171
25425
38047
38988
44545
38001
36207
29893
33364
40886
33638
47898
26927
42777
32225
52542
38023
52556
43804
40332
30231
41642
26966
41822
45478
24175
27440
32219
33932
47140
31575
47376
50803
30046
41826
26947
26459
32680
47614
36995
36577
38590
40008
33412
49344
29436
38522
47786
43672
27669
49098
22628
32494
30728
52623
46523
33140
38480
41382
52267
43147
31579
38932
23473
30727
36926
22508
34853
31026
39591
43892
24778
29715
41235
41859
34340
52720
24385
35373
25097
45329
24294
26786
42491
25031
34978
42068
33717
25773
49459
30552
21508
23086
26345
51215
40920
45895
50009
41989
49051
41870
50518
25113
33985
29812
38685
45023
41377
40391
25808
36418
50051
51067
26406
33134
37626
39081
34400
30701
36468
30680
43391
44303
29455
41084
34228
35472
42926
45500
33304
52597
24141
39544
33693
29239
24465
34443
46404
44067
46243
45389
41105
27649
41791
49500
43581
47604
45064
37277
50986
26273
39711
35709
32156
22419
35571
30333
34469
29406
22875
24813
41953
28163
46818
34295
32100
33812
39009
21728
39921
22297
41684
32139
21356
32945
35174
42559
45458
38397
37326
44713
50408
41657
45790
42021
53233
24492
33113
52025
48292
43075
24326
25186
25629
29561
40962
33300
32403
21497
39514
48636
53130
50055
21465
27528
25162
48540
49695
45481
27279
27984
53491
50648
40322
29309
41691
31319
38632
33314
49129
33209
40602
26117
42711
35748
25141
40861
29783
40662
30482
45614
38052
21606
47225
22582
45917
22604
22033
43016
23955
21284
42651
27575
35361
41263
37600
45109
31803
31387
44264
53180
46154
28932
51053
31597
25335
26170
41359
34872
37510
24645
31434
33531
31334
24230
41764
53230
45318
38112
23467
22846
45034
44599
39710
37112
24061
32440
35563
51753
37929
50553
53337
44356
53285
25634
30215
52163
35214
44972
35221
38673
23866
48745
49569
48808
33481
22341
49141
47478
49276
26187
50174
32390
53579
39531
24961
45276
28977
36986
36745
49825
33739
44922
41892
21376
35105
39452
36174
52815
21700
22915
26030
35314
47897
42315
42880
29052
43252
27850
41811
30616
22888
34197
33780
22824
40414
41798
30506
29483
27749
31869
52899
45028
43081
49445
44335
53049
22759
50681
37932
36441
49855
35142
25921
29345
38603
29938
44112
48065
44048
33213
50597
49434
30578
40903
46196
48747
46540
34899
48514
21421
31808
23754
39458
48187
41676
46851
22371
33078
48414
36545
46472
43816
38314
39037
39864
46823
24313
33126
29687
20925
36676
44199
33621
41157
39489
21992
37477
38808
32061
48407
31217
41513
53611
49000
26604
42478
22652
33178
28840
40513
46959
36733
49226
22533
21419
38065
32890
37004
34379
37552
50783
31672
39353
47118
40138
30049
50558
48384
32433
25079
40024
26908
21984
33385
41101
42591
20971
48965
29312
50548
43879
44832
52610
22323
42841
23608
50922
49001
28399
36184
33640
25815
36718
38396
22166
41597
46700
29110
32976
24088
32319
44752
32582
26601
24245
27699
41551
34744
38406
28295
24065
23321
40454
37020
35070
26862
33183
37641
32144
36397
42623
36627
53497
42979
24334
37072
38148
40569
22691
40076
22496
46646
47607
41835
22062
51462
34266
43856
37721
52602
38436
44542
52262
53007
49903
29565
30604
48051
35331
27584
51653
43653
51858
52100
28069
32733
26918
28795
26667
37516
28631
53418
23126
46693
32449
30991
38201
53244
41141
24456
46162
21933
22575
35824
45592
25056
30856
23691
43731
47756
40813
27044
49584
29178
25232
52340
23573
33996
34205
52550
42802
39229
52336
48345
39897
50090
48517
32006
29839
29778
26800
31906
51683
29274
34318
43686
51454
34836
33083
42125
47228
50304
50373
41982
49018
30227
23009
28587
41712
49848
45149
21369
27970
33045
41686
25569
46097
46863
35627
37014
28759
24976
31537
51816
40115
27015
28073
49256
36353
27185
33647
30797
47662
44184
41204
50710
24906
31833
32749
26353
52447
47529
35149
50012
39298
52378
35697
40074
48807
23963
41115
43272
51386
30526
22946
25760
31083
30015
33000
38782
49737
25793
35211
22673
52626
47578
32480
36660
35145
32338
34845
47118
26762
23976
21589
28982
53019
45654
33450
37275
23363
30806
23230
53156
33247
51429
26986
47891
45234
50055
21939
36399
27389
34891
33273
39458
37967
42832
52594
53920
23967
43400
35287
48329
34968
38588
31069
50513
30004
40145
26855
49630
44428
48201
47738
41393
25583
40461
29681
37257
38705
30313
42482
38596
53573
39256
48928
26056
46094
41986
40850
30625
51315
24451
32901
41707
50098
49390
33869
48115
46838
43665
33426
32793
23851
53883
25784
53369
31505
29244
42655
32714
34191
41964
53133
46981
33355
36975
30568
47178
22135
54006
44073
31105
30702
46537
52109
27709
46207
44101
42253
25957
33672
44576
30737
29461
38343
22517
41569
41282
38766
29948
37596
29085
22645
22040
21612
35514
53044
39448
50489
25202
43313
52022
52765
26502
24119
30180
44633
28292
31144
40137
44934
26095
36371
44550
21966
38298
34569
23997
24667
27989
52525
35284
44560
42699
28811
35574
23159
48811
52523
38619
42747
35078
24037
38858
33880
25849
45430
40284
53327
21387
46548
51842
39838
30168
52671
25801
35887
46704
25753
26845
44944
41466
29815
51276
53667
45853
45688
46221
43927
38304
21846
39745
32534
42191
43578
47032
29120
43297
27605
23991
48345
39193
36780
24953
34110
24938
32179
49395
28574
30814
26142
29277
50406
49272
43380
31725
47869
32345
34533
47334
46514
26080
34013
28625
37875
33429
51161
40458
23871
32584
52090
40063
25437
37109
45527
33205
44111
35051
40216
25868
47234
53805
51009
26435
31047
24089
52299
42046
35719
50247
23161
29191
35505
39348
48361
37140
36856
49952
29802
45512
45500
50868
53901
29499
38725
24808
51967
48958
29879
24740
28437
42906
33602
36517
51113
43161
51610
42019
33061
29896
51367
38065
40413
44538
24701
44900
41634
44944
33166
23351
29075
52728
32286
29358
50999
44916
36856
33466
36297
41501
26208
28893
31443
37671
53320
52366
43775
35686
22215
53215
45097
21777
23494
54109
50616
44743
37117
47416
40751
45007
23326
37796
34047
49572
30031
35454
45984
53937
26846
50227
45279
42585
44336
21982
35706
26170
33787
32432
47338
22707
26037
45717
34176
24739
37453
47124
51891
43636
39448
23927
24505
43609
29454
35117
30804
53203
28214
43372
26095
37498
41311
50971
28393
48122
39185
49134
45105
37724
26307
27603
48403
52615
24398
45453
29009
26374
40354
52894
43382
51979
40376
22123
21863
27572
33736
44187
39227
44942
25531
32448
28748
22616
40163
33081
34446
50953
40426
29527
48160
49428
42248
44734
34593
39658
53369
50702
42949
27584
37679
30403
25256
44691
25028
29274
46434
29802
43954
49846
47451
35804
29894
52673
43233
49617
41682
48214
47735
40845
54179
51295
50800
51690
53042
46650
27325
26084
27166
32098
41220
42587
27738
25675
31474
26389
53283
37773
30929
30979
27958
25669
44637
33733
25663
28088
43475
41071
24212
38458
53580
37262
30243
43855
43593
48230
22954
50447
49039
51070
33062
30927
39221
33375
34445
40701
31483
31384
30399
45132
23773
25093
44730
32273
53736
43601
39182
51693
53581
31162
24466
32941
38324
23828
25940
40046
34514
23313
40150
29189
24894
52415
36471
28062
36992
40786
41775
33442
28523
25380
34687
53983
25262
52218
47784
53475
33189
34441
40476
25000
49525
34617
39218
49527
22103
46632
42269
45062
48948
40050
21791
42980
44915
30384
44794
42262
51983
53438
26536
48899
26860
36546
22603
39309
53099
34665
48999
29057
40764
37748
41551
51249
24691
46708
25309
29279
26078
50385
23910
36445
31382
43793
41709
42355
36309
47703
41879
31873
53511
40490
23903
22501
31780
24440
25355
46751
44092
39131
53087
51379
36948
49178
30864
42191
22640
43251
30716
33070
39665
42264
23063
29628
42017
25975
35497
32123
25613
32958
53559
25893
28307
49951
29118
42259
49595
43857
50600
28765
50763
47319
24824
37699
48789
28548
38856
45772
38804
46143
30709
44972
53303
26372
35609
45163
27389
24107
29881
38596
40386
42733
49344
25676
46041
44836
30252
53844
22106
48210
49672
41231
44733
54245
52890
25080
38824
30905
39645
49518
53254
25055
26162
37793
25689
36509
33874
43186
49745
23477
44423
44054
43677
32234
40732
37692
29953
34241
40977
24431
23209
53381
48660
46845
47805
35469
22189
39321
36149
42690
49337
46078
30703
28507
43545
38613
47614
37867
32171
54489
24902
22686
25977
52281
32326
51903
48433
40765
51764
40574
35030
41005
29519
39409
50100
46191
33649
45400
39833
29423
38115
47269
27714
33220
51574
52796
36628
30480
47055
25335
54029
49447
49923
33645
45305
23028
36964
50804
36841
51609
36762
34020
44513
48214
51445
48798
32977
44972
26113
53453
41926
31426
43099
24940
42082
46599
49860
41993
50314
50713
51316
23496
33886
36326
42672
48810
34926
35857
23711
40463
45098
26519
25946
30842
28827
44978
34882
22677
51025
54013
33686
42357
22941
37337
50501
51230
37888
28688
42496
51786
24034
27065
23188
53862
46471
28508
36727
41182
51264
27990
25248
29338
23262
25214
44956
27849
38508
51720
25055
30173
36126
23722
49496
40918
35716
27902
27976
34756
35331
25384
31059
52871
53894
39864
24792
36570
44657
44498
50302
29840
45271
23692
42511
22812
28908
46999
38538
35159
51389
44834
35443
39038
27678
40699
51310
25722
27620
38135
42508
44901
31061
22165
34533
29257
32221
27102
53735
52523
23299
42383
53485
47176
26266
35962
44691
23198
30524
30762
34377
43438
38132
22214
47783
46721
41531
32823
34305
52201
37158
26253
31034
49673
30941
42399
23773
43799
40783
46578
43113
48481
52004
50909
33773
40590
29171
33770
34773
29735
38582
51582
44804
23894
27771
36029
44835
47597
37212
31400
43832
25257
30128
37512
29818
46777
50051
49040
52580
41594
23108
46526
25352
33669
45758
38402
28838
36331
48970
40354
49533
38591
40002
25821
34017
26581
42168
28879
43150
32970
49000
40084
44348
26948
30700
40368
43379
30843
47151
42926
28321
46585
46628
29448
33898
47006
27064
43847
28223
41190
40709
34923
28466
42863
30920
38797
49160
49333
30485
30403
27536
23840
54857
34884
50484
54338
23105
24781
44494
26201
22985
30019
39613
30492
40535
52121
37687
26036
27642
45812
38880
42504
50573
50957
43164
32573
49456
49879
23714
37757
33017
26211
49363
38136
41958
29696
28745
52265
49942
34982
39730
54107
53049
54165
28639
43883
25158
28985
39448
36303
22892
27985
52403
40919
52042
45136
35173
27443
44642
23555
39639
49078
50123
23413
29948
25178
39463
43536
28579
44419
48341
38404
36680
34440
25448
33261
53296
52335
46423
27056
42933
41976
30197
44709
45022
50398
44196
28412
45362
44121
40262
27737
32462
22759
42229
50626
22710
29516
52980
35003
51305
35031
46565
23983
43960
47848
34108
54162
25047
34735
44787
36549
52917
36918
43392
24378
43145
32674
51716
33240
50093
30646
36549
37153
53424
42648
28126
26898
49319
27096
31797
33354
50115
41646
32942
34927
38441
40835
51102
45006
36605
48819
51843
36417
42432
44690
32754
31574
25053
28333
26576
48045
26750
30290
42949
31650
40100
42066
52206
23852
34167
23557
32722
40197
28379
29583
54168
37644
30787
22370
24951
37351
34250
34564
26477
27116
51072
53011
43316
37698
51969
25734
44658
49987
52045
50485
45360
28965
45779
33180
53389
36314
33743
54235
23475
29492
39638
43010
51467
52813
32687
31116
44461
35110
47205
43561
51483
30606
53914
46529
31022
52038
38686
26549
43600
37730
39873
30056
38892
51954
42853
41470
28963
47842
40023
53091
46529
45855
23775
41103
24431
24315
24085
37129
43818
47315
23799
42410
38643
24815
27065
39588
26568
23465
48476
45763
52180
31442
36226
35826
27875
30289
53889
40192
34584
30733
46006
49316
22498
40718
36380
29119
31020
48607
51484
40162
31956
22582
28071
43792
23647
41942
45955
43461
37099
37045
30946
46134
26468
40026
22585
33243
25851
29834
53327
48683
53204
44323
45717
36263
45055
36168
52149
25625
23722
47038
31341
36894
27029
45718
43166
40930
35014
37389
23200
33579
46205
51888
51417
36505
46442
28356
46990
50220
22814
23268
33016
34054
27840
38380
34203
36978
53249
26646
30419
29734
46161
28003
44976
53701
23636
42813
36867
40360
28559
53594
36281
47838
46696
32227
28776
39025
53837
48342
27432
46059
50739
53929
34980
42265
25410
49712
40305
38671
28110
44480
46238
53868
36490
54165
43660
48352
25592
43377
27135
29163
51236
23430
32630
22759
40594
45718
30392
23624
48757
42329
46768
42531
52513
39199
53114
34285
40131
38326
28350
25478
25424
28814
28221
25461
23995
45851
45225
41078
45931
49275
49338
40498
44524
32345
26238
22861
39141
34065
42737
39077
24138
39700
25037
25561
45778
32655
33187
49929
26284
51271
29227
43997
44654
54983
53465
49097
30798
43198
35760
49039
41364
34723
25179
22533
41039
23450
32122
44056
30023
42395
36922
49169
31284
25809
47144
43543
24621
27456
36679
44021
29283
26027
42079
39454
28943
39605
52633
46062
39081
42310
35145
53555
43355
44592
24843
35052
33461
26899
33553
46417
42914
22654
34235
30995
48795
40278
35176
43492
25114
54652
44173
50234
54610
52650
34308
52304
28957
35486
39334
49262
23862
28027
31515
32875
27048
30572
37617
52848
40070
28810
47596
52478
51165
30208
40605
40499
48103
45932
43318
34889
27009
52105
53661
50015
35039
46092
39871
54396
39039
35019
44583
39377
51291
39460
46799
27710
42339
47773
37430
31256
39210
36808
26802
48938
37344
27242
46600
48633
26240
27099
28474
24141
52042
28336
47776
38124
27252
41112
28218
47273
29981
35716
51269
43165
49282
38923
38412
42933
50036
25356
48385
37229
34826
47253
23052
52186
26003
46595
27427
39662
38606
55147
46875
47352
32862
29753
26558
55402
47992
28439
35357
29407
47327
40209
26920
35164
36882
42998
30331
47574
52931
28673
46459
52725
23692
45240
23714
42776
50910
27925
41239
43929
35130
26340
24706
39250
42403
42348
40222
24928
41299
53073
32784
28966
47533
23481
54775
35989
25971
24238
47556
40363
30265
29892
25036
40250
28185
37371
49947
30955
23977
47078
32523
39554
24106
55053
53014
29796
31746
24465
25321
46934
42349
50446
25785
38279
29039
31173
38874
46801
54029
42235
50574
49724
36028
39068
27675
41156
30746
51748
25632
23900
30172
53951
28712
50738
39431
47791
27264
45877
26724
37871
34118
38357
46381
43030
53443
46601
32269
48509
31739
49303
53064
47012
33665
35472
35125
38610
49808
44569
39413
39676
39512
25713
32607
36328
41878
49456
42298
30867
40551
45773
29615
51151
37982
27747
41469
42032
24788
40117
41327
33065
37759
38511
46220
42867
24903
52655
34445
48814
38740
52931
55060
39499
50284
37429
36378
52649
35964
53764
52265
52094
23156
50229
51916
38009
25688
24202
41285
47398
46484
34706
49533
45841
45969
55522
49473
55598
53381
54945
50090
29560
24719
49226
38621
45529
50435
24237
23029
35402
25091
29495
48958
49723
37455
44148
48804
42805
36189
50130
52331
47806
29613
43176
26656
54653
30039
23670
38863
34206
50918
25711
41846
44152
55400
29748
42170
40813
33478
46563
48857
53266
40786
54096
37600
49040
48543
42130
50206
49483
27541
42946
41176
53441
50116
42495
49982
32436
46585
43445
48798
47499
48655
43551
44248
29942
32008
36875
45074
29905
26717
30686
48300
48971
33681
54487
49014
31303
55308
22936
29729
47106
40743
51682
32756
30454
53892
39328
42176
55551
38560
32039
40982
54717
45995
52924
35511
27705
37015
27990
52300
38859
25711
30886
30552
35899
37354
36437
41322
32038
24896
27789
35735
29859
35900
40378
44839
32039
53394
37266
33423
41638
31860
51027
35488
36603
43360
27979
35837
50570
39228
39326
28882
49700
27044
32836
46787
32555
37251
51793
31011
42742
23776
29305
27495
29814
23291
51923
55258
34586
29337
36829
30354
44529
37020
44225
45218
28175
42198
38102
41873
51249
24863
54890
30987
33188
28325
51903
26327
29794
36228
34643
27401
43647
53911
29796
39033
51395
30605
44212
34675
35993
28991
35466
48816
24871
49216
34297
43141
53183
44982
51300
26715
53110
30313
39234
42079
47122
28186
34847
38779
23594
54550
30691
32644
36488
52747
28503
48053
38610
37401
53989
44892
55658
35116
27552
48339
46738
48266
24452
27826
25812
55208
32510
38211
51873
43842
35759
38454
39736
26282
23661
31894
47817
31585
33418
41724
44506
24292
54361
41475
38891
40648
33007
42235
36181
31497
37159
30434
48248
31392
31209
23440
45589
44627
41899
35121
48377
38353
35639
54776
46300
23294
24495
28178
43144
55180
49615
42457
46910
39115
34931
48203
39253
54722
44633
41402
39972
35710
52519
38596
38178
45994
51632
46982
36940
51552
38259
50957
48583
36927
43364
53005
25287
53694
40432
26582
53679
33983
33851
48259
44410
37736
25772
40821
31833
45870
34475
49920
52637
33586
26025
27235
30424
25809
30561
42750
44095
49782
42846
30143
30803
47283
43966
53470
54977
54673
38709
35274
30342
25124
52309
32611
26454
27234
46604
33897
46655
30517
26990
35380
48522
44750
38068
25510
44002
53053
24453
46175
34488
46910
41077
24623
44005
29014
35788
36561
38545
29983
49032
38870
27476
37600
53413
27359
36764
48481
48539
51215
53327
42494
27177
23744
23473
24313
34897
39029
37511
30741
37540
52752
29821
51552
48063
30022
43973
24656
30486
41039
31745
49937
32496
31202
39011
32286
31667
24416
42258
45071
45154
27472
26576
34737
53348
33803
27611
26716
25223
49848
40208
43137
54596
50811
40534
40579
43077
51178
24378
28616
53028
32961
46295
54799
45430
48086
31225
52996
27656
41295
31362
27153
46952
37650
44556
43128
38823
44413
34255
41887
47454
49240
53701
28074
40943
54279
33037
24655
35085
36612
49550
52710
43391
36749
49884
51392
42784
36250
41055
29882
29739
55570
46770
38674
28597
34878
26697
55417
28539
27262
38231
28009
38622
37691
51950
39096
40748
37148
28008
48238
29985
42365
25095
27860
53166
36893
31704
47565
41976
49942
45021
41577
39588
37651
54378
26296
27218
47037
28624
43996
47975
45174
55865
42594
30992
24906
46803
48851
45956
31778
34865
25733
30601
35387
25582
33463
48953
43479
35219
52189
24582
54323
24762
53049
39420
49080
41588
36011
44102
45685
45545
31434
37620
55501
26686
45875
53755
29805
55228
47394
29053
30594
51758
36415
36683
24616
32394
35258
43433
26661
27092
42393
34641
23767
32576
46673
24762
45931
50071
49300
44697
44368
45019
24939
49577
41195
42798
31876
34727
47757
33776
42189
41377
51618
32808
29506
44913
28203
32037
49154
29829
47726
28261
29097
47585
40171
27573
55002
37222
42643
44698
48667
24148
33077
32496
49126
50958
43577
53969
28412
29725
50576
42424
25341
49272
40171
51942
53558
48898
40747
48901
42938
47445
29721
48396
24244
35774
30808
39522
29691
33416
46488
44614
50407
40062
43787
51310
47716
54955
31261
31470
31556
25956
52064
47964
39130
32393
32709
40754
27076
39175
33298
46963
34568
50593
52368
53138
40803
34033
30468
37775
38109
48809
24801
24931
39073
48671
52156
51614
47372
55305
31232
33615
38404
40324
42467
55076
44939
49244
25753
50642
33427
35975
51655
28087
26644
39666
24378
29630
27229
41345
50393
29572
33960
33873
36056
47801
33008
35904
43055
54216
26631
26287
30539
41914
47075
53894
54019
40791
54328
40569
41421
56207
25933
23690
52530
32025
39176
28367
43903
52058
31306
53622
45502
27272
53891
50694
33252
33039
51581
50151
43340
52276
46972
53797
41828
26616
23945
44657
29863
52799
30731
25961
29131
53553
24471
49177
34619
38113
44041
43713
38087
52268
36308
30936
45466
48357
53654
43602
27757
53039
49648
38431
56315
44073
56212
40436
37813
45009
34719
53069
53430
45602
53290
38323
29433
27520
49947
25146
38602
30806
30529
27727
25210
49150
26529
28592
23639
49889
39178
35772
23771
37855
48624
42989
28964
33009
52343
33187
49572
44812
47821
50979
53530
44361
54717
25567
42945
49988
25985
25080
48839
32449
38104
34049
49152
50326
52825
33286
28124
26821
33799
30924
51095
37352
38181
37467
48559
27602
50764
26810
35483
28019
32698
39930
33722
46588
50669
47221
30346
50500
41073
53848
26138
37738
25334
31327
48322
52157
36005
28640
50705
44760
45492
46091
34055
24593
41784
25200
47748
41493
51515
29378
45057
50892
25359
51162
39550
54915
41441
45054
43451
45641
53649
47716
38827
46489
33730
34290
52262
39738
28973
27976
26846
43364
34106
46080
53652
26916
51153
39220
33932
27905
39277
29505
55102
27360
30067
47307
27470
44325
44739
39682
28606
40731
55948
38179
33379
30870
23908
38209
50581
52439
52888
41541
32299
32943
42432
41780
52647
27624
26263
43952
56493
43488
48906
29122
35258
23927
52111
53462
28690
27691
30136
32263
56058
29826
41224
53661
31016
33705
39429
51668
25720
52826
31630
43744
53728
28930
32367
24621
32166
31524
26419
33515
42960
51704
34362
43466
46301
30297
32267
26114
50866
55774
50154
37271
25047
28486
36526
53979
29411
37401
42957
31028
51253
24972
53945
38687
54245
51877
48751
32117
51706
32161
46412
31726
28382
53907
32547
35555
43535
24909
43406
49752
45334
53379
43649
49721
24253
41006
37157
28644
35453
29487
47331
44264
29750
39989
45758
27404
38947
29152
55527
49556
32524
44583
49291
26559
24253
56567
32240
47252
40632
40476
28352
41950
38183
48741
32421
45174
36884
27651
39445
29632
32476
35379
50032
41592
53217
26653
32328
40623
54912
24315
34047
42768
52547
39805
31896
35688
51287
38508
39623
35430
44096
32911
29258
48287
31947
42443
55676
45268
38980
35725
40744
40312
45802
52845
33179
52077
42656
33547
39933
40463
27365
40509
48609
56435
51462
43117
24858
40944
41106
49212
45520
35807
53263
45163
56532
45728
38379
40188
38961
52190
32182
35732
39428
40979
44430
52004
29069
52558
42970
32456
30341
51508
54587
53232
49842
50244
27327
35773
27066
53856
32856
44974
25397
31881
27533
43387
56069
40939
45680
52801
56298
48665
43728
52448
34897
41625
39343
40865
54637
33187
26358
49437
31881
29734
47464
43098
38557
29964
36565
53302
38431
50111
42128
52745
37659
53228
50211
48006
40326
37511
51264
30690
35280
30735
28155
33849
27576
49171
50743
32557
45924
30197
56158
33744
41137
26350
24406
28612
32968
47442
30128
54432
27122
35093
28194
39062
27053
44431
33591
35411
55551
35964
28997
27687
51978
40519
31136
47718
51681
34696
42509
45326
54682
27595
24697
54441
55716
56723
45803
33397
35931
36766
50104
52163
27866
43883
25078
41117
54032
28922
46642
36267
50711
33747
27494
37208
36032
35145
25637
52272
44147
31744
53273
37004
51766
55469
46511
38258
41483
34845
50193
53431
34943
43641
33109
48230
43648
42952
43251
35686
32623
43445
52861
37206
41334
25234
39050
25020
32796
50590
42996
27231
41238
38019
32579
36081
25440
26147
32360
31729
30861
35476
50863
24272
34908
28777
39663
33107
45707
28468
36867
37432
25328
39753
41342
46364
43973
34500
32411
27548
39492
37837
41843
39355
47476
48154
37491
43395
46914
29110
49676
37360
24531
32001
37548
50441
25369
31737
24814
51536
39076
26295
34830
33372
46523
48444
26783
27845
43436
49774
51072
53568
37984
26718
39180
45835
35634
53708
35985
32140
40961
36077
27651
46389
24196
27500
41970
44970
46046
39854
34746
38694
29811
26458
42490
48411
29689
47897
49479
32792
25554
56218
49441
51440
27545
27610
44837
25369
45051
43170
38021
46162
48072
32081
52150
38792
32585
54747
39528
24315
55765
53778
42939
49565
24991
48676
41648
47034
56786
29797
44253
35550
42720
35919
56678
40180
24854
31431
28712
43691
50549
34722
30007
36126
27837
48232
38027
48819
53450
45144
47606
42819
30755
54700
48473
29564
32721
44062
56088
31620
30573
31914
37067
31967
50045
33430
45623
43923
31233
42416
51836
56970
27976
43479
40335
56119
55560
30652
56811
33917
26030
25322
27268
28876
30195
37124
43261
43917
29360
26190
53274
42432
35059
39791
46712
39395
36434
24694
31100
26390
32639
45338
37001
42878
52509
48710
41078
34279
27346
37077
41791
38573
54430
51610
47098
47068
32363
41635
44813
48278
25061
38334
42655
26549
40587
52285
52044
31154
24582
48119
37149
54726
32442
38287
30903
33358
36508
26617
46290
34932
53315
40249
50157
30476
47169
46190
53824
36028
32947
56592
30707
52576
30999
55158
42893
34476
34910
48795
24751
34835
38210
40737
31490
37352
51418
32662
40302
49092
24428
48631
46477
29223
31618
26226
33631
31586
44864
26480
36159
37812
45044
50899
36885
55475
26607
48252
49102
56301
55956
54801
27657
34000
36526
34813
56595
51655
29447
53176
32022
33958
28982
52040
41357
26184
41656
27144
35067
52598
56386
39592
24797
34059
33622
39541
26589
44374
25109
51674
32840
54464
27988
43559
50882
33711
45297
26770
33081
49066
54887
39548
31255
51645
31137
36597
39868
39967
49164
55681
24619
27410
26096
31260
26883
44299
46592
50813
54194
28179
40752
30872
40421
29293
56518
34406
44610
27769
25780
42728
54618
51672
36901
43114
56025
56273
45654
31749
27392
57075
37287
39527
30806
42492
30450
42455
26010
27642
50971
28019
35835
37296
56040
46524
29068
51771
35091
27221
50162
31478
38558
40200
27487
53914
33127
30218
51653
56234
55548
31104
31299
36366
39344
50753
42212
41981
48623
45534
47752
46625
31182
26080
44322
25334
54502
25168
30756
34164
38499
35197
36152
48877
46936
39161
31025
55352
53078
46053
54593
48655
44860
25198
55404
40118
40528
43672
40252
57053
28047
42555
28599
37832
54594
47690
46990
32941
53458
54107
53911
24926
27869
52068
29565
39975
48009
56515
55479
27898
25369
50818
28598
52169
31422
34264
47203
37428
43439
51443
31944
42084
48251
32500
45325
41271
42142
43324
36775
56733
38483
53734
50636
44866
47274
52116
50218
51821
39898
40559
34776
46888
27096
50793
28557
41377
34089
42694
28944
35280
35316
55002
49903
38490
25947
44052
52852
36533
30475
42299
32213
49293
28946
39672
47787
54375
27122
55701
45221
54661
54515
34820
43134
28937
54461
32803
36652
45149
39973
31806
32091
45777
53576
48597
54041
43654
42710
37280
48083
41100
40881
54481
44672
50247
45239
57241
48668
51735
46299
30957
52824
40247
26491
46986
32912
26854
55534
29751
27901
48325
37212
45386
31788
53377
54738
39789
29870
43697
50069
34722
37138
44802
46519
37509
45584
55185
43241
50385
33031
40344
37264
24870
38570
54605
55323
48906
31221
33031
28563
55085
35687
57251
47731
25841
45163
47654
45499
49449
54039
46243
33344
55841
35352
42592
37958
27872
31981
48436
45392
25513
55380
28723
48183
32200
26370
34190
44922
42123
41623
44980
54741
37262
53457
34237
28949
43579
33024
56073
49962
46226
32186
47652
44414
51494
34511
34541
55941
42600
26495
35832
42390
51496
48363
30512
46329
28249
32970
35265
31297
25109
44125
32565
36059
49121
34725
28636
37608
34865
30931
45682
44104
44847
26624
33020
37879
35000
35614
25843
27549
46503
44591
44708
25952
30295
52149
31703
49149
34403
35177
37295
51479
26032
27951
36305
55759
45742
56906
45768
33172
31194
50892
54185
54076
40584
26961
41714
34900
49375
48877
26808
28341
50469
29027
25602
54360
57405
50584
56176
25964
52589
35399
41248
45221
37221
57077
36305
50646
28285
26408
46921
41666
28223
48596
26101
25136
42021
48406
36304
24893
36259
28196
52869
52982
45928
46469
48856
55846
28642
36733
34626
29037
32512
28876
36827
51602
47931
40856
50558
40474
43991
39079
47655
57370
51302
54481
42143
51017
38287
33461
33628
31065
32525
34988
26274
48008
37626
25339
42479
25202
33358
45645
33942
29737
35491
36448
35242
45191
44347
28926
36637
29635
55107
52527
52265
42819
57177
42669
57071
46257
31821
48536
39263
44881
39204
41579
38231
42898
43619
50735
54287
56547
26762
56046
27828
49607
37854
39019
36435
34348
42347
47376
55545
39929
37194
49960
53785
27110
32288
29262
30765
41104
38375
54565
47520
26061
54257
29514
53996
51772
29737
36743
55296
48417
26525
55882
27876
29296
29241
43093
29087
28456
54741
33206
42329
45026
44659
40186
33981
40362
25537
39582
26529
50445
54246
38086
41449
33651
39802
55089
43944
40624
40662
54125
38025
31445
47247
42311
50798
25164
45373
48006
56150
37924
25729
30937
35460
36009
46918
57613
28894
48184
49990
42627
47251
41041
56272
44002
25600
29422
53193
52745
49109
25619
36082
35400
49267
37287
34920
54479
52889
45442
36977
45926
51008
41415
27509
28767
45763
54132
26699
31177
30531
49975
50103
49383
35402
29828
34608
44513
26030
41700
50406
31672
50105
40336
54531
36991
26246
33086
30769
42441
28334
50235
33629
54622
34085
51386
30907
56882
56414
26988
45579
46487
52406
46160
32794
47281
36879
51149
25483
37418
57531
34302
49879
43048
32669
37453
49555
42620
25994
52547
40178
31005
41973
49822
45450
51924
47308
48548
36443
56376
55709
30648
47373
50909
31229
38187
34681
32969
37162
25684
45675
46119
25327
37603
34214
48960
53192
52594
53545
28838
28743
32093
32689
54194
32694
39124
30335
41265
55806
47406
41563
43099
37064
27520
54745
50181
56289
28527
56539
45079
26851
55362
26967
54079
52754
50236
48475
53479
42116
40488
46670
30565
36229
40245
40312
56946
42809
30468
57797
51678
46211
30720
40645
42114
31782
30190
38136
42869
41770
53444
30537
33155
34434
30143
45528
37594
55275
39088
36348
37127
33303
38807
55177
42785
38923
48242
26446
26180
54214
53591
46818
39489
26659
47809
57761
54932
43520
35880
46833
53143
54432
51924
49610
54261
27982
54002
26997
31328
35395
37608
36755
55175
32970
37094
53090
53314
48802
28349
49724
56336
53924
57333
28000
52164
26789
50713
48373
26747
48286
26454
45132
32465
51467
29509
39782
43605
46224
51716
41398
30010
49890
47499
52775
41039
52453
42301
27745
42801
33810
52158
34632
54462
34076
40709
45254
31694
32211
25266
30411
43038
27208
33953
43410
56205
44338
25535
55077
43915
34704
31004
40995
53966
45968
38722
51649
35654
42672
46022
45327
50260
48931
28444
33661
35127
57462
52911
57501
43975
50035
56625
51498
34661
32070
42288
32586
28722
33246
47595
48144
41599
42390
49763
56901
50821
57877
47797
30312
56406
57970
57254
54259
42004
39580
30848
30688
54881
28154
29469
36972
49430
43342
34369
57883
39992
54239
52781
49660
43816
39895
38768
34094
32281
57834
52225
35235
26567
43064
46731
48164
31591
26741
36872
49045
42713
38215
35729
39291
48421
51951
54388
34747
34085
29484
45704
25508
41087
57436
51389
46640
57047
41957
41463
57735
53570
41939
32797
33733
45565
46019
41324
30461
29791
46335
28690
37502
37132
33258
53240
37205
57964
43167
32479
49683
42331
47317
47790
25552
29218
43270
41482
54383
49574
38608
33576
29732
53984
26267
36063
57908
33933
34428
38402
30460
30503
55385
28396
40757
35603
34638
29020
31862
36636
52304
49796
28410
45856
26128
31580
27812
37641
51234
43836
51520
28159
50527
26794
54284
56797
47496
25713
28279
41697
30252
45811
32808
55207
30411
49087
27714
41304
41019
40806
27623
45087
36683
45963
29179
41948
47783
54586
31786
43293
27643
31099
29996
57930
54363
33830
35911
28959
49123
48376
42518
46175
44186
39655
51850
36295
51356
55731
46126
50241
39801
36286
25775
54875
57048
43549
58011
53495
51808
44271
33897
32324
55000
26093
27834
33005
48268
35651
39902
44944
45299
37023
47770
50289
42896
29831
33320
46448
39446
30703
25984
51256
39887
29707
57302
46778
48190
49762
35940
30682
32004
27428
27497
32871
57088
36285
30834
36945
51898
47018
30168
57366
55298
40331
37258
49790
47316
27258
50956
36488
52095
39324
41664
26020
38918
36341
51813
43554
48327
56449
28381
47595
36442
31872
35635
49519
28348
53777
38108
47838
40877
50946
33085
28059
37974
26087
50286
33262
34351
43881
44350
31993
53536
33249
49783
47341
56039
39718
34147
44413
35257
40098
48526
40083
36396
53676
45518
30530
33876
55314
29313
36605
45100
31476
39190
26374
55608
45017
41167
47656
35177
27132
48324
34985
45889
47079
53036
49787
33591
57155
26072
57778
57437
27375
57344
35131
57408
57167
41282
31690
45584
35047
30184
32532
50433
39208
35946
32575
44528
34185
43059
34454
36938
56538
29096
56706
36394
34517
34663
26293
33729
41463
46284
35753
37371
29582
29114
52553
48223
40466
36760
52462
40504
37304
47001
57740
31474
27461
40513
36142
44486
46368
36901
26271
48282
48812
48114
52074
37410
32212
56752
28165
41804
44776
44872
37962
33755
42663
49732
39462
44625
35485
42711
35989
33555
58287
33821
28878
49864
48884
34211
35770
34818
53446
49706
48555
33824
52761
32680
50763
33651
28684
30864
34003
31903
54718
34387
34941
44868
47203
54567
34107
38366
42391
34055
32937
44778
46065
56315
52032
57675
26076
28057
39373
32747
44706
56268
54050
45221
52682
38100
26124
47715
29860
45710
48005
32387
27170
57078
39210
41344
41193
57834
34799
42702
29608
48177
37649
33797
31657
29627
29516
28482
46502
29994
31311
27850
26845
44690
53869
57329
33894
51069
26261
41787
26309
39475
34436
27584
50108
53816
39737
31701
40035
54293
32681
26856
32122
53851
53685
30892
30717
46054
53081
55671
34809
44895
37926
47592
56735
49156
51954
33740
48278
55212
42958
48706
26006
29189
48696
56094
48691
27937
34706
29580
43766
52017
44499
47094
53170
49552
28285
38695
43541
47363
43471
57520
47742
41791
29243
26250
44814
51627
45082
57854
50434
31080
44447
40898
54336
45199
40713
46949
47407
45241
31517
53740
37068
39621
47060
50110
31483
30677
48977
32189
55066
54170
45333
39350
44764
52178
50038
34299
50005
47374
55629
37966
28753
54457
40944
28673
55786
32854
51552
48988
39002
37385
46787
29759
54797
51801
42772
36872
37883
55092
48665
57015
34868
34867
30613
27985
51900
38944
56000
49026
50330
44982
33268
34949
38188
34215
51881
27465
57789
49124
49571
34252
50009
31256
40810
52171
50912
38261
26875
29854
45914
46516
35005
32862
35466
36695
29622
38984
30662
27442
44799
52838
41222
33577
51573
32876
36410
39995
40370
57824
39649
33216
28732
29053
42455
50670
48635
56794
29550
27554
52977
40263
30145
56670
57637
48375
28485
54669
32736
43877
41889
39951
56092
33264
35520
48369
45882
37320
47652
40060
44275
47118
30845
35954
41361
48439
44922
50836
48991
50098
45023
28775
36446
35274
31704
35896
44345
33485
35724
31582
55931
35694
49142
30143
40448
48488
30704
39574
42665
42596
31633
32371
45140
26141
45497
55939
34316
30658
54250
49425
29820
43676
37978
31565
49322
36336
27206
29772
30434
54311
30856
54609
42479
28972
49772
46923
55954
30742
41664
36254
28460
31751
47402
44582
33726
30803
49599
39545
45587
33765
35536
28269
53820
54239
32007
38875
58173
53633
27059
48034
27654
51020
37729
27630
26789
26983
42156
37818
38841
48449
35158
48019
48170
42104
56727
35743
42775
36602
26548
44767
40464
39018
53204
31665
29062
38085
35344
34201
55167
53317
42697
31808
56974
34437
32062
31677
36099
54503
58461
45588
32863
44083
28122
32252
41227
34176
55167
27366
48713
56920
42691
44602
42602
49175
41629
35300
36674
54932
40858
47119
58073
55811
53806
50224
50275
53274
39751
30023
57714
26739
33576
44386
58219
30770
54901
57954
38198
55527
39306
37889
37178
44726
50705
58132
35721
55733
34516
44558
35927
38549
58831
54982
44721
37509
41098
38266
46956
30291
38566
32019
39003
44244
34485
38058
46021
26759
36175
43596
29717
44149
39522
49914
35796
56411
53449
52212
29141
38923
33824
28984
28079
26128
51415
48453
51312
29073
51846
26148
30096
57208
56448
27561
51236
32466
30891
27383
34900
55417
41103
52034
32015
57841
54444
42969
48638
55185
38417
39779
57782
33251
42538
53352
56369
27213
30938
31508
41343
49904
36041
41016
57529
34256
40448
52626
27447
36661
26291
42830
39938
46930
57949
28364
54156
44837
50963
26276
56223
42142
43281
47080
51092
29187
31898
48297
42181
56467
27135
54204
36677
42602
43005
41405
32462
30628
53323
58197
57338
58053
57972
46265
52662
34905
26851
29299
32500
40407
29756
38757
48289
56267
57587
48139
29655
38708
39703
39680
47187
35371
54382
48836
52009
36806
57543
48316
31158
55100
44172
41338
26839
53834
33175
29247
41048
58069
36422
26558
27312
35792
58066
50723
56555
43360
55516
30292
39655
29758
39241
50295
43971
54366
46160
26548
29333
50894
32721
46908
40795
56032
45033
45194
44085
35467
56771
45801
47825
29199
28849
37942
58918
43736
40315
29415
56421
52645
28663
26956
54572
57321
37593
34325
47101
45169
51661
44565
34544
26440
53699
52037
57764
52440
39818
27916
46203
35921
38049
48573
26631
30031
29258
29026
42175
32951
45791
37304
32503
40161
51561
52090
40719
34045
42863
41186
47594
42927
39180
42350
28065
57597
42820
42720
54905
35691
29848
26504
28691
44132
51160
52677
38627
49116
47417
44234
48611
26420
46504
35486
44169
32606
52317
34662
55542
57921
31410
51687
45680
55135
27190
38215
28690
30645
54525
27667
47042
35042
33851
58503
45412
37772
40209
37385
55885
47360
44967
42998
44283
35864
48251
47521
28931
29026
41977
48025
51018
51838
46155
43563
50808
28872
51570
31016
48042
49976
45974
45289
58216
52102
55194
56463
44758
48785
48628
44431
26926
56321
33724
30831
53613
28971
57858
28362
31821
33590
48997
47770
37492
58492
32737
57015
48875
47411
34537
32922
57809
44877
40886
32615
56145
28060
49118
31787
33489
32314
55336
46945
40556
47144
42911
26556
28323
27701
50405
28192
41551
55586
53706
35569
50906
43779
36125
30865
34991
35304
46787
36644
55279
31677
31237
54679
50534
40303
53806
41952
43965
30545
40278
47751
30961
28861
53625
29541
44036
42750
34764
28588
56050
43885
53840
59175
54502
27867
36775
31939
46254
53295
45351
48207
30572
48208
42797
42368
27535
40262
26547
26680
35842
41628
49957
46599
39843
48392
31601
52467
38135
40782
53598
40820
49692
50785
31774
48579
37119
52427
48934
58452
30671
36176
37437
54177
32177
55502
36819
54570
48053
50024
40341
37306
27144
52451
33598
40171
52588
26704
58288
55788
39142
42732
52291
40322
38838
35396
52829
45389
45964
49565
55107
40013
43769
54930
47662
54437
35876
36095
41122
48798
51134
31262
54523
40174
28728
38640
39753
54843
31027
53727
35933
46043
35640
58273
42788
32222
49065
27487
35892
38990
55543
38423
38821
34229
51990
54591
52514
29408
43054
26795
51775
45027
50580
49072
45837
47709
44280
30090
52461
48381
44512
27899
48033
43077
41813
53045
38057
51342
49627
29178
48332
32077
33191
26882
50165
30100
30989
50845
45888
38364
47928
53145
33109
27393
36637
42598
41205
52878
37553
45432
56786
41019
40538
49389
31652
47284
31908
46960
52089
31132
51766
47709
43852
40658
37380
44325
41946
46323
31174
31733
39089
55584
37544
31122
48778
42497
41539
54408
52184
29193
30668
59267
38817
49916
41355
26877
39565
39599
38543
48665
34365
33040
43169
29903
59101
28517
53878
43338
33533
32985
46633
55950
28060
35892
57320
29278
32390
35562
41197
33885
42209
29015
38575
34931
51202
56393
45658
38002
43653
47039
54397
55546
33692
49904
53507
58778
49831
38287
28517
30775
45317
35406
47902
56242
58922
45729
47198
39365
49650
47044
53506
33838
57653
52479
36292
55568
49308
38697
28591
34454
33203
44395
32215
53721
34367
38726
56134
58628
54737
27607
31033
34998
33179
30298
47501
36007
31363
33774
38260
41871
36214
48791
40044
46659
31231
47497
57202
29217
55064
37540
40050
38575
47680
52539
48643
50815
54477
51737
33617
57174
31620
32966
58458
40332
52327
56838
34398
36534
59086
27555
54416
38787
27065
42348
37138
37092
44133
40830
29216
49264
58653
57794
40844
45062
45651
40119
42090
43188
47599
39794
43276
54487
53991
38627
35121
52612
27920
52825
39545
38695
43828
35144
46876
53610
58212
58955
57564
40537
31119
39781
36920
33987
51284
35724
33763
53731
35861
54632
42100
48703
33869
48984
53343
55761
48931
42166
42020
33637
49983
51292
37574
28482
35804
45158
57983
33036
35614
28474
57778
31977
42662
32198
59425
54243
57957
35593
30816
36750
44461
58581
38282
41194
34446
56787
41266
38538
59231
54471
54684
32246
45723
49429
45101
29775
37103
59525
57377
43569
30096
41539
36220
57053
48338
52010
35907
38552
39159
53057
53227
36942
49476
27782
45842
48763
38747
37611
59245
51020
46788
34207
41474
53249
41677
41358
55191
38805
34452
27947
40298
42145
47970
54637
33314
35454
35130
48151
29446
35241
54706
47933
33133
36716
46338
49668
40053
55483
37211
28329
37624
48221
56442
51653
29116
57420
32636
50895
37354
56925
31988
44514
27586
39971
31035
53952
33164
55825
40199
48408
30418
48608
34367
42500
42956
56368
47886
28374
54556
34162
54071
29972
47036
55813
52136
59329
37172
27039
47185
33246
35856
57839
51254
52785
32913
36993
53187
55365
29091
48097
52576
28338
54799
38915
40006
55966
33266
55778
51601
45188
50286
44648
49046
40501
36255
39054
47990
55836
45264
31428
49396
38853
38639
53139
32899
42401
30015
54657
58275
38915
56397
45621
45934
42351
45861
53467
36206
38932
29381
32714
39602
30871
46546
37220
48417
54802
28810
33854
42766
53085
58618
30338
37132
49548
42865
59537
33283
49080
50996
37612
56707
47107
28531
54100
44121
27094
38012
30000
54112
37229
33071
55600
44186
27798
55474
49200
46719
31925
57446
48479
52629
43532
42521
37792
42049
44089
54909
33328
27869
56320
55256
50313
27146
53835
31998
51591
55624
30831
58493
58826
27588
28081
55319
34139
49520
58889
49269
41106
39513
58918
33049
30775
45622
32945
53397
56551
31292
30934
57594
34233
42298
28161
27796
47650
47585
29925
31444
54038
40803
49603
29070
55152
55361
51177
50789
46996
57181
29305
58499
27731
56151
55915
39565
32015
39958
40405
42197
45343
38565
48234
42962
28788
54081
40257
44750
38781
33200
41433
33503
49737
42964
27225
28184
53996
40575
44828
48896
46883
53385
54124
41027
45371
28704
38286
39080
43054
38496
32768
51011
49936
33059
32766
45036
54185
58139
50506
44016
54372
31262
53037
54022
32104
57280
51897
28804
46340
51239
42578
55506
57168
41755
32365
45855
53521
54109
51094
35668
59870
28730
55736
49222
39297
50527
49305
41520
54432
34031
30116
54624
48285
57299
59115
52528
32442
30802
28524
29496
44673
58081
42131
52930
40803
43324
40193
49278
33183
33717
38028
42616
50789
48332
37255
31814
36667
29441
28483
52102
44193
44262
29141
32904
28656
29560
50970
30535
54408
59055
39161
54430
50218
32852
38120
32696
31395
30995
36018
53193
52395
33745
38007
49659
54796
54080
49652
52140
54023
40368
28932
40150
43251
37672
45415
59086
57895
31157
49603
31538
41242
58370
48104
55068
52937
46633
54872
28316
34905
27849
57095
52326
36862
55897
54111
55751
50459
52923
47495
58078
59307
56596
40677
43784
43743
46044
57314
42396
56072
47921
40173
42713
39608
28017
32962
41244
31524
40455
48108
49750
29645
41605
55688
34238
32096
37364
53581
36291
54234
36455
31433
55877
41967
52439
50669
44804
42925
53034
56524
48729
30301
33941
37536
27684
35754
50212
50190
48389
51717
54679
36011
50639
31815
31856
30142
44857
39576
47434
33352
41431
54928
46444
48193
44617
45725
35998
42789
34227
43173
59708
48047
38509
41964
42632
53476
57595
53815
27972
38484
39231
36914
32385
33693
59373
29967
41138
57648
57408
49520
58116
52824
32235
46471
43762
59512
48979
37499
49171
30612
45051
51982
51767
50194
30527
42878
30131
31170
48966
57512
45561
48157
34866
30323
48748
53194
48025
50540
31090
32103
37945
40878
42442
37253
44519
27909
39456
40436
53705
38483
36574
57410
53957
49202
32326
29054
36409
39130
51902
41793
58605
48454
40810
44528
49222
31122
48896
37947
30652
59560
46296
57321
43661
46875
40003
39896
57779
36179
29214
44863
36372
58603
42151
32311
46842
52567
54671
29562
27842
58314
33360
55146
54232
33366
34496
38997
56291
59990
44518
59383
30524
28169
50445
53824
59045
56703
58648
45400
27960
47801
58901
41697
32925
30988
45333
57980
51584
52166
58426
44430
34882
51220
32017
37956
45551
56867
32034
56276
55665
28038
48326
54790
47363
30936
57401
53748
28648
48290
41712
35341
51292
44414
27949
45920
39371
41341
59344
37400
39745
43207
33392
46914
47650
55681
40874
52183
51483
37620
56249
36086
39768
31723
41287
56689
57335
49244
32899
37003
53693
53835
31860
53760
36616
45548
49805
53062
44549
33032
32897
34323
57635
58785
52313
56351
49096
32729
53955
58411
34626
30480
49069
29762
59392
57933
38162
28991
45826
36831
58388
29583
31630
28740
40012
43320
33061
43081
58718
39194
30133
36467
46800
43893
29712
38814
41500
39852
47773
30436
33539
46921
32333
29888
35365
36416
59857
49523
54735
30840
40203
50855
36116
38023
49346
48211
45343
41918
33433
34014
39111
59237
36162
38023
51812
58183
53487
59396
42977
43378
45065
52841
41235
37688
58405
35404
57417
35705
44852
36391
42277
52773
44281
55293
49578
49404
55489
45121
28053
51608
39758
53235
58353
50350
29972
45580
32486
33425
39080
37916
50642
27895
35189
59954
41371
47616
37553
51708
43843
53364
43663
37167
51388
49484
38326
52009
35838
31349
57075
39382
34904
38608
30506
42448
37379
28541
37267
55754
39933
53849
36898
27950
43028
33221
37959
33285
32065
57770
34776
55832
38968
30138
45644
59220
35389
38136
44585
47987
47673
30330
53951
39641
48141
31597
58903
46780
45606
55899
43815
53896
27986
36777
41031
55426
48850
46948
33257
41387
45232
46141
58756
29927
38995
51153
32977
33118
46928
32814
28986
55331
56963
40595
38800
43284
51039
56184
56316
50945
38786
43982
28216
46864
49804
60296
54782
53087
48690
37210
59329
43244
48270
53185
29084
59570
57529
51011
46216
42005
41372
44536
32209
58496
52995
36937
29899
36429
27891
36600
28865
44773
55614
48737
60206
30248
28500
35583
57903
57103
40540
50993
48953
52111
42372
50750
38407
38849
60053
43159
53207
59457
40650
48477
38614
47060
42466
40227
38361
59469
29556
57845
57421
55985
53891
41113
38513
53913
52050
34580
39363
43224
39801
50289
58807
37214
29753
40381
57519
30812
29453
54358
47400
47785
34945
49510
41777
48485
49479
51882
35362
43228
42376
38008
35466
51884
41592
38144
51305
58155
45613
27858
30112
57859
46513
43168
40101
54815
46422
53317
33659
38091
31561
59143
47842
56342
48234
49433
44491
29819
50011
53860
50446
38337
53719
55944
29535
37664
44102
37405
48511
37541
33678
48446
37551
54232
45355
51016
35178
51611
31106
52191
54355
35669
51314
45362
33645
57680
39981
46976
58762
28768
37446
41436
40454
51398
51979
56365
49844
56403
38676
49784
38425
40913
41756
28002
45528
56222
38416
42992
46446
28570
54630
29330
52511
36419
58288
46944
42288
45855
36209
37795
40279
55387
55343
55959
53360
44977
59337
46447
50289
57999
52747
33946
54944
40309
30848
58949
47108
60062
45191
34337
36377
40932
57769
39526
35784
58334
39466
45592
38549
36427
31198
47241
52251
59315
33598
53791
31669
35915
33467
30295
59519
30234
32851
60170
59261
29274
28513
34031
44569
34337
37049
53602
58579
34368
47860
36195
53812
58987
32009
36322
45571
33691
53022
32058
36028
28081
50589
37371
41790
29788
31369
41708
49860
31548
41235
48208
38166
55624
30568
39529
49409
51053
35534
44347
28420
41591
33263
35218
34380
33845
57716
60230
46563
30680
32470
44222
40484
52637
38257
55219
44658
53676
45531
45878
35625
59967
59251
29429
36821
57606
33853
60346
49570
56267
46829
28980
50708
51282
56129
49402
45560
49027
57492
40653
50331
41930
32433
34333
58169
32447
44261
38095
59576
57858
36696
37694
40342
53097
52892
48512
60449
60510
36231
45546
42214
33922
28990
43222
59243
40855
28563
55715
33569
44700
55185
45310
58516
37945
51284
48224
58085
35934
35359
28376
33146
46888
32168
41739
31220
51972
38326
32377
41569
45590
36590
39426
33715
38620
55786
37800
46194
41998
60300
28054
52141
31689
59282
56930
32822
43501
55658
30351
51215
38340
28487
48982
35871
46820
60276
46757
50217
37206
49129
52329
36607
48375
34844
50441
39667
31775
54553
42290
29327
42369
32725
35546
33158
58706
30143
38783
58857
39342
45977
53168
57758
52791
57990
37839
32783
39679
52068
38421
50207
60072
37979
29142
29282
60361
31926
51207
52109
45460
35570
34045
52011
51126
57621
45943
48786
48511
43842
32991
51222
60483
56457
54989
41596
32000
44547
44493
47282
28992
37919
32098
58813
45889
40503
60747
28914
29012
29799
44036
39529
51331
59294
36496
52143
33398
51189
56694
49339
60056
30016
29450
48419
32373
56803
36589
41360
32102
57320
33495
30064
39793
49230
40084
47338
56171
44195
29005
37655
54367
31445
60937
45167
58932
39749
53619
58753
41353
28957
29406
59880
59108
34020
31366
49018
33036
50511
28441
39362
48819
51802
48246
55729
53080
52888
38836
29072
59244
53959
58470
50489
28596
40872
32541
55943
50158
39438
37167
60939
50359
40244
53687
49152
49324
53075
55261
44417
30928
42100
57944
59898
50222
33667
47153
60637
38591
49574
34505
59286
28557
59341
57629
55232
29209
30345
50249
35225
44794
39969
50507
40627
57288
37091
52234
60653
39480
36280
32663
51618
48776
37115
51122
38176
42270
58763
34704
39516
53100
40991
30171
38628
40982
34522
46587
32532
56919
38688
38548
53901
34977
40359
39247
38115
47747
38097
42974
48790
43472
48441
39482
47684
32510
42123
29231
49692
36044
36506
28699
45462
43815
29868
58611
40801
47439
36632
58758
54173
35638
40212
49926
61003
50729
57032
60612
53762
28849
30119
40763
42723
47548
40702
33872
35279
47864
31949
43224
48087
47744
57559
60251
58867
44986
52725
51223
50423
36735
41903
42568
53700
41853
43021
35495
47547
28890
58283
54065
47992
29210
33804
57385
48060
43075
47152
52832
42666
51007
47977
42676
28983
33153
33386
42711
52956
46828
48801
34642
28557
35568
43975
58057
55791
42486
56245
41600
46534
42494
29817
37918
39596
33414
38057
36017
46857
59310
53751
48371
58175
52379
34310
39628
29989
51481
56700
33815
59319
61060
56665
32425
43788
42984
53895
47503
45192
58727
57265
45976
34642
38619
40281
43796
40200
47549
32805
47834
30386
32326
31098
51344
30197
51155
34380
43046
32394
35982
41013
39076
36846
55371
50372
32294
42842
30384
34583
32036
32245
34969
57260
56055
30537
35002
44660
51097
54259
33671
41769
29869
31903
34384
32738
40383
31028
35249
59877
58828
59468
56105
48316
44549
35559
51721
37771
51664
47200
39824
31904
46096
52896
35412
35660
43430
29329
54499
48113
52536
46293
40875
56925
47152
61113
44567
31318
40200
60260
46843
57974
57030
45397
55346
59706
49602
32780
60806
60501
39343
54790
52943
43594
39129
37615
47455
38457
42156
35348
59550
40441
54134
39191
41458
38504
30574
38630
47074
49663
56052
44781
51322
42410
37402
31883
47857
40918
34148
31427
49289
30155
39372
39989
56503
52028
39433
40780
47236
47132
50449
29368
50483
28852
42461
48671
29220
46067
39020
58127
31224
29701
40970
35384
35574
60711
29394
37080
52909
40633
56946
60022
38107
55956
59950
51923
42382
56991
55848
44062
32393
44189
30686
34151
32745
37961
50164
50518
52233
41893
30004
58653
56994
29071
59603
42923
40759
30357
59381
55586
29360
59402
58996
41612
36933
51545
40669
50634
40349
42906
44988
54732
54839
45923
40474
48904
49674
44257
57667
46116
49000
54823
56269
54006
58408
57285
58837
38319
31236
33693
52364
58451
39488
49650
60147
55917
44173
29890
49122
38144
52524
44374
42319
40128
56918
36887
36045
49282
51420
41635
58707
29682
45067
49184
36415
34436
40146
42961
31642
50861
58407
55782
61342
58706
52390
46745
60789
44417
46971
37750
51524
58463
53379
47866
31080
58721
35246
35424
36096
52927
58792
41400
60331
53798
54712
55865
49811
32174
44776
30424
49834
37131
31334
49946
37939
45831
42282
37926
41861
39728
53977
57374
43787
33741
55273
57263
40592
30743
40711
60903
56249
53926
32181
39495
50131
32810
48184
41242
41679
55899
54449
48645
34699
44851
44426
36062
29012
51290
54035
60609
30376
34530
29805
39265
51520
59188
42920
61085
47950
33098
47400
35412
43523
55583
35405
49273
29012
37732
50003
38250
52478
57973
56438
45693
51911
49035
49754
35036
45575
50227
39339
38548
33896
47103
58880
33256
31722
42619
38918
32491
43562
37218
50906
45902
40163
37650
39094
35958
43957
34110
40656
48081
54053
32739
43135
52587
49382
50301
53664
36028
30039
59770
53304
43973
40524
55791
50523
57435
36625
32138
38220
60354
31148
40136
35557
49277
52579
54631
51769
47717
56958
45855
54905
40185
47950
49293
44820
52213
53870
42096
51234
29222
52809
40727
57859
35452
51676
31770
33859
32609
49854
52297
40897
54345
60509
31714
39953
36234
51338
39175
54302
51823
43320
56942
50708
50567
32640
54875
31357
44867
39913
43467
59050
38592
50151
61426
52820
54498
49313
37352
59523
44450
51959
38560
52143
39849
30916
60185
58661
31261
36704
31448
32685
32955
57194
44181
40298
50726
36292
38709
43265
48254
60894
33528
49662
56373
53560
35572
43123
28958
61474
29378
35809
48583
53191
33911
49500
59657
51561
35541
42219
59869
38638
48067
43566
58737
34972
42747
57411
45948
51233
32003
60649
31950
52438
49758
49894
43051
58692
49923
38823
35161
31208
55822
56359
34424
60723
57782
48402
42898
48341
57215
60969
50291
51259
49328
50408
50363
57430
47880
58982
42545
33951
42413
35966
48474
29016
56933
42540
58443
58132
36616
55097
35771
45945
59190
39707
57948
45893
40517
36631
34412
58767
53629
42920
30086
32848
37512
54564
44735
54817
47652
56221
47854
36166
54043
57861
36683
51180
45429
31894
32316
41391
35308
46705
43627
42591
40352
56966
45084
42500
52748
39859
30910
35359
44345
35888
60607
36915
56881
29738
30629
36228
55735
49070
37467
40991
60213
56265
51144
61722
31222
43758
59302
60445
29333
39063
56210
36898
58550
36911
53855
48504
43251
56112
46512
42254
41754
43657
40390
48366
29845
53058
46998
56840
45865
58978
53535
61233
30692
31761
32762
49515
55888
59898
38451
33127
44013
29939
55639
57928
34782
60896
45006
58794
35555
55764
47211
58595
51079
58746
32834
49032
51867
42932
51898
54068
50146
30593
40931
41092
42766
55588
38153
49510
55531
50819
33673
38036
48347
54989
41443
49755
46722
35167
45841
32417
29634
47081
49175
44070
37610
29644
36828
50442
31018
53959
53560
44176
60747
61139
43854
52769
51868
40267
43036
44436
57392
41296
44368
52396
53318
56684
30557
35298
33801
51317
51919
56421
34682
43445
53211
37216
57770
57415
52283
61051
48428
47556
44857
56740
29898
39968
41993
34319
55415
34510
40539
30331
48773
44843
38193
50360
46360
48153
57326
50790
59355
58602
59824
50943
36337
30593
44768
57112
29743
35251
47368
53475
30600
55795
36068
36345
33736
41775
48827
51798
60038
59381
41199
49317
42579
30938
49364
35775
56888
47644
42430
47470
48480
60550
34398
31350
29457
32148
59470
37846
61153
41688
56810
30027
44326
50332
54882
39190
42926
31689
46093
37119
48816
42760
40192
58522
44547
56102
47584
42185
57998
45757
55028
55426
50176
49425
39806
42706
50881
44088
52044
57890
55848
45694
50826
55482
34542
40711
48090
36483
53730
61878
49319
50193
46815
48718
50101
61152
53243
34519
36349
34526
32002
38212
50617
52522
40739
38994
42939
61468
48360
34739
60162
45189
41580
37740
33423
60472
53704
41596
45429
45513
55246
42174
42288
49556
55546
48144
35383
40961
60069
32949
52949
40199
35964
58616
34868
29935
54833
31762
44475
61019
44400
43086
40601
39302
38933
29803
42402
38093
32412
40002
61275
31343
29400
34985
42576
56209
52968
49814
43438
60549
49256
41352
37389
50763
37860
47394
30862
57688
54418
51737
46118
44439
37952
47697
33081
60334
61323
55363
51051
43906
41554
60834
61875
37885
49258
58686
36017
55311
59027
34856
40769
31986
30635
38423
61776
54707
47650
48394
46318
55278
59822
46127
50597
44505
37184
32260
61961
43395
49462
38332
33681
32094
30162
35812
30885
56828
49643
54854
42232
61718
37346
55054
44056
44498
39640
57131
35396
37445
51742
45048
40829
53815
51437
49180
61663
58151
59480
51119
37938
35215
35198
55198
31165
52074
54788
32848
34906
60402
56515
52105
49104
54446
59069
36239
54620
36780
38998
53644
32401
46860
45761
58676
56931
32190
35256
51111
51326
46475
33136
32665
52956
30298
43212
40112
52630
51884
50129
59437
59642
34154
55898
35023
45535
42208
40716
40436
58421
59145
49805
38402
29664
29453
34545
50181
56263
48136
42869
30874
58151
33037
59504
41483
52526
36459
58246
47035
42693
42030
58399
29893
42669
42473
59415
42464
54221
30643
39096
36486
58826
44144
53221
43349
37849
59730
32151
51125
50641
41631
33166
54459
56197
38324
52544
48973
32336
42058
57878
53127
45297
29944
32727
60254
37273
31993
38756
36483
33347
55088
54695
31114
43844
35945
56006
56396
35875
45282
61852
32650
36522
31498
56169
45523
53309
46984
33736
31655
38251
48767
45282
57052
39875
52752
33762
42305
48617
60961
56745
33410
40425
49501
31682
36171
51658
59260
57752
54192
36455
54469
57830
36557
60538
49873
56432
47529
58362
40593
33777
36705
35239
38803
49236
46210
39651
46208
33062
36790
33731
37098
37964
38307
35686
43076
54513
35856
39557
53810
50883
34889
53324
54276
61791
44229
55656
43900
36873
59911
48482
30424
59809
50882
38443
40460
58578
62272
58872
41296
44173
44036
32591
45274
30902
44975
45922
61933
53021
52256
47773
38162
53423
50911
35707
41382
59118
42172
37789
39572
58782
38067
34589
57444
29889
33299
47648
29813
54982
37344
47274
33158
57086
36725
37047
52603
44111
35949
33415
30814
31788
47044
35641
44197
43460
45114
32155
42163
44410
54776
40257
43425
45206
57206
61396
61245
35130
46492
47277
61779
45719
56104
53922
46636
38240
58191
56352
39509
46207
48039
59771
35233
37384
52548
45441
51569
57451
47393
59477
47155
54253
46018
48251
42537
43097
50200
43567
43884
44786
59813
39163
40752
30893
60897
30600
37961
61597
58587
51637
32495
31407
41251
56550
59326
60055
40680
38558
53248
59146
43614
37201
43823
36142
50530
31603
37302
59471
36961
60629
37112
37331
47734
42545
48275
36208
48338
61188
58598
46492
58721
34203
38609
52293
29867
54641
51387
33731
54008
59320
55514
37899
41143
49718
49326
45093
42528
43090
41423
61408
58905
62063
36841
33220
55382
61304
48133
47432
36549
33980
58634
52549
51753
32765
45443
55979
49668
53187
54946
32627
41915
38390
45189
41428
36085
51372
44985
47034
34116
54592
49149
41588
47879
31140
35912
62124
34703
51192
50189
43165
32384
34907
50621
50304
35962
60673
53902
47943
59641
52357
44923
41870
57210
54913
55179
44751
46048
30301
41815
49877
42517
55396
35270
51059
55540
50461
56860
31861
41063
50904
44851
60375
31436
52615
44039
52277
47518
50383
45433
59267
40273
53343
58700
55806
59517
41601
33396
48482
44607
41198
47760
37982
57309
52199
53429
35397
56744
39809
53613
56070
36647
51009
35839
30558
50801
44008
45297
47436
62171
50064
47564
48326
59091
58360
32287
45226
46348
46877
39366
46071
59612
41482
34924
37693
40418
36336
39503
31314
47851
51065
42563
60999
54294
59482
40186
41882
30775
32552
57730
33965
60794
59756
35599
31863
41289
37881
62459
55674
53103
38269
47627
56565
42109
55127
37876
51802
57196
49320
40990
35586
46725
38829
37031
47648
33662
36172
55467
44276
31462
42732
48835
52033
62147
31370
30923
52224
31865
61705
46313
43606
54765
33482
46026
59076
30187
41597
55343
59550
47045
51767
53161
37822
59965
57028
47264
59001
50597
56638
59802
46034
36165
34526
48570
52718
57341
32531
35463
46280
31788
36817
41712
40230
31440
34860
35724
58316
50670
59685
50214
49391
52788
54468
51832
53228
50141
62311
47671
48954
54997
50009
44624
48285
49693
34470
51058
61853
42610
49966
31692
42039
30761
35065
37912
53202
33886
62154
31192
51829
53581
38135
47839
51766
56832
52855
58900
57078
34091
45117
42355
46155
34644
61124
47444
44990
32822
37356
47344
48951
52072
55044
48161
60341
39994
31016
53865
33858
52448
54221
60214
29991
43218
37786
37732
40796
46706
59770
44036
50242
50159
62447
32348
55700
47978
53929
53550
55707
33368
38999
58174
58274
59432
36541
61198
49322
59429
33030
39916
41055
49821
32860
32814
41546
45379
54967
39101
32583
47826
39922
55760
59194
59891
41252
48378
59134
60257
42541
61543
60062
55115
36239
35683
45000
43514
33408
60443
48254
44979
50493
41640
44559
59359
37280
36169
62534
41833
54261
35312
52449
57960
40970
57601
37700
46334
40581
52566
47215
41855
58490
50566
30510
57814
59709
60007
39055
53797
36469
48849
56473
39596
61042
36005
56123
53996
58561
39694
61827
35852
34045
39431
36625
47227
62439
59166
30666
46807
54969
36727
52689
33806
52408
45843
30643
55491
42761
44370
46817
46579
53957
42679
33380
42200
43344
62444
31180
44557
39654
58886
33897
52212
59254
61449
61630
56405
55732
50607
43059
54599
47210
55141
51978
49492
57870
53143
51348
50904
50842
62765
51109
48810
45976
38742
62277
40446
42620
59012
32680
46986
39223
57016
31585
38888
32009
42751
49362
33084
55191
35388
39911
51734
46653
60713
30724
41882
60325
58777
43579
35550
52121
55040
43971
59795
55573
47156
55461
43496
39585
58997
34489
49579
35037
43436
35025
30897
52062
52720
62004
61049
47032
30286
44622
41740
50908
36042
49317
34599
62629
62369
49423
55196
48557
56273
59427
51190
44901
58587
49133
49244
48741
59848
52454
45752
55040
40810
49954
51992
56348
59364
39884
32596
34880
32621
40656
49649
58607
58960
46295
56389
52277
44087
38264
46044
43135
32938
42412
32539
59056
44243
39555
44323
52848
55940
46102
34040
46279
52347
42173
49123
48364
60388
30850
41748
39767
53023
37077
56460
36637
40388
34945
42810
34173
62948
37854
31332
39862
46738
45384
51273
62236
54178
48593
36869
35691
38577
49715
50868
38747
61798
35849
56282
32629
50422
59198
56579
34596
49902
35781
31910
51215
52013
37770
32847
30630
60207
36009
55805
43771
58002
31711
61641
36052
53458
58173
56521
47614
61528
41252
39476
47076
33459
47981
30663
47456
53797
60136
50279
42448
60513
31496
32775
38509
31379
53724
37836
48600
55969
46145
54639
60918
56752
39511
55780
45054
53227
43057
56121
41680
44415
40657
46528
37769
43242
55635
49264
33876
58998
43624
33929
38275
37120
44550
39031
34014
44030
58206
41465
46906
50881
41743
50050
32846
62711
50585
30944
40131
45171
36372
42779
37514
34865
44322
58272
60274
49300
61474
46750
32250
51443
61606
56497
47203
43604
55335
52158
41482
54135
35832
32542
34549
58903
54649
52990
33196
59756
55949
55045
55114
34292
31310
45112
55763
44659
57855
33307
50376
55865
60993
44825
51193
46243
44170
40998
46235
58852
37076
62371
32922
55557
45970
37762
37937
41771
44008
63146
38327
61465
55835
37277
42940
38901
46663
47704
52564
49743
30544
33659
59571
47711
42522
53929
34810
55438
61693
46642
62545
42297
54131
48623
46902
39089
58900
56174
35348
40070
60101
36175
58392
45573
59692
55790
39488
57855
61287
56643
50613
55756
51965
60934
58458
55696
52756
40470
59301
55229
62693
39451
42414
32217
32622
44138
57477
57986
54118
59178
55241
42159
47734
47541
39030
52280
53414
62785
32511
37785
46870
33984
40861
32499
57070
56325
35046
58451
32919
57895
38049
51511
37676
56106
47833
47438
55339
38108
39728
31360
53105
56062
45174
49710
42853
63140
57978
53179
32115
48351
59936
36939
33468
61592
48052
45002
55563
31679
60286
47921
48139
50086
49303
47108
51896
40103
59899
54559
34068
41229
35294
39091
53787
61234
35652
44940
41464
37604
62924
49557
32889
40461
46028
61341
43969
46227
32419
56923
33597
36734
58699
62128
58073
47961
41262
41773
48755
38362
44347
33493
37263
52933
54072
59684
63309
61453
41818
56144
32409
45372
35347
39630
36514
39446
30763
32024
61325
47225
53522
61614
52074
60808
37749
54106
47975
38409
61455
32185
46403
37386
49858
42999
60678
61387
41446
35802
32496
48600
30689
59394
62895
51318
56055
51311
32981
50752
38756
47171
61320
47122
40872
49353
50043
32806
55075
55735
61470
62589
60129
44720
39442
61569
44215
56845
60128
43496
42127
38109
52458
52443
52224
44074
41890
41816
43042
43903
54265
52181
46496
54438
45339
49958
56078
40118
41305
50592
54653
46670
36710
52095
54093
37147
31687
42117
45379
62112
49797
63204
36315
35894
59685
42334
42720
45649
35033
57515
46393
39174
43256
59419
47878
47562
40364
48508
30700
50813
48875
53310
63404
52647
35752
58325
61179
62465
36170
46431
55950
59191
36701
42119
38004
60908
32647
58281
54184
47358
35262
62263
51687
55820
50361
60507
54207
33590
33444
57053
61161
62500
39448
50760
60120
47178
47946
55880
34706
39530
42371
48727
63167
61786
53456
54424
62207
43527
57338
47107
57729
45754
61112
41411
45522
43930
36900
48604
61426
32883
37228
45841
48301
53173
54474
57861
41000
49856
55478
40864
60091
47966
48986
61108
38910
31377
59974
31969
59431
42128
32357
59062
41875
50700
58415
34584
48290
48823
38945
54760
50120
46343
57194
39392
57825
63287
46312
61886
52421
60816
33362
30885
59933
33254
31159
35264
38005
41061
41767
59176
46738
46478
62128
51208
45317
52604
31372
37375
48640
47212
36248
49605
51049
55420
58888
50962
58157
31923
42073
55227
59863
60738
47752
32286
56161
36105
38786
59073
34377
46173
42715
45366
42216
43273
30914
51266
58624
55186
42549
34110
36244
45504
50545
41660
46844
54873
33453
49774
51512
58928
45319
35396
46213
43614
59327
40149
38958
61392
32675
61696
52133
48130
33994
52435
32210
48905
61573
59307
57003
42711
49043
63389
34565
47035
47252
44565
37545
52775
63168
59325
41131
44470
36057
37793
44535
49517
54366
38288
32301
45378
48386
42949
34479
61658
45149
32711
36856
43927
56800
47757
33071
45522
33550
54246
35323
52069
33769
44312
40602
37741
59307
59079
31277
49486
36279
37401
39766
33527
44751
32024
61189
52327
32391
40536
40335
49263
33018
58329
44545
38586
59579
59694
62387
41740
37135
55519
31264
57799
59481
32013
58100
44467
57045
50004
60007
33534
44425
47094
34250
62338
35193
48181
53343
45127
38683
31744
47726
52297
45578
59090
44693
40059
56574
45016
41312
55563
60924
39250
48922
58344
51914
36667
44002
55426
51622
54572
35329
51409
35383
52094
47738
52120
56004
36783
35811
49131
32164
31750
52084
59887
58102
51834
60510
52449
43666
57041
47453
58969
33343
31749
50321
44752
46118
59627
35210
33632
31110
51222
62882
56524
58794
42746
51855
63424
32024
34893
36664
53850
52492
60851
33480
41704
38692
42137
50689
44020
58717
55905
44756
37246
39486
48064
31278
37768
53587
41829
53268
53720
41949
39900
52722
31993
42440
47281
35632
39043
44765
35544
52231
45724
50233
46156
54931
46271
46590
57079
40489
45500
50504
39634
47338
54528
58979
59213
54168
55063
62267
60401
38825
39791
57875
42052
47002
56159
54394
33517
38278
33383
37499
53272
47095
40890
50709
50972
33020
37113
35563
46939
56188
51778
42555
44138
53961
57193
31508
57715
51320
45701
36548
33751
48241
60335
45456
35095
56130
40454
40873
39924
50873
48631
44635
58581
52401
52411
55686
45418
32812
56608
50514
49039
59554
54669
34847
44915
48025
37696
53435
57593
54390
53979
48344
49246
56979
33311
62397
50717
58769
57079
55611
44559
49136
34744
60643
43479
34780
57511
43382
37501
38474
62140
63645
56665
46148
42917
36570
55347
63105
34574
50111
61608
63289
55584
47710
35535
57911
53831
60928
43805
34608
44089
63258
63366
58963
53300
40060
54245
60193
63110
33996
40350
51583
57171
39987
51842
45322
34963
33366
61171
51882
34138
38024
61256
46186
55900
59453
57459
61319
33712
51650
56288
62662
34772
37676
51873
58123
48114
61327
60361
31784
40289
56944
39445
58355
58479
35708
38098
54683
46174
52858
53242
49980
36012
59262
36769
37808
57240
52063
53903
62121
61921
37996
53295
59132
59345
60251
36264
41792
41850
31874
52809
50328
55360
52554
58154
62413
63383
34272
40464
40096
56078
33581
60306
44894
53133
50441
55418
41140
58842
36011
34414
39877
44130
48996
54224
39546
46647
57742
47842
55321
37717
48575
44078
53786
40489
35906
59429
52022
49748
44743
39942
33984
41132
54361
50689
41528
46211
39313
42141
60190
56877
63753
46423
57092
63164
40980
34443
53223
53518
31660
57496
63167
52234
37292
35392
46677
55846
31296
44109
32853
41516
36249
39034
37028
40255
39397
63376
62195
54809
46462
41680
34453
44438
33121
44177
62605
51318
61411
56362
52204
35422
58271
41234
47194
49697
47795
49478
34546
60222
39468
50923
60755
43178
36286
61749
50931
56527
53177
44167
48311
33492
52536
54748
35521
44319
47771
52581
55434
52504
52280
40051
55088
43056
59214
45720
39441
40483
57146
32265
56728
42105
37614
58183
45143
39763
32414
55295
45654
57188
38332
42286
57003
48446
63783
38024
37707
43471
56736
36123
52000
58411
46717
58160
48732
58508
63649
57202
56588
48278
35243
49490
55280
52448
44910
49321
43914
62385
37794
53919
57717
39175
45016
46541
31736
48094
46516
35230
49115
58542
51030
62715
53369
41270
37913
40999
53783
60792
44416
34279
34420
44549
43117
57319
38817
40826
56980
45657
34067
57163
58416
47839
59127
61887
34292
50859
31685
59708
58181
46052
46104
37573
63654
41548
45245
52161
44660
38689
59146
58622
49107
38977
57201
46837
36328
33425
49749
52048
45897
40862
42779
49065
60337
48773
55685
50581
41977
54289
35131
58337
50755
58916
38827
56603
38521
50776
63507
57172
45814
57317
54748
57637
36226
40134
62762
53232
61572
42519
33201
62312
58483
33730
49098
43604
35214
57178
54214
58512
47565
60999
37762
32340
34583
50980
38459
57528
59829
42597
63140
35704
45831
58941
31542
60405
39029
44479
39112
42365
60073
39747
33631
44748
52475
60939
49479
59603
33069
62246
62563
37560
39769
47509
52673
48925
45607
53677
57201
44709
57155
39868
49304
46004
41999
59887
47040
33655
34453
63859
57202
38949
64191
34523
63751
34948
60362
33218
57787
63662
63992
41905
56835
34837
49285
60995
44833
57541
47069
54406
42741
52201
34828
37797
44566
61329
57206
32452
61473
39346
41416
49708
41553
48238
33582
57768
38992
32662
58311
63022
39757
35694
32598
61122
46927
61616
50490
55448
62153
53715
60576
62073
42094
45452
39159
36711
56134
35478
41636
35972
36098
38063
55287
56880
32397
56035
51806
63602
39651
34572
31705
38553
44070
34458
32942
42531
43759
60560
59742
55517
38882
46287
35031
41548
37765
52375
60139
42060
43090
33867
36609
52983
64266
52852
47883
47048
54605
61449
64184
60416
48744
34286
40682
49737
38510
33722
53610
61338
59274
36797
37083
58202
57747
57410
43244
44744
46049
32273
64210
64410
47455
36920
43510
54756
43746
38155
33002
52540
52153
44138
41634
45340
50310
55106
56289
60552
41036
53334
43249
50416
40904
57920
50071
32855
55045
57010
52550
46773
51499
39682
59795
53914
63127
38374
56553
34069
37169
43644
33662
45268
51962
62605
46213
37004
62181
51730
58790
40092
54248
60919
41643
62445
35410
57376
44412
52252
50015
61098
55885
44251
39690
60531
31766
64148
35874
45276
62787
37968
42656
50381
49325
35032
32824
57594
34506
42777
37678
41317
37664
60877
32619
37412
48640
40536
57808
63845
40560
63216
46538
33455
39017
55297
62759
44907
39747
55504
59944
45218
42093
36702
59351
36360
55905
36751
56474
48698
54231
58763
62217
37956
57145
36709
46333
42598
56920
47611
58601
37400
35421
50461
33134
49483
46082
54001
42793
38130
54274
59029
50384
39105
32717
54791
54653
42036
38529
37698
38217
36052
47638
37034
58397
52662
59608
50346
51909
51268
51995
37020
54854
33343
35114
36585
48498
34053
48512
35953
33977
49680
55099
45357
37954
41152
32973
39954
62523
39258
57077
63033
41837
33104
48110
49470
48147
60611
62182
58598
56044
51526
44977
49156
31887
38373
54975
49309
50431
56422
43339
51018
58751
53198
63958
55774
38055
46119
34004
59721
52408
62337
49573
44732
50221
33847
49094
58382
54418
33907
58441
56159
50073
44788
39810
47611
41579
36111
54020
55936
46908
35316
53196
39492
42274
52019
46267
38385
50727
62079
52554
39282
60317
44209
61561
50963
63665
45584
36872
47587
35651
39887
51178
42845
42741
45783
33271
50248
38530
39879
33249
61660
63314
33849
60777
61478
41803
46408
42194
44718
60649
44879
32662
56406
57745
45810
49497
56709
34338
56163
56091
55173
49614
44510
52401
56362
60200
49782
47734
63669
43901
59924
35646
44023
44136
62909
41611
34746
50081
33555
35588
33116
37142
61983
42274
46525
49981
59469
44589
42076
62888
33976
45927
42428
56794
43432
50567
41229
47705
32601
32872
50440
47108
37887
47875
51227
49575
48390
62363
62406
60877
40350
52279
32581
32469
63095
43861
32111
43336
41673
54493
57822
37994
59032
36692
57680
51471
62006
43346
45389
33456
48905
62262
60170
38590
43406
33048
38286
58934
60574
51455
39699
36214
57841
61780
44463
50767
44000
58263
57139
45147
44143
63313
61524
62353
60810
51530
39688
61718
56975
37627
56371
63062
35597
38470
32899
42580
44748
61797
63640
36158
51981
61217
47209
37445
41234
42820
42467
48044
46561
33616
56019
63774
49990
64369
48645
59460
47639
40881
47021
51095
47547
49515
34055
35699
41197
53506
61243
51565
39870
50130
59779
60903
53977
38503
55951
61410
40971
48877
38185
63251
60419
41960
50197
43064
39254
60198
52539
35756
41158
46321
61448
49721
49859
38793
41745
64558
62002
61137
62713
59058
56430
54344
62613
33624
45708
54075
58447
40436
38884
44345
48328
54444
55756
49864
49858
58962
54439
62550
46140
47857
43551
36722
53470
55973
44206
39996
49560
50864
42083
40730
41863
59595
53475
41645
47640
36026
52398
40452
35951
38947
46499
35599
61962
62624
48839
49494
53921
57363
36674
59626
40273
38714
37546
39324
47866
36483
40580
64110
32742
44321
37128
62791
57515
48735
52517
53995
61010
36148
47045
54057
56760
56856
39506
38231
40501
47895
36473
58619
50044
50724
55086
48843
50882
34223
51952
41432
58147
57210
45902
33030
37185
46504
50602
59583
58926
55831
39229
44264
55692
52207
48731
45844
46834
62331
56056
44280
48786
53304
61548
55072
47385
52524
44659
36832
33495
44921
63352
55948
53792
54066
64019
41707
48370
43629
33744
54506
49623
45722
61746
40078
55309
54291
57079
57900
51941
57332
32926
55004
58473
41004
49191
42283
43841
44500
35610
39440
47064
33216
61642
55842
58554
62292
62939
63239
56897
39321
49410
63792
54640
49808
34060
45507
55839
62663
52258
59609
41048
44841
34891
48106
46338
56090
36146
49285
58812
42180
55082
48965
57356
44459
50031
39680
52153
52616
40366
47169
58485
54612
42696
63737
54975
34979
63700
41073
58376
49459
60515
45955
37397
61637
58119
43274
59812
62763
39702
32407
34898
62115
61611
34150
35260
43107
45038
64400
35813
62325
56469
50561
53976
62405
37547
56237
53134
34681
58512
49279
36369
36992
55874
37522
52962
47214
62938
36644
53144
42631
57690
39112
34507
56345
43429
38490
55088
43792
43727
48696
65029
64196
37271
41391
49328
53013
38450
36020
40355
50618
54347
36309
33922
64982
58439
47727
55688
40396
39373
33568
51239
60245
35718
44159
43246
43472
51233
49163
32432
45785
56475
35170
52963
64796
36797
62388
55622
34155
63206
56182
62151
52751
51210
43099
34723
59484
36091
50048
35023
48265
39911
48614
51351
33726
63778
47910
35461
43117
34342
62560
51844
32998
41433
59253
32581
38950
40462
34422
56290
63728
44621
64348
54465
44832
46039
54265
60348
62267
35557
43566
34686
46154
48433
40031
55856
62441
48567
43556
39766
43163
37309
51521
39155
39520
35601
50905
58356
60810
63378
51422
39883
53196
59889
33740
40283
64404
32697
63639
39188
34202
51341
52961
54367
43193
45745
40817
39484
33791
41165
49889
40745
32512
36077
63638
56391
51311
56523
63990
42424
41711
52049
52692
32843
62502
35674
61487
64091
51731
34745
41501
35828
51874
58492
62978
49720
49534
42354
60421
47617
49191
40426
45765
44488
33860
36286
57415
39622
38970
36752
46900
49496
57853
48212
52289
33960
37927
43022
40942
60810
46407
39901
32883
54436
45435
45369
51191
63442
43585
45689
51972
65225
63626
58520
35640
45818
38160
40504
33341
61113
56042
53223
39163
34718
55389
57762
40715
47147
41462
35223
54895
52400
56277
32815
59265
38764
60748
46412
53546
61429
37545
60112
43348
49626
49487
55390
49570
61062
37388
48228
33886
34407
42406
65113
40371
40272
47031
50755
50460
48668
54203
44413
47900
49557
57448
60599
53040
35988
62782
43838
33282
63849
44638
54142
38879
61564
62111
37061
44907
62517
57311
55881
45203
42010
53655
44909
42948
64311
46514
59712
57690
52675
41888
50502
55644
51712
59814
36220
54118
32867
33912
33174
44774
46837
46345
58763
52107
35833
43170
55635
37371
43983
59186
56815
62661
40472
64485
43947
64918
60955
35831
48544
47791
45672
53195
46716
41110
47034
41527
33414
46092
54050
39458
56028
36928
40802
57938
36351
40258
43415
50047
45458
35514
53532
38060
41311
58074
57002
34231
61339
51601
38596
63534
43627
48130
52050
55908
39591
58420
45196
47300
57309
54539
63769
63846
36249
49783
64888
62944
44515
35307
62112
59231
52490
40721
62435
55542
62112
45244
58392
37941
43974
39454
59897
48126
35498
62523
35786
35220
48973
56221
44604
57333
44426
48713
64144
43370
42068
50675
61439
45916
39487
45678
42074
64617
37697
47206
63470
43191
37818
47185
49322
37000
50355
57763
45188
40207
44387
38465
64280
59267
42488
41529
65170
52849
59284
39856
62415
62806
56725
65308
59839
57965
39961
56243
36878
44742
40897
42018
38147
64664
47798
63363
39592
42968
53994
63113
34603
58634
54689
63742
46212
49752
33839
46960
50008
48865
65027
48423
38173
60499
44004
46682
45440
52924
61563
61090
39683
61085
49682
37806
55019
53569
37275
36921
44121
52044
41716
37689
57015
57751
47721
38745
59221
44091
50043
65194
62036
61420
54495
38549
41668
57737
46538
38933
57865
51184
51308
63523
48771
61463
64954
40049
40302
42841
46705
51290
50182
45069
46424
54809
64495
58461
34501
36922
54997
64342
33122
48975
54608
42043
50225
49124
62730
60447
54734
46261
59939
41394
51445
43294
34772
43868
35395
47058
40019
33672
47937
35280
50167
53059
48798
49555
63389
49925
55740
42633
55882
51662
36719
42183
35346
41589
38913
62715
63544
59197
39545
32930
35990
45994
35612
54907
38975
56467
54069
49979
56164
61047
42514
57986
41588
58901
42831
48142
48775
55094
50775
49455
56573
62926
62247
48762
33378
46403
36949
38338
44181
61965
50769
54340
57386
55679
39916
63778
42252
33764
63510
65555
46695
62670
61676
33880
59845
62891
35826
36850
37239
65177
54172
60178
56886
41340
58900
65489
33802
43853
57655
42529
42603
61365
53216
60419
53158
62170
64618
44539
63363
58745
52336
37825
56613
42805
35287
50490
47153
49966
48399
60326
34099
39638
64661
54043
61757
45824
54717
49202
43217
55098
45742
52736
36352
34653
57774
59464
39380
58210
41376
46574
60652
35191
55242
34735
54118
39506
53980
40720
49154
55238
48942
57748
33411
37268
45130
52274
48473
54403
58282
47878
56958
36787
41155
55623
40862
42030
55874
52601
53626
37568
62613
62948
63118
48137
54701
51524
61681
59088
41474
44994
51070
65690
51928
59427
50737
52347
53697
52544
64979
62509
58724
36790
59098
44895
47996
47070
43915
62799
52260
33792
56673
60571
53841
63171
39346
36181
46496
43496
57744
43349
49490
47416
43246
52947
52372
55739
57603
47413
47108
61739
33268
50213
58482
49576
55213
38119
34531
64941
38415
60905
64988
55363
63569
57500
35805
58741
61344
53635
39723
57091
42249
33418
61138
41307
53913
38808
58603
62660
47043
51559
44571
63197
44289
47764
40540
47174
39614
41714
64256
58013
55156
50468
59891
64172
45330
57963
58944
37600
42400
41148
56790
33277
36645
38678
56461
61969
50889
62482
59492
56231
33591
62140
62220
49468
63045
37281
33963
48887
60887
49193
33754
49812
64512
63015
48879
65442
60011
59823
39554
62446
64762
55080
35114
36927
51116
36769
45192
55619
39876
49513
57223
38090
53288
44761
47585
55090
59655
51061
48358
34082
58046
55092
65913
40316
41981
49179
57179
57228
56101
61968
54700
41350
51957
38126
56494
60207
51814
39125
33997
43226
64467
41156
34524
35478
65373
64361
43426
58278
42126
40503
41109
40497
57149
54970
51173
38715
33713
42535
57788
63188
36361
64312
47301
55439
63706
48694
52203
55350
59163
58199
59235
54972
42302
63307
52972
35699
50592
55826
56661
46463
56355
39952
48448
65931
40217
45411
40743
63419
58213
61300
37020
34273
57820
35020
55509
63987
33778
64298
65127
65725
49554
41938
55890
64723
59981
60967
56382
51658
43959
53372
58372
49063
55054
35624
54384
35480
43549
56792
49990
43746
40800
42794
60034
45339
35177
41591
48868
35481
64898
47087
53164
61994
53652
37612
54179
55557
45384
62080
34650
56321
36459
59472
49334
39173
61591
63910
56236
63680
59408
54977
58442
49306
42988
40048
41463
65770
35703
54239
59387
45929
35541
42160
53058
40423
58089
60749
48476
52540
62582
46461
56521
48258
40580
44854
60020
64641
38918
47539
64637
61291
36025
39621
42555
60618
65871
57966
40322
57782
49869
44204
50465
49483
58674
46483
49327
55642
38233
62366
62856
57183
49696
44103
40210
51635
57546
46805
52293
51459
53410
57718
37994
62977
41441
44173
41250
34649
50130
53325
63403
41959
56884
49287
47967
42279
55776
41664
39805
56813
56492
60039
52780
47446
48270
36870
48317
50686
44549
38102
50481
65907
45492
51992
46331
63466
34128
37569
57607
35889
39869
65845
65274
64485
57460
42776
41916
62437
51752
59488
35636
51462
65705
39599
36178
43273
39432
56801
58451
55242
45820
58080
43072
52409
59012
38080
41912
50318
59598
55304
58864
39737
51544
54349
46584
66072
41045
64518
52032
58989
43858
50843
61274
39951
40217
53439
60673
41056
42198
55040
61531
35198
61560
48796
48251
62910
44634
41111
55850
36694
53795
35594
41959
63577
41195
60606
54060
45801
51359
57081
62195
55720
34470
49560
56185
48239
41412
56670
39746
46403
47935
65676
61789
51588
47937
51634
48361
60264
56446
38084
34264
61352
39702
48752
33523
35705
35517
45487
49438
61118
55321
62363
53214
52860
63851
41344
38680
62350
53874
38197
47644
41370
53133
41901
44001
59971
48159
43465
55442
49312
55351
56176
34890
57581
61809
35042
57117
57473
33559
52809
40535
64000
41356
57746
35592
59858
46315
62074
40384
61140
50923
53484
57239
49997
59398
52618
39024
41507
61402
34954
45695
44111
40143
41667
63241
49806
55034
34055
34923
42841
39489
45492
48478
64792
52160
54406
49529
62611
65132
33967
40696
49065
60150
60714
38331
40004
40691
53068
58258
35724
42809
37788
57783
35163
47500
56548
39836
55281
41338
53640
49895
46058
62595
36631
42171
33901
53629
64544
33850
56229
44855
60487
65096
56181
65117
51863
55953
53863
41627
48666
60877
42214
34565
64679
61763
54958
53687
49148
62347
51328
64184
37133
50841
65050
51749
56731
36599
65638
65931
35847
55378
45042
46228
65897
54072
39840
38118
52701
40992
44959
46408
62237
52139
53401
34822
63829
57385
46894
40087
50738
45151
40866
57470
59964
49032
41426
59246
55399
60057
50541
65201
48100
46793
42592
36811
57405
59729
48530
38490
57249
52336
41426
44352
35709
50611
54542
63236
49996
41331
61893
58742
44463
47007
52414
42130
34752
52668
57083
44199
65187
55849
35817
49081
51039
36008
38873
54819
59628
49178
58035
48768
60558
47498
47849
62668
59489
55405
56491
62663
38964
39976
61786
35738
63642
41683
41790
60605
38975
34109
39291
36376
37753
46128
61505
36713
60959
47862
65860
45285
49054
35611
36972
40226
58697
46453
45261
35380
44785
46178
62937
62999
47542
43857
50388
66125
60700
49028
55945
45767
52834
60948
55612
37897
40463
66357
62175
35978
62413
38587
66441
56665
52346
45533
45091
38406
48765
66105
56677
65472
51286
48665
37633
50107
60793
40437
40733
53461
38237
36665
36359
50296
57552
33863
51748
56002
59789
34240
63530
43491
40976
59648
58255
44231
48041
53223
36674
57590
61648
54751
48792
64440
57784
36378
35465
64124
64807
46876
55068
37498
49028
51066
48416
50072
35378
47073
48157
37514
34076
44633
51338
44606
48785
61131
35392
33911
64851
46273
57135
35256
63722
55918
63056
47203
60478
61678
38618
35618
46693
44495
59321
63110
64954
53711
52028
42478
35119
60647
41742
65451
50148
41865
36967
46177
40696
55591
33923
56752
50591
58356
46420
61460
55156
44526
51828
66570
40209
59164
54877
47733
60125
44308
61404
49215
42534
52161
65475
46403
41072
64355
38623
64107
48396
49111
57385
43797
38124
52505
66368
50620
36021
38151
35607
51156
37142
57960
42219
49397
60761
42284
52089
41276
61495
54261
45677
50927
54001
34519
34333
36703
38556
44892
54135
61203
52156
37324
44088
54562
63509
58283
56160
56801
36542
45954
48610
39102
44663
64995
37791
58732
39484
37799
56469
44097
40987
46458
38484
62940
57922
34970
60850
42506
46684
51419
47296
56811
36638
56303
52477
51536
42012
43492
34249
56168
52194
57070
36636
48796
48192
64103
51319
64439
42213
53012
54299
40010
55343
55466
42618
52303
63042
35472
43499
48908
52824
64487
51873
56122
59992
38088
65246
62055
63657
41164
40804
34713
34888
60114
42029
59700
51992
50684
39259
41501
53882
43003
57458
34336
64030
47245
37317
56719
62745
64067
37422
62508
45367
61576
45314
36681
66706
59103
57924
36654
55651
48492
59673
49083
52249
57014
34428
40015
61352
49835
65587
35560
44068
41701
37890
53899
60302
50219
43806
53478
35054
63803
57828
45876
46497
49862
47051
46689
51445
45245
64408
45678
44531
59595
51153
62744
58236
63011
41843
44980
49816
50811
39655
64606
65290
63576
58675
48722
38440
56973
59758
57754
40937
56574
47222
48618
46656
66218
52965
41160
59048
66793
45888
49903
57856
65521
50290
44278
56986
41119
52345
53037
57487
39797
43872
53448
56405
38111
44653
55871
59283
57018
59291
57076
60467
44822
39242
43543
37305
46139
35382
45766
53460
43499
54694
64377
58675
54247
35814
65694
37274
65973
46838
64128
59957
65439
38788
63085
39212
39167
44568
35608
53623
36794
58511
44092
58356
44299
60362
57730
43703
53122
41383
58533
48801
39500
37680
60116
43828
43444
61203
40280
38053
61674
64595
34166
66611
42243
59708
61335
52920
55618
34460
35238
51582
45206
49968
49338
49491
51299
64349
41461
59360
49285
61728
49836
43830
66707
65608
62407
43946
47712
58083
50283
50147
63944
39414
38871
55089
45481
52849
53900
55840
56879
48737
58033
51534
62549
35432
42933
66169
42664
63338
64822
46044
59214
63626
60706
54716
52040
38229
52508
57918
45812
65596
52001
49019
56278
61768
44395
36822
49047
39177
51605
56462
58446
49104
63233
52879
66047
58654
65655
59790
41313
62299
55566
64852
38885
56267
38992
49498
66803
44735
65945
52887
46199
66568
39616
60310
35484
51121
38393
57035
56535
48878
37626
47911
56360
55631
64349
56042
62621
41529
65094
64697
50711
59031
61253
46832
39504
58061
35966
46393
64541
36077
61447
62558
54257
53038
45201
61531
44451
50842
62795
63672
35697
55814
65795
40725
59972
48455
63630
62471
56118
46243
59499
34338
54865
44166
52643
55127
43673
63862
42483
48257
44877
54345
52013
56122
39531
59030
40412
47603
41074
64361
49959
38468
49515
43067
63992
62848
59178
66081
52061
41869
47314
45891
39470
37874
51095
66704
54768
55602
63688
44976
54521
42585
53516
36154
39381
36564
66796
62248
34793
63621
62097
55176
52054
62487
59599
35700
63520
61327
57187
41539
42128
63268
66681
55553
66262
63569
50034
37405
48627
47912
43235
47458
40406
67049
51169
42024
46789
40659
66684
49612
43007
41018
59273
45149
44448
53978
57253
35224
35268
66155
37750
64535
35055
65654
43316
66757
42413
51558
42856
56469
36725
65506
54004
61044
39123
45658
44628
59772
53447
40672
65059
50026
52072
59706
63201
48978
56780
63285
63475
52369
53548
59196
63467
53764
53572
54568
67082
47479
39417
57690
66819
53088
43070
44551
66306
51918
62008
50900
53997
37276
60064
42659
51946
36074
54122
53164
52257
41421
41892
43471
63427
41542
66720
39720
46411
51825
43605
36581
60932
40447
35587
56916
41419
47590
47638
53312
47382
61015
59981
41598
47157
46321
56091
53699
47064
55092
46414
37817
50898
55608
39662
46929
39196
64671
61032
57178
43037
61384
38123
52051
43048
64837
47123
41597
63303
53136
51909
62773
59703
40185
54618
59521
38067
53219
52479
49129
67062
65328
64091
47496
64123
51962
45939
61538
35335
61828
60619
47352
57577
45168
58830
44058
61312
50738
62576
54269
45823
42948
46098
44941
64365
48795
39846
65540
54000
49883
48915
38076
59978
67015
49115
35137
44708
49275
45307
43435
60555
47837
61971
61739
42040
57041
50630
55011
62228
35756
42852
56571
46715
48620
41926
38385
52160
57126
47482
37936
37234
53823
66593
63461
36318
36831
46868
36622
57045
59171
43854
48083
54960
46738
66694
38170
60048
45395
45467
62806
54763
66717
52277
60319
38724
61806
39850
49928
43577
44672
48926
37933
41667
42617
49903
38155
36282
58977
42320
39701
47767
53338
36403
66436
53886
59019
48749
62958
57468
49758
64020
46362
44813
35819
61996
61971
40673
66996
61827
54651
56031
65682
53466
45858
36203
52207
63045
39895
64228
63030
58325
49534
42353
61832
39283
57699
56830
61617
52751
43214
59009
36954
50171
51160
35202
41087
48273
42620
51930
41508
53020
61425
38331
52548
42742
59447
35824
45835
60653
49137
55910
53317
57323
55922
46828
42005
57559
47642
60215
40682
62902
67299
37161
64943
34838
58167
58451
58690
58028
66309
52408
53800
45628
47379
67283
45183
36281
61078
36060
45107
51630
47360
42312
43381
39644
66073
47759
42345
52260
63057
57393
57119
35752
44372
43259
53445
37678
49376
45702
41243
44997
50643
35330
66855
60586
56201
52785
59945
58732
50532
45750
64465
66383
49836
51344
55984
43502
39066
45026
38637
38693
66223
38645
49977
64046
64842
43647
46084
67082
40570
56102
48881
66339
61713
40000
36488
42031
67066
65501
56876
41559
45004
54279
45644
58521
40094
42312
57565
46699
49694
51821
65031
53665
53213
56714
65822
49040
39917
50750
46549
54644
48558
47416
52654
53263
51941
53498
42421
53907
60174
41949
37998
52418
46324
64342
54284
35924
35454
36983
56547
64921
59084
61881
50208
57183
53890
62968
62136
60950
62052
57535
51358
51762
58404
39878
65593
40401
56695
43449
58901
50590
49518
46651
47321
65781
40964
59179
50553
60744
54260
54054
37804
53441
45773
49485
46753
63528
66375
38472
38381
44040
44504
37515
49865
65805
56195
50647
44410
67505
63217
56324
53008
40727
50114
42751
39763
61239
65573
35343
52987
52796
50342
43612
60959
38186
38472
34993
67312
42948
57044
59521
36007
45997
49008
43048
57020
60109
61811
61044
53337
48374
43384
53604
50190
54472
45234
55855
44998
56274
43135
35464
40186
51705
44095
50977
63780
50206
50534
52078
51831
52731
58832
35499
40141
54094
56405
41504
47841
52282
63390
49316
67518
65770
52022
42848
35959
45175
51940
42965
36377
40716
45113
49953
49118
53064
56933
52861
58787
60131
47183
49419
64156
40597
40164
36559
45127
60723
64942
46330
55710
48668
50089
56175
38545
43731
63059
44928
54195
53229
55555
56312
62004
42286
62075
49759
44047
41199
45760
55673
34948
43714
43818
54544
62665
41305
36023
64243
54525
63396
57508
51519
41309
44346
44863
53725
58298
42490
35063
61260
43307
42226
42421
46753
48127
61056
36463
51916
47605
54710
66810
62748
55984
47363
40479
42758
64101
45584
49650
51490
48343
64745
67167
64374
56453
55901
38918
43767
64033
61863
42313
41037
65605
62798
65442
60375
61282
36681
59194
53999
42489
55399
46264
41583
63757
57070
54615
35443
45272
65666
52540
59233
48573
39753
46086
39975
47486
55885
57254
57796
67759
41250
45425
45066
45162
56008
47475
41890
46149
45010
41991
66896
36993
59336
42405
54904
42116
63947
55546
67298
41353
36983
49982
47034
53655
66830
62146
45019
51887
38354
60360
58701
57930
56242
55192
49163
62723
49961
43472
64010
54928
35940
45052
49272
65014
38563
48998
64065
49661
64225
62768
55256
47586
47543
48287
36916
38477
65662
36794
61209
67202
51636
42516
39064
64987
56480
67046
42457
60790
61497
43872
65304
50731
62789
47681
38638
54977
52158
60838
60114
55905
59257
47647
60639
52042
43018
54792
47832
52679
59362
39959
50793
51038
67258
64561
53935
63051
62261
61058
60155
40237
63424
40140
46803
38654
52925
46591
53050
59208
49634
40971
63794
39574
55515
64498
59774
35625
56119
45089
62892
56813
43393
60672
54867
52140
45485
57288
56986
35456
66231
67477
52473
60302
50054
57532
39236
65777
37142
55902
58341
57333
67542
51773
60008
54150
64591
53967
42302
37608
42759
61329
62138
53416
51109
39838
62304
46546
66389
50816
64351
40292
66158
35654
48476
41987
37203
56790
37489
57325
51351
41605
66422
54575
65636
58341
63359
64024
37661
39646
43941
57325
45890
48385
55306
54238
55444
66840
42519
35897
67706
43522
56328
46558
64932
63422
57771
62963
62190
65221
66148
46040
38279
52637
36981
48989
57938
59563
52604
42803
62092
62537
48189
54177
64432
50456
49058
47480
67223
51863
43776
47433
41444
67573
42908
65237
37791
36644
37742
62661
52768
45615
48421
41116
44079
57037
41323
64233
47209
55350
36201
38849
66534
49973
51854
45932
53272
47231
46988
63327
36854
53571
62116
35690
66650
57858
63780
50995
63400
55201
57390
38883
56497
60093
35514
60959
54487
40254
65758
51258
57713
46639
52302
44201
50289
45005
65055
43191
54340
52189
49616
42874
50937
49731
41354
46341
47270
48593
57255
66015
61703
39773
67954
47796
44137
40726
42797
67659
60358
37912
44377
52152
36914
35389
37681
60115
50549
42550
45688
49384
65530
47067
54388
67504
37352
35520
36923
52352
39822
42249
56877
50625
56068
59519
66754
40096
40719
51683
49798
65286
57670
37506
55649
36299
52083
57353
57116
64295
44092
54939
63265
60777
40707
47393
55682
63979
60170
56289
52029
52293
56795
42323
60351
52673
42215
37167
64422
57615
60013
59851
65739
67130
47517
43940
60288
64219
60926
51002
41238
43661
45581
46370
36771
66464
53543
36950
44801
66578
57512
43727
37658
37562
66645
53334
62307
63687
53751
43927
52135
36713
38985
65911
64006
62926
36116
46759
65085
58192
42649
54137
48680
59885
42031
63987
62341
48375
68141
66083
42746
53260
38154
45233
56410
57929
59331
48059
54308
51643
63869
37340
67148
37654
67180
38798
47678
51626
67571
52915
57377
64402
63501
40046
36696
52783
58347
41271
52815
46805
37343
55087
67444
43971
48760
60080
53123
57689
46319
65833
57607
59269
50881
57897
61726
47999
59038
46777
49532
41398
60034
53999
37810
56330
47394
48576
57776
36923
59017
60182
65417
62113
66563
56354
68215
67870
42810
39412
51487
39506
60575
48713
57622
40205
63755
65188
66979
48138
48806
60832
66503
49626
67849
59012
53114
65822
38047
55064
63032
36089
46417
56247
39612
54725
53346
57766
56844
65029
44439
50084
55733
64411
58268
38082
36696
55612
58275
36213
61797
44064
59470
52970
59687
37374
52175
61593
65025
52023
67918
35869
66039
50514
60810
47939
59247
43432
47812
48225
42041
50272
50137
45289
50638
55198
49838
43581
39637
44792
60880
63685
38380
67370
37212
61760
52644
40458
44829
40023
48589
65214
59893
66680
44533
56876
49278
38369
57643
39858
56048
50427
62217
47639
61510
61162
67057
58562
67228
43106
42646
54570
37596
61116
67774
44174
48025
61257
65863
38374
49979
55526
57704
50201
56669
60368
38714
41072
62323
48058
46967
48459
40112
55325
54401
57619
52519
52944
50854
48495
65584
48344
51618
42683
57869
57729
37733
57270
48333
59310
51223
52602
44145
55661
61274
42930
56910
61902
52943
63751
57266
49398
52699
66523
49098
54895
50859
57146
67779
58818
59509
57357
54320
39240
36609
41617
65196
67389
45929
51208
48832
64790
55837
48303
41735
38164
41513
39407
48015
51738
55739
63703
62083
64956
48095
51402
55303
42136
48014
65141
58724
36073
65511
44804
64357
62297
62908
60310
40961
55831
39504
61678
48953
54826
58207
65387
62276
50949
59487
61242
38890
44123
45318
54474
44334
36404
52492
51584
52527
43841
39218
44205
47440
57708
54659
61629
49815
66740
61658
51377
37203
38968
44452
51663
36866
40337
66535
54679
64881
61029
58500
57338
59941
54329
49593
58823
42234
53895
65769
42854
56074
55057
47520
64456
61136
50292
58834
53150
51854
68352
59235
42185
45547
50119
67308
42514
55009
66036
53181
41756
46550
52831
60702
67734
64777
65886
60635
43189
66352
61149
68351
59362
37216
39089
60127
41392
66604
56105
57690
55824
67601
51174
46176
36552
62738
41709
62385
48417
36255
46587
52967
61408
42171
60953
36023
59768
61278
63343
67444
48766
66840
52061
53972
62557
54264
58568
61175
63563
68524
36530
44197
66172
50153
65806
42712
47509
57870
49106
62842
43619
66052
61517
64879
59341
58984
39099
66006
59143
46060
65047
55948
60425
64506
37936
62450
39488
55963
46079
64497
64899
43928
35896
57403
40776
39647
65567
66003
64536
37927
59549
49615
60736
54743
60307
52061
56010
43812
56686
48900
51627
37242
57596
41772
39486
52510
47486
48609
68337
45329
66302
48084
54079
40503
50402
51362
60126
64952
37570
64601
53561
47783
44919
49721
59680
65250
58996
40119
48318
46905
36698
60104
48588
41682
61382
37467
54789
61899
61293
46119
56282
46882
53868
52392
48998
45522
60889
58980
66468
45375
68254
49523
55264
39124
60039
37950
58731
50923
41881
51591
42387
58093
50598
57258
54226
54970
65054
52514
53318
63307
44584
36430
67169
41110
42737
49269
44002
51377
65604
60937
60420
52795
48476
61480
54005
67064
46070
67944
36233
52155
59818
40404
53552
39561
56186
44082
65574
61435
58284
60552
56809
65252
45525
47070
59376
62772
67895
40260
42650
55580
47436
51223
68197
49523
66723
39809
43360
60761
59883
42815
61667
65306
66382
55719
40829
56917
61440
37609
39726
66909
64535
64917
63446
48607
64157
53341
49646
37061
67043
56605
57718
60763
39449
37144
43310
52144
48668
51844
58889
52800
44687
42826
66271
42703
48941
45319
37986
49816
58973
68182
57683
65959
42759
65873
47862
64900
52391
43861
47555
41745
44448
60934
45662
41909
59346
39315
63177
65978
52078
63548
47065
48116
59401
63249
39654
56484
61424
52220
55239
61339
58812
48385
62205
41891
51238
60613
59439
39706
45084
53325
55511
45024
38164
45577
37690
44660
43936
58897
66973
52313
37442
37806
61878
56767
49282
47132
62561
36447
60479
50830
46484
41383
55619
67955
54421
65047
50970
43256
58474
67563
61731
64206
68754
36602
54503
65325
41458
54238
45738
44825
52242
59477
64576
65508
68233
61159
42530
49140
44726
64969
36545
45254
40369
43266
61466
66099
61057
63436
36747
37618
47248
51517
40933
39519
42588
60454
68034
40826
41070
60988
36377
57651
42128
58997
63247
37861
40251
48821
51984
38944
52559
49322
46623
36523
41990
59892
40298
60873
36139
52106
37154
64444
37255
63577
37001
53896
56221
50990
54349
53497
62615
60373
37652
40167
52607
43907
62552
39609
59570
45169
42357
65064
46994
49354
50432
55366
65660
56519
39003
50878
57594
67608
49030
43101
49209
49799
56120
64209
50621
62424
55599
50609
43091
52979
56004
46782
59719
61509
59842
54121
53208
47971
61304
58261
47337
48112
41485
63901
36601
36290
56340
48025
65109
36928
37472
53725
47500
59662
56346
40643
57892
39405
49424
41899
59787
44508
49744
46911
65104
49539
53494
61692
55699
60114
42818
60910
65723
50150
47086
53946
53095
40236
42942
44770
56742
39624
66904
42309
38506
49464
45910
64997
37434
46388
47258
66797
68136
45785
60129
56051
63235
65543
42907
39546
45261
56840
36603
63163
41583
48754
62794
47013
58796
48974
65152
46882
56148
45689
38933
50076
37818
46155
50453
68544
39783
38263
61555
63361
65552
39986
47519
37472
41414
57496
61274
60139
42093
51275
44234
68484
38255
58717
52425
61540
39346
48240
42883
40672
47047
46619
52800
49642
37476
49040
47486
61402
42772
56956
40259
64879
58669
48175
55217
66064
45314
60413
44507
61784
42843
61668
51927
60882
46370
50799
46357
47361
55135
61657
44526
58532
38759
55414
44928
43319
38735
62543
64698
67005
49831
67596
63411
68797
63333
63768
45632
66187
47904
65279
60613
45256
53375
45851
63307
37676
49392
50031
43219
49539
44701
52435
57578
47862
66204
41042
51070
63116
52069
63440
48880
56561
57226
56815
48234
36725
39074
52532
64115
41047
47750
51814
47553
41028
56001
65079
66638
42267
56385
37415
42670
44531
54099
54436
54175
67679
58830
59510
42466
39665
64397
66394
62537
47356
54051
65517
44050
58270
52939
50892
42355
39934
69022
54010
42614
43731
42249
54658
67591
65830
36477
48221
45387
38488
40296
41109
56628
59238
37221
57259
56915
64364
39087
58423
54509
37224
55004
57806
68432
56129
50120
67624
60519
59912
63183
61826
51341
44925
45631
53314
56479
47317
49932
40922
53077
67258
67782
56558
39122
42644
47561
67769
67705
61703
47028
64429
56579
37308
67612
52057
41678
48229
50561
51088
52344
45819
40064
53960
47533
65866
43339
39360
41021
37296
51543
61030
68466
65314
46420
51703
58784
51311
63330
47720
49149
51401
37250
48901
52403
39297
59466
55384
48948
49426
50654
53068
67278
54113
67867
63378
38783
59203
54549
61764
46346
66880
54468
44488
62538
62359
59130
48120
59079
66433
50840
40831
42119
50106
66306
46982
43047
48190
56528
63633
45354
38736
56007
64931
41104
56257
43783
46249
66474
40047
42117
43541
49454
49420
64700
47050
40071
52257
66976
39736
66414
49746
67540
46792
55742
38627
68892
66170
46980
49531
44821
61388
52566
57640
48676
50399
58087
37028
54444
45781
41944
53207
43652
43901
44752
42652
48296
47666
39630
58568
40238
58368
59070
41833
65404
54025
67403
60235
54457
53543
67317
42177
68737
54739
60515
46241
52701
43846
56058
60049
48242
61149
41390
42113
40440
61634
44056
52089
62446
46793
68041
69013
56716
42648
65503
63822
54778
39691
55510
56826
41663
59607
59040
38294
67196
38509
60151
39876
68570
52001
55794
38416
64705
47499
43734
45431
55755
67885
43823
63786
58872
66391
67616
68239
39587
67400
66040
51849
38836
67990
65029
65529
58392
41680
60077
63365
37486
61793
43450
38040
40451
53943
62710
62377
37889
47013
61688
65985
56547
38918
57917
44343
47660
51620
47227
37822
52313
48728
58417
53667
46356
60786
43651
54863
43434
60506
60229
57875
68031
64120
68950
37157
52801
66642
66863
38885
58522
57844
43451
37989
51754
54421
52074
39209
64500
67447
49537
54571
69271
38927
57780
64802
66177
59750
38390
55812
43103
50879
66704
41162
43479
39290
65136
63347
68218
46648
42948
52043
46324
66880
69320
56429
59526
68130
42204
41607
39607
69274
52698
61149
41286
62646
63910
61329
47202
62523
64519
63521
47389
51014
38581
45873
37919
68143
59827
41355
58519
53938
48606
68196
44920
49745
56775
49377
41697
38900
61630
58073
59868
66771
68655
62685
59468
51349
61234
65397
62241
55481
40029
37293
55502
38710
50652
52432
52733
56414
49092
56692
37505
55304
60581
66998
57996
69102
55391
40135
67618
61780
62774
42920
41165
58347
44840
61233
60307
39924
51581
46936
45861
46504
47777
64432
43097
62424
64047
54576
49370
62417
62798
60726
60958
55426
40256
41419
49305
45281
50232
48937
52017
40330
48236
62075
56049
63913
60780
55779
55041
68379
54194
54721
56534
64976
40570
65331
60582
44660
57300
59352
47647
67662
66295
67290
62808
64104
64728
63275
40968
51184
60155
60174
49910
47070
38025
63706
38832
59351
65956
42234
64128
50769
40183
52537
47260
63481
37777
55613
69277
44113
59123
54352
60210
42398
58727
54375
51734
63489
64660
53852
47935
50148
39504
55167
59993
61335
69557
42061
47730
42043
43639
46207
51703
37344
63604
50247
62175
48874
59789
47830
39718
59065
50101
40481
59773
43913
40263
62437
45632
40854
53661
46056
45224
59780
41950
44931
57410
67583
66583
37469
68255
63647
43662
57465
56653
50702
64851
38259
39943
49516
62487
51462
49961
60146
60993
64722
44647
52694
44863
63324
38845
54127
62746
53335
66217
53658
56654
37410
59289
55388
68568
38033
45983
66249
51344
62704
61548
53028
67257
53061
43132
49735
68311
40150
56206
55877
41664
56299
38743
37967
41974
58581
67703
68052
42036
69679
38828
59628
41031
37476
59206
52215
66847
45170
50395
46209
53030
45549
58171
44394
46033
46150
61606
55363
67956
49997
56637
59898
57690
56053
58807
55994
67605
46679
46677
52493
57363
69626
47640
61508
51826
46930
59953
57880
37397
40838
45497
54161
68856
52087
47522
62759
59328
47869
45294
60968
53143
48499
58654
58201
60982
52599
48878
53472
60483
55787
63295
47969
60894
41023
38997
64616
48503
64499
40770
44551
39138
53079
53666
63936
54445
59798
39817
52900
51633
69106
68026
49853
49383
65617
46106
41898
53629
47865
44132
64137
58665
45464
50461
67354
54974
50567
50379
63008
57085
53071
55650
55051
50093
57709
57343
38101
64750
43090
54488
63018
50378
68526
65395
59595
50445
62702
44823
39988
55126
57091
39809
44925
68463
37734
48599
63102
59354
47193
46562
39478
39084
37999
69495
39022
65695
43854
64566
59033
57442
38836
54648
48127
67635
50872
64130
50970
51120
63571
57087
53824
69610
43294
56749
39811
64444
51549
41814
58326
45659
58685
50690
63857
55341
41562
56427
49526
66015
46724
43441
66772
56754
48067
45391
66667
67349
66968
51022
39026
47225
56198
61624
57110
53089
48337
43088
48740
54968
37254
56192
48489
68456
60603
45971
63640
69416
50200
65316
46444
48533
49303
53206
55630
55173
68743
41030
51128
63640
49879
38462
60315
68368
58257
46380
61438
44514
61861
38098
60392
49420
40424
61502
66945
68650
41820
41213
53364
45892
47282
55948
60311
60907
47885
47631
41422
46212
62985
65093
37421
55267
44284
64444
41820
46876
51580
41281
50752
67477
54049
41115
52183
58208
38027
69497
53860
37320
37287
38056
69069
48682
45871
62857
61249
69895
52080
38851
61469
57174
55376
52021
66577
58399
42639
61487
63103
47173
47693
52705
46883
64676
41165
44307
55801
59995
69496
68375
52827
48491
62501
63740
69994
44418
55959
64261
57264
59665
52039
64601
43524
50852
67428
43772
53677
41075
50713
53246
61386
69172
55054
63475
44017
61748
52785
65443
58902
67238
40118
55554
47022
62523
47964
40034
69653
66291
51699
47591
61485
64562
51227
57147
67913
56598
52046
58756
49993
54280
54817
56211
60934
48273
46278
65630
41456
68975
66262
49585
37877
60649
48717
37664
57509
57183
68567
45376
37524
50213
69706
42263
59392
38034
66419
39888
39860
39251
57365
59059
46380
68101
54575
46933
41978
51972
56446
60428
43625
48509
39491
65702
56159
54731
59974
63323
44936
60416
48667
52735
62896
64193
45220
54141
41585
49240
62167
61824
49935
62980
62913
48755
38816
70035
62923
60332
39024
50483
52029
58340
60067
45446
41984
44523
67612
65012
68264
59289
40606
52037
57010
60680
59953
46191
41481
65536
69320
53676
49103
66483
46368
61904
45147
41131
61163
64986
40574
58624
42542
47817
61963
46286
39912
56753
58262
40678
47604
42509
64891
59844
48176
62039
44579
60610
62687
66262
53122
67979
45132
57016
51172
55761
64433
69472
42986
58691
54102
42497
59855
62393
64509
49004
46576
53170
68478
64038
53388
68865
58543
37566
38088
42947
43654
39517
41206
69524
61058
64415
38934
62211
40518
49569
40093
57155
62600
54620
59510
67619
61737
42289
42567
52287
40101
60100
61429
51576
39598
66318
38506
38307
53268
68782
38550
61310
40936
49280
57267
64488
66529
47217
52942
58193
66558
39058
66435
58223
53613
52843
61960
43314
67756
55953
54893
67323
57070
55419
60705
56073
48832
47249
38073
47667
38892
57478
48365
45789
59038
42472
50915
48165
46533
55029
47793
42333
41148
50609
63005
39358
38954
67893
47270
68698
60967
59722
45257
41043
60832
43062
61053
57675
65788
40662
57088
57371
44031
57069
46549
67528
56559
53180
59150
48819
55542
63699
38599
43023
51144
61222
41459
39320
41605
39011
42075
39298
68065
47235
40931
63664
51074
64928
43279
56615
65194
65030
48327
53442
53269
56460
41815
43047
62757
67365
66746
54777
38460
50098
70168
65104
57449
65306
59533
56934
40520
70301
69932
56467
55331
62309
49732
54395
48989
65630
50657
62342
59665
57928
43414
47504
39926
45579
39802
61922
46470
55626
39025
47201
59999
57658
53165
57094
58857
41909
57204
51086
68921
70282
53027
66931
59701
67864
60019
56346
64505
56347
57851
60750
66938
39877
54518
44013
64361
48145
43079
59105
47195
38740
52922
65618
42534
65300
59021
42266
59278
53022
53295
39034
50465
46803
41543
59403
57695
44227
40696
39927
63518
49277
69219
46952
44333
48804
41582
40257
44600
56134
51140
44301
44011
54890
67614
44084
61018
52968
57792
53109
67745
46974
47174
63632
61383
41503
49824
64579
63721
54670
39516
66680
66196
57644
53283
58045
52594
41743
43399
59124
51241
62547
60412
69196
53888
61365
55587
40560
48068
67165
49231
65790
65642
55036
51522
62266
68341
64279
56375
56836
64538
48803
52006
59911
48674
62929
41027
42036
59281
58667
46535
50799
45317
61408
64244
63623
66144
65628
68179
40300
56105
57116
62785
65692
39472
60353
59561
63455
59505
60515
69395
52532
52027
59175
54238
66827
41362
47636
60361
54452
69841
58658
50873
56600
42132
47764
52918
64935
42452
59784
38966
54161
60756
38605
59294
47417
46396
63476
45062
55783
44548
42154
61244
44476
55956
70213
68364
61932
63402
60828
37823
61735
62075
50972
69602
45144
45725
50456
46409
54162
47908
53345
45907
53063
59148
61207
62062
47548
50391
49598
60638
53433
54646
54932
66747
67461
45677
50978
64313
45330
57139
54290
60717
39540
51671
62272
63692
43415
48873
66580
61621
54322
54424
40462
49202
66295
69912
44450
58554
46349
53319
54087
41147
63423
44175
47307
52119
67190
61198
53481
58092
42724
51956
46365
49433
38275
59437
38327
40190
38462
65857
61487
46851
64877
39032
65464
55131
50439
67649
39959
65930
66067
62164
64182
65828
52832
54551
67060
46040
64118
49342
48832
46254
39884
65975
56422
52365
52028
45765
40616
52224
42931
66923
67089
45625
61741
49419
59014
50519
53217
48463
67614
65508
39864
56264
51764
63394
47108
50389
64698
41351
55151
60359
58319
38662
48177
40514
39316
49296
51335
41702
49724
67931
62304
43823
50787
65634
62809
40090
67489
68269
49643
62730
50014
68306
41187
52841
38888
41404
64531
50578
57282
60587
46408
51311
55104
58492
39036
69470
49232
49707
48716
50650
63643
68758
62124
42583
46541
45955
62425
68973
56368
56293
40335
51257
41856
49499
54397
41473
65019
53498
50678
62742
62903
57676
53225
49919
62520
43928
42259
38867
43074
60004
65907
48359
65004
49465
66302
65193
56566
53670
64149
68044
41308
41351
51508
41894
66091
46728
40300
49622
55956
68324
42259
50473
67903
49011
67386
56255
55778
44771
47711
52841
44305
50757
68324
48470
53848
50892
58816
69615
51335
54482
47989
39935
55373
63516
69442
51223
48392
61791
67225
44337
53212
67843
68819
64403
59650
47910
57123
42742
60259
58596
38088
40424
44646
54998
63367
69743
47622
61656
49241
68079
67879
43792
68705
57933
50730
45100
40480
51797
46527
60650
48876
63321
50170
47326
54430
45595
59306
64624
65420
52462
53222
63524
54455
50455
69608
69918
67653
70521
48415
50917
39985
61554
45951
46695
59201
69376
62492
52797
67640
70440
53751
38961
39245
51096
57623
48125
47069
54923
56284
40790
46173
68077
62097
50985
65170
54975
47424
56869
41476
47038
42954
66681
59056
39743
57398
52447
59901
59486
44874
68313
50161
57175
64344
54842
68773
55604
38235
59369
54774
43689
41027
46050
60798
44604
66188
58493
64195
47528
38421
39667
52653
66180
68144
39198
61758
46624
44021
47232
54909
51376
67805
53895
43955
49068
40844
65039
46042
64374
70381
50729
45651
50238
70532
48667
48855
40483
62208
38568
38320
43162
38416
39057
47145
68884
47224
43099
61763
49371
46948
46931
70313
40509
54780
50640
64998
39149
45112
55992
52694
70054
53238
70725
46170
68881
38986
46601
57424
53737
64277
55344
65475
45661
44249
39942
45662
66742
51915
68025
65575
69433
42794
64351
43114
60239
45008
47418
56562
41955
41735
43835
48511
70412
67229
50118
42869
49900
70971
67509
44498
54744
38386
55199
52578
47544
53783
56922
45366
43697
40273
51390
39762
51458
41968
43692
50598
50732
62336
46415
53056
60758
61854
41634
68031
68335
46347
64051
47883
63381
62719
70438
42819
51766
66240
63356
63223
62837
65906
68758
52632
54351
53297
42228
42028
59902
55901
57155
48198
55581
49717
63127
48950
54798
39336
59381
56701
39065
40295
69908
66180
69845
42559
44132
61581
58188
50342
52816
55529
61530
47764
51136
50283
60118
51092
70115
57374
49652
64282
42795
66099
57962
65815
60825
64317
70354
40139
38458
67489
61264
50650
38386
62791
51316
39843
39800
53654
59746
41677
42658
45984
67888
65826
42211
63129
60303
43937
46866
63630
62638
47822
66668
45395
46171
55629
48861
46526
44140
65711
48251
64274
54877
63628
51795
61118
44090
52178
40041
46664
47295
43100
65274
43908
62143
56519
44292
59657
59330
59521
61449
64229
63986
53794
60687
67472
46392
47104
49899
66847
65442
52989
56767
52922
43272
50084
41922
44624
40431
45429
57151
44681
49581
42108
68065
51453
46030
55593
56621
50339
66743
44635
52304
55436
40329
64958
51995
59089
57160
52823
67148
58314
48445
71005
61711
48512
54936
63819
52164
55141
54106
52019
67587
60995
67698
43605
44509
63603
42790
67056
42597
54863
64437
61784
69488
59113
65339
65097
64664
54526
49364
70011
51591
45093
59908
58742
57714
42572
57943
44968
40931
61797
54852
39861
44732
52573
42327
69902
66937
68174
64400
63173
60853
69365
39430
59808
45295
57190
70351
39020
54159
64510
64548
47763
65828
44186
57025
54513
69104
68614
58251
49380
45478
59321
66677
43426
57202
51135
50340
62416
57146
45814
46034
50000
68644
66429
49392
70490
56408
57194
40975
70862
71175
43451
51072
50888
54700
65424
51258
64885
51601
71063
66941
52006
50837
68039
69557
65443
39470
64849
42657
45506
48554
68307
42676
67384
52922
60623
58812
44718
61744
59485
49857
49176
65032
53276
60720
63298
41893
45934
42809
64683
56158
69093
67445
45207
55353
68344
64972
44128
54006
45563
40854
60941
55120
69198
65280
57893
63103
42964
70065
49094
66305
57254
60078
60145
47514
66825
52091
53544
64410
46750
53380
62523
65118
58329
48315
38751
70681
66228
43137
49792
61909
52645
38858
69592
71348
40397
47996
63425
47228
46450
57881
69319
55634
69295
56222
59906
60102
66154
54443
40355
41488
56199
60643
68044
57753
43611
68758
59813
56254
60516
48542
55468
53968
56375
68486
49740
39519
64953
44786
61362
48568
47762
67642
42972
61356
41695
44377
71154
42899
42535
69382
59866
69521
55441
63776
59143
43032
38996
62031
54673
50350
42862
48873
67979
50673
69017
68370
62609
46296
54907
65576
62880
41787
65565
51550
56106
62870
44446
52134
52074
64010
61993
70869
67318
61604
51236
50689
47507
59618
67754
64814
52556
39027
63292
66090
62406
69439
46515
47798
55758
60583
46201
43494
47412
64014
62201
65227
48348
52888
42068
63055
60178
57393
68694
70751
68126
42450
43176
63568
45848
44799
64071
53371
67326
54421
66356
45355
47620
59074
52334
53946
59691
64597
67613
64246
60949
51000
42000
71113
42264
70202
57449
49434
55697
52242
48791
53230
52347
50081
56453
67795
67904
63864
69649
41854
64718
43674
54976
51635
66286
63619
60848
40805
56785
53865
42446
71199
52204
66497
51272
69538
45063
68613
40774
70608
65424
41909
63189
40392
60212
70300
43555
50259
62897
47956
69874
49535
60645
65548
57671
40329
63787
58505
55650
65792
46824
69995
50675
61992
69217
40114
47243
65949
48592
48000
66129
43576
51638
49440
50934
59446
51058
69448
48107
52119
46611
56219
59345
68037
55659
61042
63025
53878
52068
48860
62317
60371
47000
69604
66806
55770
62747
62226
61888
70913
62107
54324
69363
70684
43180
62045
58596
44416
67165
59951
41027
70505
68623
46422
41878
61337
67719
50005
52453
57922
44097
69509
50103
59430
59143
55386
58174
60413
50115
56297
70863
67351
46738
48551
44693
46402
69913
63860
43653
65518
69916
67544
51604
58511
48460
71564
63272
64067
66657
65596
65741
39605
53865
53899
63018
70209
69728
43352
50483
39769
49664
41023
59040
43303
46554
70499
44701
50547
64422
68715
71107
67016
70872
65739
69191
56274
70516
50501
47473
50443
39714
55983
69968
40343
63621
63478
55981
39531
49865
62819
62269
44725
47995
64797
53274
57464
57502
42224
49268
53367
58619
54604
51332
63829
66232
41361
43202
59898
56364
62857
58712
65337
57074
48182
57814
57519
56636
58319
58663
50414
53610
58117
39364
49371
65500
41866
56871
42580
60164
62932
63875
46614
52671
61983
67762
43230
69605
60081
46959
54223
59678
54113
39365
60436
42488
49754
47559
44486
49975
60957
44418
59920
54125
52421
51504
49297
58058
47247
49583
67585
52532
48537
54065
43544
47770
62698
49204
63147
46470
69811
48309
45593
69618
64980
39328
58085
68189
48802
50316
41636
61726
58088
61349
63002
41975
49452
62953
61600
48109
54579
53144
42696
50007
59335
43749
46148
46134
58295
64754
55556
45252
64544
40699
61855
43600
67563
52178
52980
59976
46743
70027
45329
45464
66104
68472
59732
57906
66240
63576
59343
59118
67198
65739
47089
52629
70628
49673
45155
51000
47245
61652
55857
66247
51583
43179
54058
71135
63661
47937
44937
59362
58304
70701
40661
54093
65558
66787
55301
61766
67595
68835
69864
50037
52600
62000
66756
45077
71034
48644
52798
66635
57717
61890
71801
61622
51544
67628
60290
46151
52002
71382
71660
59731
45989
41946
66999
43238
66697
66510
60023
63579
64405
54259
43697
46377
40746
58543
60041
62208
62480
43070
70042
65557
49270
63908
50726
66490
65587
53222
41839
60209
61010
45433
44900
71874
51150
64507
54144
67851
43930
54305
56560
58008
48100
53745
51188
41907
58523
48433
55943
57981
60207
60959
53826
54078
43928
42594
43390
67834
42649
63041
47033
42053
50502
66067
45371
58455
62916
48118
51704
52835
66896
58820
65465
57125
56194
61251
53111
64187
64211
66716
55815
69301
59998
57615
48125
39535
60643
47588
40138
70047
43281
54693
47399
52522
42757
41866
60599
65084
50958
59189
65255
55191
71091
52383
46874
57643
41207
63571
64515
43495
45787
59354
66129
52176
70949
46710
52882
63056
49760
39443
69201
62160
43044
44154
68738
55177
56983
54472
50465
56470
63796
58654
56341
67406
54475
49307
64346
40914
67273
40327
56415
42210
53690
47057
65709
45557
49932
67516
56778
68488
56854
53461
65629
50614
63577
40232
60050
47369
43781
63667
45504
47504
64959
65819
40778
50225
44705
40350
55491
71233
48002
62281
54101
58194
69752
59755
71267
40268
65436
53833
69997
66240
58893
68627
67892
59256
41528
44567
57375
60243
48982
71221
48606
70480
64053
60051
55885
63720
66364
58258
61339
66465
41386
61952
71595
57568
39966
71055
71866
44542
68188
63365
58691
67743
62542
40374
54047
63807
57929
51631
52721
60430
49810
55349
67777
44030
51233
46318
62183
70682
42660
46685
62507
60185
53191
62996
46122
40243
71091
63780
61692
51251
54996
48345
43283
52686
71392
64420
40038
57395
43285
48729
59599
48355
53186
69018
50610
68035
62728
55187
41696
67695
57570
56809
44731
70610
69731
49132
67482
39924
70207
62740
40047
70674
68749
52139
65703
67316
53195
49095
46929
50555
39715
48763
47491
58234
62956
43342
48121
63174
49780
44524
63488
52369
60925
50716
64402
67827
57861
62450
50371
58570
39627
69190
44124
64964
67342
45413
58309
60602
70936
43013
68136
71232
69883
57471
40147
59770
47131
49720
50910
65841
42476
63328
54286
56101
65021
65248
51962
72101
63286
39565
62060
66398
44126
60834
50698
46449
54751
57197
40502
48072
53454
71240
69426
66473
71462
40651
50056
56459
68948
70464
54697
64297
51449
55127
60628
45782
46315
48156
41273
55568
46717
40997
60255
67415
47104
57360
41667
44864
48265
43821
53186
46277
57589
69751
54456
66271
60971
55241
45674
52823
57505
64334
60321
64216
67874
54586
52248
54858
43726
54711
71320
40539
47714
54562
56930
66654
41657
54904
69581
41817
45715
52747
60464
40025
71574
49274
64770
52489
68242
52703
49728
54403
69897
64842
40975
55910
63471
56431
53155
52265
60334
51099
55135
66735
53613
60909
52798
70171
50578
58818
61041
69093
58245
58737
47946
47918
47799
62521
48728
57168
70884
42871
40916
67770
61845
49180
40507
47099
56040
48223
43325
40732
63379
45487
41942
60211
65063
66284
70075
52277
60818
50902
46071
44812
44776
62150
55510
56809
66659
40348
58114
64220
59816
61176
52204
67746
51531
69293
42349
62910
43926
43122
57006
56779
49798
55259
53317
62736
63255
69768
54176
53845
56257
54941
59815
68341
43075
56177
46237
54581
41631
53899
51527
42196
72038
70346
39761
62947
54069
55267
67821
47575
71552
47121
51645
39645
46222
41479
50419
67949
42693
63274
70327
51234
50472
71165
44233
59849
71454
59612
70247
62904
46965
52462
58225
42593
59558
58709
46795
63014
48731
44711
45059
61039
65582
59042
71731
60666
43444
39963
65065
54131
43962
64312
41414
54597
53966
43487
44708
55215
63234
51310
68091
71706
55532
60077
47046
68778
53233
40193
39713
45843
44484
51682
71158
49582
64297
70542
52184
61132
61951
62975
68655
49738
55421
50459
42902
42341
41404
56108
46209
42192
63349
68495
67363
71940
69901
44464
57487
43224
64462
54326
71965
55889
47224
66682
51727
42427
53752
66110
47732
48888
53623
66460
70477
67865
45974
57660
40687
59435
49912
71370
71592
58707
64514
42919
51621
55582
56798
48095
68627
69650
52422
67932
54661
40329
59775
56665
61334
53439
66083
55833
69071
65577
65572
48344
52171
40712
63374
49154
54936
53567
48012
60835
50529
61793
39982
63006
58698
48399
45417
57123
64668
39809
55136
40667
51490
45666
49121
63333
48595
48353
48435
42630
50096
55557
43535
48540
66032
48960
70380
46548
61787
71752
66688
70813
48884
58658
41859
46173
49626
44415
61878
66914
67696
59468
58404
56091
49340
53893
44711
72072
65549
43082
59567
55023
44513
62516
61247
50641
71173
59625
43064
64284
58878
63726
68314
58530
72104
41149
70024
66506
72477
71448
63691
49285
72152
55196
61338
59524
56603
48025
40153
44713
71053
70945
40479
48827
61992
65631
58300
47453
64594
57130
69115
44097
65354
45786
44964
55961
65222
51291
72133
59854
65755
60032
70834
50805
44828
69273
43595
54655
70406
44871
58749
50607
61852
51599
43788
70994
68174
45102
69519
41002
48415
43308
52924
51627
56327
68020
51173
71530
43926
50211
41923
53202
55003
40031
67443
61720
55940
63082
63678
70770
43846
62263
55197
70020
72576
53180
69884
63003
50203
47688
61119
42526
62644
70167
43267
47042
61181
50468
40102
57340
61792
49214
51977
66364
54502
42334
67348
48728
49752
48184
62331
64454
49828
53520
46656
59663
44673
62927
66938
57472
49494
55638
61780
72483
54104
43282
69464
48878
65267
45264
60142
40249
46444
44243
57119
46454
67268
66084
48543
53276
41183
53546
59147
50660
51686
71290
47215
51000
55785
52720
61963
47080
63433
52223
64343
62240
40277
49477
43076
68503
42675
40035
58309
56328
61698
48651
58254
64486
52285
45915
51483
60492
50274
60009
54261
69939
67028
70943
67889
51943
57598
44617
62521
50108
45370
54508
58575
50684
43761
61913
52814
44581
54531
56195
44083
52561
45417
60430
69597
53238
55577
48552
48017
64719
69417
65820
61121
57370
69432
41636
51086
46852
72458
45311
56715
44898
68466
47812
63940
53153
59509
71158
69631
72448
52396
50648
56641
50684
71658
62211
53140
69388
46367
43445
72456
69519
63356
53868
40952
71939
53976
71860
67214
62071
62291
46141
45961
68163
63545
51248
64062
61430
54825
52419
45021
43664
42102
46860
66550
48882
55757
54034
49724
64146
48152
66602
57736
54899
67491
57217
66593
67157
70013
54517
52538
67625
59682
55849
44988
51143
48470
52184
72262
43747
67668
63849
42098
71997
50984
69316
41307
54553
49242
53349
47964
47087
40396
56750
64794
42851
56805
60802
60356
54903
57327
47375
71321
42752
69566
67819
49067
48983
62611
71779
66019
43088
42816
49936
71750
67440
62348
45227
43638
51546
43224
62241
49788
53387
56835
51946
53188
64583
44172
66967
56169
72659
42742
43691
53684
41445
69233
60076
66783
44121
68534
66682
52510
46117
61235
70879
59872
63887
48232
66662
67665
65694
66705
67441
70436
45518
54405
58502
44945
62215
47582
62698
68505
52432
41818
70513
57745
61377
41089
60820
54494
44598
50312
60100
68606
48715
45174
40446
43976
55300
67717
62880
71668
66507
55499
40315
72925
44320
44313
50985
59014
52620
57380
52384
59611
50134
58850
57608
40250
43898
70967
50122
47410
51287
46289
43498
49803
55976
53073
53654
42118
61237
70315
62463
43621
65483
48847
67943
66350
63465
59273
70523
45741
61884
69029
57828
70584
48973
54104
66841
53175
70650
53211
58231
61283
57891
50777
42131
59597
49445
50187
59087
52898
61324
59810
62251
66734
50564
58341
58206
40352
43921
55195
60966
50701
59776
50347
52700
57527
57758
42114
62795
47118
68647
51125
67266
59639
50945
46823
49512
60109
52650
72430
55504
55461
60784
61489
60109
57303
51680
67924
67464
63418
50560
42264
65487
50862
58049
72572
60848
55392
45359
58921
43847
67913
72427
67596
43988
52088
42587
71749
60176
43154
65568
62528
59074
42263
57672
56609
54925
59622
42437
66662
71180
53508
42782
52167
62753
52889
44901
48225
57993
46907
71785
63764
42164
60015
60204
45098
70868
61549
70552
53305
69685
63012
64621
66634
70604
51838
42878
47930
46610
49381
71197
48737
62227
72966
71124
72562
65217
60373
50518
58786
70031
60881
58804
70157
58171
63113
52180
62293
51179
58719
67104
71820
41852
72588
68219
70484
42775
70500
65657
59716
68869
64731
64463
46222
50884
66377
47880
47071
53594
41066
48762
59783
41961
41129
52089
47578
60548
48286
45002
71894
69441
60373
55642
65286
72591
54481
71216
64933
43978
65104
69793
72199
58125
42449
56259
63541
64840
57172
42020
71896
42386
57953
55483
44632
67264
43083
57374
52548
51766
49078
44534
64501
63741
63831
52400
58734
62230
53755
44918
45959
61710
48587
57438
54347
50131
47310
57057
44702
50886
49327
49806
68131
47121
72641
62975
44636
60219
69952
73229
64787
68090
63194
65856
68601
55112
46957
66441
65934
43192
46867
68148
47424
68107
47196
56344
62167
48894
42714
53777
69904
71527
60131
60336
43912
51584
43666
72752
63452
50819
72719
58284
52751
48503
52496
67728
52268
49225
66464
66894
56620
48926
72736
65106
42777
52712
67723
54327
42100
59447
54526
42555
60629
42835
54647
55536
61649
40583
57564
62773
44320
53695
48448
62309
71935
64086
41315
50894
54228
69161
61303
48485
54801
48368
68906
67511
43354
55246
64736
64803
60394
55078
72768
61511
41779
62129
44019
42936
41412
65485
66728
52982
66672
68120
73052
62367
68269
55870
50904
58082
52794
57103
49275
64311
73221
44245
68153
50765
65611
67300
71652
61252
40961
42866
51626
59677
43379
47529
52704
55663
55851
47611
53246
72539
51220
45238
71914
61121
41951
64216
66681
42932
64166
70948
61491
61996
47823
73077
67414
65019
65588
65107
69662
42755
60288
63684
73284
60837
67804
65636
52932
54141
68044
73144
61668
61516
54867
51904
49266
54069
47454
64971
70989
66605
44128
54927
44071
47533
67129
41337
60552
71337
69980
42306
53270
66758
52529
61123
53013
65224
57016
69386
63018
57161
62576
65453
67940
67505
41335
41310
55420
62306
62450
67776
43100
68403
51887
68986
54751
52512
44553
53129
71128
72768
45068
42714
63061
52471
71642
45336
66853
49516
56397
61891
49047
43581
45534
47234
44933
49010
44998
49594
55697
66992
53347
50527
57519
62383
53468
59402
66276
68590
46088
49740
54093
48806
60556
62019
54626
43004
62020
60266
56700
65146
50917
63669
55957
50624
44512
42206
60751
72055
72585
64761
61496
42119
40824
57679
54605
71818
52783
55401
64701
47488
60926
71787
59631
53700
60196
47780
62405
41535
55095
52578
59683
41691
63430
47115
43691
42810
43068
42345
49355
48041
70407
59462
64762
52815
67066
69177
69950
63658
58864
70847
49394
64829
66995
62605
69318
52610
58396
63269
68615
44070
71035
68264
44321
49013
56376
67563
51042
43028
46267
73420
72704
61422
55434
56519
70750
58736
64689
65988
70539
46841
53095
71475
65803
57996
63726
64859
61659
52681
41915
58095
68783
72219
53207
56035
41598
67890
62853
66685
64576
66996
47909
63919
58615
42031
49752
63396
65260
45139
53349
62873
53051
72286
54748
73198
41617
55511
72057
56701
44853
70271
68170
64810
71749
42117
64788
63931
46659
55545
55540
69099
51408
57731
63298
41657
62902
59989
47802
72198
47404
55646
41438
42847
43862
69056
55446
43800
48908
45957
68890
50074
56796
65421
68625
67837
66898
59339
59387
42714
51574
43954
45004
51290
57495
49385
63705
68243
72775
63558
49144
59669
62375
61178
58851
55487
66277
40969
51934
66776
41986
43518
52634
57947
66777
72924
45400
69009
56925
58455
44881
42469
45346
41540
46934
72693
43807
68943
41908
42469
72370
42988
58458
52728
70372
58256
58686
53089
42223
66592
46076
46422
54013
55210
43200
61543
41011
71251
71271
54798
57838
65168
50657
48775
46668
65945
49370
46305
50159
70683
44953
60758
42749
63277
52776
62936
44907
68998
48309
54508
54396
69869
44856
68283
65924
48112
49238
43110
73714
48089
60293
61851
66189
65246
62066
48230
71166
45720
45472
66377
64143
67255
43089
56718
60210
67571
47017
53724
71109
42822
56593
46857
51348
49496
60378
71471
71968
47675
68130
51458
59423
65880
62716
45920
59075
70057
53195
61226
65855
49705
66287
47955
53896
64137
60836
63286
66904
73765
61222
71469
50809
53046
68378
51039
44096
46153
44329
45273
46936
72176
53230
70881
53440
65207
68370
45702
59671
51033
52405
43644
72984
57652
49680
54567
66401
59643
45913
48886
67448
43435
55015
48882
62991
67520
57239
56215
73351
44200
51822
61922
44468
67192
44928
53931
42464
61406
72208
51765
71698
70742
44024
50692
66192
58529
69708
68846
63650
44916
65850
48501
63385
45677
58676
67156
68880
46922
51026
52568
45682
69981
44785
47217
65980
69435
72353
52489
42884
46261
41534
72084
46651
53513
66652
73065
48815
50521
41704
58064
53715
69467
45837
65372
53187
60499
42069
61051
43011
43070
66321
64075
61191
60752
55802
42671
60665
42913
55064
53923
68022
53540
47075
66508
47642
47576
49321
69715
53885
73794
49967
72436
57981
44570
63643
70994
65022
44357
45713
48270
71536
67843
42909
50199
53073
61290
57041
41668
56562
42771
65199
46624
62589
60691
66377
45061
52791
61228
73638
66156
45827
46661
52840
48515
45608
70936
54700
70656
58451
61227
49714
63925
57312
60417
73150
69733
49749
60049
58557
54999
62255
51447
65324
52776
66530
54378
49334
67941
53531
62830
46108
56154
51528
60490
46554
71332
64602
45501
41480
70670
55497
53229
72062
62234
47577
51104
41531
51421
43805
54702
42760
45328
66873
44215
72280
62821
51179
63249
49267
48919
54605
46340
58579
67269
62036
52026
65230
46720
45213
54641
67958
45603
42345
70003
70334
47586
70118
63048
50654
56102
57520
52138
62712
58265
72855
54713
58875
68220
50339
59632
59080
50241
41301
64088
60563
62550
65328
65531
49804
61759
62072
46492
68543
69351
67642
72101
72761
41784
67724
46689
60781
47337
44566
68459
45526
58519
63185
43879
52189
61464
61967
57839
44028
53260
44988
62928
55844
71604
46307
56183
44636
57096
72051
60326
64684
52995
45892
62060
47161
51266
62037
43603
53681
55245
53848
63451
54505
60981
66928
63783
68037
68831
48185
48631
72793
56735
44809
48086
69709
59528
52341
53909
66438
56323
45335
62711
66562
72479
52367
51630
64772
67112
55240
55430
65394
45435
65661
71649
59771
65176
60923
61027
45436
52089
66344
64750
55333
44067
65988
50385
50648
57978
62191
65084
71505
67673
63723
45816
73100
73698
60964
61780
70883
65043
62829
43875
55160
50074
57229
71268
69330
55275
68090
73346
43211
72335
72420
49854
70569
48831
48757
60713
66955
66865
51544
72534
54023
51250
58488
60175
71953
69109
42506
57159
48670
70955
48077
61776
69258
69587
68240
49742
63543
65620
59126
65772
43384
60617
52086
55117
71469
56476
44965
62790
44591
54358
58552
68298
46062
50101
72516
50853
72280
72192
63049
44397
51965
62615
53103
56502
44401
72654
69775
69254
60658
49659
50805
61705
49483
47310
53477
42629
48888
69857
54235
65935
62091
55184
52759
53632
52047
59147
63705
54051
71978
64681
54506
72112
74184
67968
67803
66558
69877
61746
62609
70132
51275
43785
73218
44609
53774
63815
56121
49228
64340
43703
56736
72302
55657
72328
66174
71776
48753
57947
68799
66031
57679
62107
44020
67063
48326
66829
62618
57742
59870
73128
44447
67456
63882
69030
71458
56316
70023
44251
69243
55436
53383
48454
45947
44106
48527
44262
62196
44114
50846
43470
72316
43123
70287
48252
55663
63530
43584
56423
54067
54224
48372
45783
42688
52754
66550
65529
69471
65954
67968
54835
66225
50988
55002
73653
61428
67468
52678
41553
66690
65086
45340
62860
72090
65557
73906
73461
44899
72240
68734
51381
71982
73003
58111
50792
48892
59538
65240
56363
71744
68251
71615
64502
50150
67604
47765
60717
57747
57498
68822
70257
69679
41740
57140
49596
46497
42559
54143
58029
62425
47603
72136
50976
61204
58374
67782
61954
51547
65000
71033
49252
63309
50767
60940
43213
53791
47916
48128
66773
68321
53213
53639
71919
58115
54180
50734
52871
52759
72792
50879
54349
57560
51546
72806
71888
45420
45771
44818
54094
68838
55548
67358
69322
42511
59430
70193
60256
74086
42076
44899
68054
74341
53693
50849
54643
48646
60654
61266
73748
63110
51144
59962
50300
42089
56909
62111
49900
61630
63457
43691
68595
50340
59575
42770
60808
53773
67465
56821
54870
72130
43916
64773
58199
70312
50851
60139
60324
54849
61394
63464
65164
63093
61942
65976
67555
57491
45748
69309
69276
61843
66992
42073
49563
73630
49151
56476
50884
56528
73694
65311
65624
71484
56484
74031
48257
64048
62197
69934
66347
54459
65849
69943
62998
51565
51276
42241
63273
43870
42103
63238
67850
44145
70304
71908
73195
49370
71101
41731
51367
56286
69775
63352
66573
59866
59276
44073
66683
43911
65309
57394
51120
54908
59913
65672
55003
73461
56369
49116
61175
69330
46463
50627
66395
52707
47385
55571
52877
48994
50394
67984
58712
71873
72962
72904
65566
54695
73772
49723
61039
44341
63361
53951
59609
60557
71468
73507
46338
55957
74509
70163
53237
67832
68530
43323
70330
46702
63363
68016
66857
42558
52284
45963
54015
69889
60577
71895
71474
70312
65133
72621
61826
47552
52363
47005
72273
72693
72072
55888
59572
70613
63049
44908
65226
68567
61689
58296
69709
64156
45126
41857
63334
62580
52941
55356
68550
63012
68306
59756
61426
52455
73269
66758
51422
49074
53921
45459
70590
56764
42503
45911
69145
71230
70475
65456
58399
64887
54077
52096
71996
58100
43466
62286
57069
72974
70516
49898
52691
44468
59135
57424
46342
42091
49005
56783
62379
57746
49709
46955
69833
73451
71056
49023
66904
57687
72572
48807
60571
47073
50276
51932
69296
60414
69239
72161
63846
67347
66840
53983
72526
53560
54415
74572
70933
44348
50686
72464
46352
62953
46998
70635
53529
49289
58634
43025
62106
43177
70724
64536
67815
67868
64088
57364
71121
50755
60598
68609
67704
69004
45731
64353
47712
44601
68330
44069
49863
61283
47566
50385
70710
67390
45892
58844
71767
71582
46431
43605
48646
54202
59148
72653
44458
45872
52991
73072
71622
54858
46829
70261
53707
65408
52988
50105
46385
50750
42360
51366
62661
59111
50887
63322
56389
54297
72095
73733
44586
60723
52086
71571
70597
65044
57658
54668
54157
60454
49219
43320
49592
46236
50054
51718
73480
73719
45323
50990
55784
52943
74657
72342
58807
66512
48336
58099
72804
52995
45839
67888
56891
65102
69687
54547
58366
63295
46136
46366
63288
56837
61450
48563
66766
44479
52455
74620
48599
42490
54200
46346
47789
45428
59597
71612
54340
43558
69584
52195
42939
73346
44028
48163
63537
64506
69770
56349
58074
49857
62828
72266
72018
42709
42046
43306
71217
49725
61818
58271
65503
48271
54763
53395
44458
68534
48228
68065
66325
45554
55217
68211
71027
72992
70862
42920
53173
68412
64855
47608
67713
71716
73280
47322
48772
55455
50886
52709
61192
42653
45989
74550
47817
66241
64140
61715
52484
44828
51662
69325
47314
59196
53338
68331
49332
55653
57837
69252
48239
50462
43910
69613
69914
58095
68635
71829
61301
63850
58762
74284
52348
50024
63954
53003
51260
68501
43139
66000
63206
74031
73843
71752
49186
68106
55731
52627
51365
71128
60353
67458
72198
46759
70655
70468
64717
49835
65636
70978
47310
66366
45682
45127
44981
46373
69224
42980
67041
56853
60088
66067
52598
72565
46011
60442
59309
52838
63396
59058
69743
51457
61107
64873
51235
57567
54187
68933
69572
68319
73861
57002
43830
58403
66406
71293
56794
52316
73679
49802
54624
62792
61459
66851
46812
68473
56079
74762
66076
56407
53781
65170
48953
73064
68393
44800
43629
47311
43888
56119
53796
49939
62949
63637
56150
65058
53838
67352
57363
69014
49263
67525
72800
49206
68477
45642
56641
70336
53717
44514
58903
53222
46318
53625
49196
61846
50572
44817
43149
42878
65591
61028
69656
42704
60908
47818
57813
42818
48402
51294
66442
45402
59055
46172
50313
74216
46044
50382
44749
67284
46967
52072
60997
47385
69655
44976
49776
55314
67141
58466
44586
68085
56041
52242
55750
42397
55810
53523
56156
43404
66970
46232
55652
74800
60666
55577
48004
61797
66586
68600
56743
61756
69467
70245
63823
72698
63352
64895
47404
71524
72122
68027
43757
45370
59500
69002
66390
58114
61327
47926
59539
49926
70095
47629
46796
67232
70069
56002
62201
63925
47901
60176
57336
69504
49387
60576
59868
61585
74490
45869
56201
43541
45141
44518
70270
57943
63914
57364
74993
46727
51195
52476
44577
42427
60311
56071
46312
44339
63305
61984
57487
63969
48079
55646
61415
54056
71565
71651
42645
74469
61059
56580
74926
48812
56957
45994
56452
54868
66441
66807
72383
43957
57518
44589
54447
63408
49371
44492
45280
73840
74782
44027
65007
74992
68886
57897
68509
57789
49835
42484
72226
70398
55804
72522
54212
47025
72857
53710
66727
47671
73459
53629
66791
66067
72465
55953
67812
53999
58244
56485
52189
72927
66204
59675
51393
74218
55772
74939
62785
70855
54700
64668
45866
70884
67918
74312
60402
43949
50963
70427
68240
44810
67791
44780
51089
44329
48266
74224
64361
50559
51576
42458
60167
70409
57644
56903
49836
68568
61704
54362
45820
63948
51192
54691
58454
61600
50272
47686
46177
58662
73298
54873
61927
51668
74245
72333
68327
54400
61058
43025
57573
53608
68769
56243
46981
42869
62004
70729
61784
61889
50562
47183
69366
53846
62711
48849
74829
57913
63257
49036
47160
58023
50878
52816
49748
70558
61308
75176
47887
54175
48738
58557
61953
60595
60133
58488
73344
45740
52253
59367
56942
54957
60978
44002
71510
70636
72721
72174
60855
72119
45411
74337
50848
54965
51391
65991
67453
67951
72222
62853
67633
47630
73104
74684
60261
65894
50734
47728
53535
49460
59728
68074
71574
45476
75264
73306
73285
59415
57518
72897
48958
47906
42789
59150
62145
42970
69821
52103
53517
72783
61138
50027
58998
52054
57718
66774
69048
60812
74851
60388
50315
70551
43059
65305
44663
60847
52180
70401
47594
44126
51766
53523
72584
56963
45126
75227
70594
61597
61216
55897
45738
45382
56960
56484
69125
65278
50042
64466
73122
66346
44908
72476
45547
73308
52016
73790
47290
59861
58006
74013
50286
62025
50193
70828
67901
69602
51376
68368
50380
65415
71760
45315
50172
74077
65041
74358
64263
65678
57606
53370
58317
67658
46385
65120
71272
68108
63662
72223
53254
63775
69934
62455
56312
65376
73127
72020
70406
53061
69706
55029
58630
55070
74934
75341
73901
47515
67179
68138
60836
44943
48001
73364
44254
46835
42906
57336
45866
45870
47893
60806
70148
58004
74372
51927
58033
52524
68192
58579
51083
69814
51964
56786
71577
44524
69816
58625
59490
47881
54391
72968
59907
73608
47187
54761
51584
48430
72847
73259
68952
43594
65740
61241
73820
57660
66944
63749
65216
67892
74149
53488
47475
48188
57518
67566
50092
61049
48319
60389
48838
55981
59677
63575
47181
71681
73956
47681
69209
48386
52728
43843
60954
46057
72765
51200
73909
74783
52491
58824
72270
70912
57052
68469
65382
44512
56648
53650
70760
46923
60724
69059
52094
49553
59718
52576
58537
70786
74396
58212
54289
52343
72125
68998
58010
51346
50127
62629
48311
52806
45067
68713
58243
67097
74095
71208
46094
46504
61618
51974
63732
56044
51837
61793
47669
68797
73176
57708
48960
50324
52963
48409
63313
62869
65990
57149
48125
70861
70122
50671
74252
63160
67946
64560
52358
75270
44228
50898
62992
71582
61141
71826
74873
57316
57604
70024
47761
52535
62397
69057
56378
68542
72481
67370
55489
46693
44027
52911
69486
63778
66806
57509
66137
43133
55310
55397
68480
62031
43077
51002
59415
68554
53143
62078
69151
65721
74031
48383
65594
67593
64475
49064
70590
65929
57534
54621
56584
65774
57925
73254
46611
68122
65372
48528
70473
58014
48865
55376
72344
72829
73560
70954
45257
48691
44769
75025
61709
44021
57192
71312
49881
46651
60188
63592
66036
61820
56610
69499
60623
47928
70282
74728
52500
69692
51074
43384
69249
71714
66761
51001
47095
68119
65895
66152
64206
52961
52380
69780
52332
66592
54294
70913
48662
50387
72294
52555
67333
56095
45493
61771
62653
48972
52915
51774
46490
67601
67537
50468
45484
45073
70832
66663
58821
54437
74201
46269
62671
53724
68782
43343
58211
57280
72609
66331
45464
70875
67235
59287
50969
61946
58335
68247
58747
56113
52393
69488
70861
74271
52913
66910
48752
66931
64893
66339
59945
51631
47126
75249
53620
53037
63233
63370
48411
51551
46704
65446
57608
64346
53434
66709
43607
73110
56585
48933
46000
53487
58962
67014
54228
49904
69259
45804
64117
59217
61976
51893
53067
60094
57222
74700
51044
49883
46971
71565
74940
65412
67821
64874
70669
49497
48531
62861
56552
63866
60057
50878
55301
54927
72088
54152
73688
66316
73157
60055
44900
71859
51561
63077
58196
60762
71569
53270
69960
72942
73222
47520
43373
62648
56191
49966
71248
74719
46614
73671
52980
54574
48633
44330
53026
71192
67682
45821
59904
44793
46793
72999
43749
53407
65112
46459
47212
47881
50079
73878
60871
49518
73353
74250
73302
53122
55950
60348
46968
54260
50987
64650
46242
46139
60559
53809
72110
44434
63640
62062
59253
51009
63485
69476
48799
47647
45005
52030
74938
61781
43800
57109
73610
67684
53483
43284
72352
60010
71298
58842
52014
63137
74170
71967
67098
52776
61381
59803
48209
44806
54305
62499
69982
65644
58315
55830
49211
62522
73904
69367
49767
57797
63844
43355
60728
48599
61718
47878
63859
54264
66500
62545
43290
74988
72363
71375
65413
69245
75010
64303
49076
73851
43239
44644
74980
49920
57498
59908
67936
70136
47081
60398
61338
70113
48619
61744
74106
74192
57073
55336
55798
52917
64186
44521
44259
60383
43750
43743
73995
70851
52653
58039
45183
64505
43217
43897
74543
43911
47313
65527
63415
72290
65632
57707
52860
47922
60437
64604
68344
59478
73316
70849
73554
53544
47053
64873
46642
52354
61267
73370
44755
46209
69424
53241
73562
44936
43463
68009
53606
68232
72410
45239
60648
67711
43261
66230
50485
52031
56139
58534
64601
47473
55127
71963
61614
67033
56166
74139
75950
48092
43227
53063
45318
62783
62194
50877
73963
73009
75185
64318
47281
58508
71964
58636
52890
52056
66729
63254
65004
58257
50931
71639
52294
45353
54706
74108
47411
52049
59883
44357
60416
74485
48228
44589
62411
70277
58971
73421
52701
72443
47735
50814
75322
61978
43519
55742
67189
50675
68170
63957
59081
55726
52855
55224
54630
57223
67934
65069
75785
46103
52165
67376
60367
57045
45784
49301
67403
64476
47827
66544
49878
62191
43522
50610
43814
73658
75755
73620
66083
53082
54474
55865
45557
46880
62781
47630
63074
51346
67137
70518
45143
67251
52573
59940
71620
49285
47389
73671
49069
54475
75202
62957
73855
58131
55864
59169
72864
69108
53576
72535
45897
45717
74511
64395
54680
47470
74415
75940
70113
58451
66628
55710
67910
48558
73498
58600
58247
68876
73757
63755
46363
62683
49296
51341
68479
73073
54530
44309
70606
69969
51326
67023
69522
44714
55299
54546
68569
53793
74291
57665
69260
73424
57167
56559
44541
67471
54627
55878
50879
64882
56510
69033
50106
59283
67749
74648
44158
51217
51273
44500
60888
45656
70646
60356
69795
63139
64140
61976
53985
75456
74547
62892
55051
55315
71499
48559
56741
50910
59554
65796
48404
48832
67562
45800
68532
60539
57194
66262
45094
64762
67059
70567
52199
44434
73238
44542
46119
45448
46484
61923
60632
69843
47382
52142
55813
58404
53278
45095
72549
70180
46398
58347
50736
61948
56968
53778
61745
63259
68165
46606
50973
51763
66538
72918
70435
62341
46407
65861
64452
64095
55298
67516
57317
73187
56132
72975
68130
68361
53682
64671
44646
46056
64415
57795
58808
44081
49535
59501
72792
44796
45727
57610
75275
45511
56340
72617
60595
75963
68594
61024
60706
57394
54462
64235
63024
69495
58661
63383
56843
67788
67565
65375
74191
43698
57389
44372
74583
63076
46521
67394
63826
61349
58849
64400
66969
76219
52315
63080
50624
75196
47229
53784
70122
58888
49839
75448
48610
56087
71201
48397
53352
68981
66233
75950
50377
76042
60240
52581
68275
52639
58397
54232
47174
51358
71025
53609
74350
72729
46757
75610
53105
63246
46417
56629
63428
66282
56511
64107
67875
43595
70048
74555
57312
48394
62973
64725
43644
71033
67952
72896
43892
74473
72083
67449
52573
64880
71353
66141
48435
59113
73948
48328
65263
56635
57559
70783
45143
74207
66005
63819
60954
55964
57098
46055
69404
44949
47521
70684
76303
68230
68341
51755
72003
56139
50947
61291
61631
66978
74528
66099
72336
56369
46311
55546
68961
52427
64886
53437
53580
74223
46298
47778
50928
64913
59847
52442
58564
61725
51596
72395
57002
54970
74823
55407
60360
53196
65877
60663
73363
68796
55309
71861
66348
49659
49326
45624
63472
60996
45461
48825
62539
54818
72884
59830
45516
55475
65855
73692
60287
65963
50600
53546
75639
64667
60878
73300
48810
52596
65906
62821
71426
62023
46826
57769
50096
53838
46617
70346
65476
73264
67486
57145
46842
66945
66636
50639
69847
58760
55514
45749
45557
54598
61916
68481
75676
45747
58354
50849
45457
70987
74816
70141
56883
51657
75038
52440
44227
47923
43792
55543
76292
60694
60920
67334
47876
60179
55946
74295
68153
53658
67585
57132
51919
54262
46608
45591
50753
58250
59164
53280
59431
56410
60072
57351
48207
56013
60433
73226
70414
73393
55675
63241
49112
73599
46859
57064
75279
46560
45655
58933
67609
65137
68122
54026
52405
55747
73261
49461
44687
44455
48050
69015
68114
52136
63890
69834
48509
73944
47403
60679
53049
70352
73538
62278
52842
44530
71999
58278
74180
67825
49817
68880
47263
65940
48783
69655
53838
46774
55833
51491
53165
58258
68126
75215
49914
65597
72167
59791
45542
52084
73172
75158
48619
74136
65101
59383
75487
50423
44796
58890
56266
64333
58937
75281
69109
74891
59590
60443
64067
44758
48573
60969
56516
68563
57030
70544
49800
68386
47245
50078
44465
48680
69492
67456
49100
51474
72837
66403
56930
50454
63146
68314
67017
71676
72736
54400
48704
58590
45097
69854
59196
64044
49409
59535
52476
57586
76308
75169
48227
61790
58990
68671
67847
69757
59251
75405
47494
64325
50128
67540
52761
49880
53937
51935
54635
56839
67381
53157
50091
62485
73758
64552
49119
50366
65486
66716
56188
53624
49263
65228
59444
44025
55409
50362
57360
69113
58169
60037
70590
73273
57879
52112
70444
67268
67961
62177
66646
49269
61023
58055
56412
47033
75791
65472
44759
44694
47626
74393
67437
65517
55870
71127
65955
75772
59261
66134
70387
46630
74798
69424
47903
68599
67907
47328
69316
68963
50539
74664
53298
75342
48264
60720
68219
51538
72547
49519
58058
52156
54174
46798
70646
49879
70635
46475
51287
50798
69756
61020
50649
48268
44987
74838
73806
70278
61242
52748
58889
67387
70893
53755
64168
60059
65687
57894
70705
63078
45442
47869
69217
74806
54387
51587
67648
74944
60893
64688
65529
56407
62549
50708
57577
67762
61254
69054
47094
62446
60902
73052
66082
55510
60008
50852
51551
56419
60788
51442
66470
49279
67028
47666
59459
46094
59504
63232
44915
58415
52348
56846
61488
45759
55280
56006
69708
46624
45112
66353
64189
58936
66349
52504
69688
72380
72773
73321
67073
48814
55814
48347
75521
56612
71617
57557
76569
60236
57212
61325
71862
62381
63536
73837
58533
67247
74805
70074
50217
70750
74746
69751
58699
70507
53497
71559
65906
72051
58602
51731
65075
51332
49463
60715
69738
46558
51889
74928
71050
44534
44417
63345
71473
63937
73057
56980
44288
67886
58892
58424
45225
75509
57330
71000
63561
72079
73009
51954
68345
54661
58049
69225
66463
74990
49646
73001
71179
59443
58892
53129
59967
54294
60006
59125
49677
53491
52343
67404
72936
57157
52829
57223
52724
75115
56714
50588
47199
68269
53693
51617
75252
66426
71728
66613
60397
62195
73491
74780
53769
50606
70970
65321
61407
76211
53779
76385
62578
67531
63962
56669
68613
74235
45584
74992
55345
64331
64041
76042
44596
60619
64645
68060
69516
68568
60321
71741
69829
50588
49039
60749
74383
54228
59299
75096
61715
61142
50288
49661
52615
57554
65010
63375
54784
56920
68109
59835
53128
51226
63286
72555
58993
47604
53105
71147
51433
68393
75643
68426
53198
74736
44616
63492
76227
52271
53424
67549
48259
55174
50533
49680
45173
53903
70952
49321
55937
71012
62268
63280
63523
57186
64027
52359
61885
57389
73833
68629
71474
53748
64038
61989
68272
67831
72231
55176
52685
72774
75719
49282
74966
68555
64730
53988
50275
67466
57314
63349
64815
48168
44678
76438
55847
51370
68671
49190
58561
49536
59733
73380
66447
58562
62986
46483
75540
58297
54804
45859
47318
58785
75857
48397
65716
75693
46775
45247
62586
56908
57994
44729
75187
48043
73937
62775
49599
49019
72458
52752
55333
46068
51229
70622
56106
64538
70031
70239
69282
71487
55544
50715
55558
64969
61879
48967
76487
47925
58084
76778
61410
59740
66950
52542
49077
61685
54022
56409
48912
45916
63460
74252
59536
65938
65193
50700
44840
66692
75549
72015
44801
64144
48569
57273
57476
60997
67423
56568
65973
51818
70985
75949
76226
61250
70976
69068
47835
77071
61966
63813
75333
51157
55349
48100
46762
59488
62177
74613
54452
73352
62748
44845
63962
55476
49985
58181
50553
62621
53427
65512
59430
52565
67022
73551
55619
60039
49694
65323
68304
46336
52943
63811
69508
54382
54629
61278
59164
72296
44718
44643
58612
73391
73204
68799
58580
61620
52342
51207
49676
66138
71962
58846
50371
45052
69724
72730
63884
68018
73866
66594
75578
49616
56883
73114
55030
58544
60637
58435
74382
48562
57334
64796
48400
68992
75789
48846
59800
62871
57410
72006
54374
48387
69627
73892
66099
53865
46297
48980
51653
44875
76011
54138
68546
65672
47393
48020
72898
47138
65539
71259
71079
60484
55458
47593
65073
75652
64975
75297
67021
69221
76172
63052
48814
65056
51392
71168
69407
67748
71471
48454
52504
61915
47016
63483
47119
70191
72832
48247
50448
49741
54336
54637
61712
46120
69275
74514
68991
56641
60835
63362
47900
54823
63292
70239
67341
54073
47824
65467
56879
72371
65348
56888
51883
72681
68907
53357
45002
68557
59706
73100
63498
76471
70396
50498
59761
71526
72647
68319
70689
54082
76271
48055
69421
56291
48185
46280
63403
64983
49555
60317
58890
50336
55554
65138
52646
76797
52699
69528
64154
63083
74806
61467
74197
52458
51616
56739
46961
68612
48656
55192
65344
57868
51485
53129
68519
74404
69485
47311
73391
62337
72817
47981
74073
46707
46159
69179
75058
54431
66080
48196
74792
53007
63068
55660
62108
47214
59794
59990
71608
64524
55133
66436
65539
71209
50579
58304
48690
74095
76735
69051
52802
56768
61138
74997
69315
70706
50453
70108
58487
64600
71266
45368
48155
67268
76948
70342
56965
45257
51260
68387
51951
50566
60822
72940
68499
45087
64955
64804
47224
49998
61463
46806
72843
72219
49182
45563
45297
62951
58171
74141
58012
48559
56073
73021
54812
66191
47046
59763
73144
77189
73477
46036
71102
47736
76450
50712
56087
74873
46075
62589
69662
59208
57181
52070
58291
47642
64445
49224
69258
59289
68265
59846
47817
59181
66686
66331
68051
72570
77018
48825
76894
55850
68436
76847
49356
73964
56427
46416
60344
72636
69309
63122
57039
57446
73850
63156
49633
66373
61719
65956
45623
59729
56135
76447
52264
64345
76583
47514
62183
73356
50360
67553
51871
71230
69267
69630
71874
45801
62680
46300
65182
62066
71784
66604
49713
62894
65108
63496
71998
61221
54165
64470
76448
61206
71933
47216
47583
45243
52077
60290
45313
52429
56393
52787
64674
62795
69161
52999
60999
73336
68049
74499
71920
47395
48996
61971
56300
57898
59348
74410
69617
76609
47773
67752
68204
57584
76723
64384
60182
61915
50616
71578
59336
56134
62579
44790
68240
48856
54142
77075
71172
66975
54590
61967
66518
46165
54808
59663
53673
54498
61410
56801
69667
71969
74136
54752
59460
72423
73553
61464
68342
56642
56945
69803
48869
62206
45599
56180
65680
61038
68602
49641
59553
65129
46343
75846
52345
56466
70382
58856
52496
61660
52583
74998
51196
52814
59375
58695
57039
60676
74687
75392
67750
50551
48638
64893
57855
45310
56886
71923
77515
45972
51461
63827
49861
70363
76565
57329
50177
56929
69709
47461
64456
52514
56137
67377
76195
70735
53512
68773
68790
72526
68837
49920
71503
45314
61641
55512
65727
75340
58782
49340
76137
61906
65543
70423
66840
49407
56654
51031
65430
72267
52382
67663
69498
62652
71794
75738
60225
59564
66637
62914
70816
56782
53932
64992
77337
55916
59192
61828
52941
55282
55617
49175
51345
49328
68200
74494
70723
64220
71067
73922
55391
74966
76359
52078
48589
59056
75720
48697
67325
64750
68901
73317
73014
57482
69882
74599
67627
45116
62901
59976
66512
48888
60933
71755
75883
60343
75152
69840
55534
75386
49637
49784
60292
50828
61361
53130
49258
71176
53301
71062
47872
46748
56055
55384
53536
50060
67512
70622
74926
54522
54439
47597
56176
51300
64724
56994
76064
62062
62183
71765
49088
73186
62482
71362
72238
64501
51012
46443
54520
59852
64672
68920
67953
77630
49453
51553
57093
72412
72399
50061
50889
73518
73846
76604
70998
54592
66197
48226
61144
67677
63446
51540
47458
77595
57868
72680
67973
62872
49000
61912
48416
48386
48113
71784
47225
46173
63278
60233
63885
61056
53797
47804
62885
72033
55690
56571
62762
47763
73776
61140
57786
70925
73155
67479
47739
72749
58809
58418
74416
71677
51846
52635
48778
57012
49423
48750
53824
51072
71778
68568
55138
47746
55716
71091
64618
66074
58442
49650
49812
49510
72333
51008
77295
46085
45591
68324
48052
72481
64771
71144
70359
64428
48900
58746
74461
70121
58084
72338
74989
73263
74801
52437
45865
61162
65843
66746
59967
52194
67872
73963
51514
75456
55955
76526
50079
46286
58939
57092
47541
54782
51664
60241
52004
60718
55116
76350
47041
69034
72791
56348
49833
74226
65027
74762
52109
61374
48313
52248
70220
73024
62580
70828
55495
72617
60716
70437
55025
72430
53142
58303
46373
60108
70154
45750
65725
60682
45508
57519
52960
64766
68688
50771
65947
61522
60736
56125
58163
70920
74784
50198
68538
53436
46764
68606
50401
50473
66368
68910
57357
73199
59279
52444
45741
60308
49048
52831
77002
77768
53462
74132
48607
65261
62903
45184
64492
56022
73040
69687
49350
76495
62287
55548
45489
62686
50225
51625
58672
48201
61877
47698
72476
76120
68496
74277
47860
56924
57442
46228
68724
73200
72425
55735
56937
75391
49012
67051
69571
59143
73115
46272
77548
61724
68142
68370
74584
52271
62827
58485
71006
69136
45428
53207
67654
56498
64768
48992
55971
48431
75344
61341
73955
54283
55909
51678
69156
64189
62576
50652
57161
52843
57738
69279
64589
72694
60581
61087
50136
52534
67266
50986
46352
48007
57189
71429
60338
68484
57670
54358
74337
62994
59210
73153
77630
74401
48561
67282
77496
63150
50065
66459
53414
65164
49283
47006
64403
54117
49820
76781
47704
74364
71839
77967
75761
47540
48240
60710
52617
48470
49612
58575
75479
60175
73016
61770
49325
69176
55095
63835
75214
67930
65472
58991
69121
71922
62959
73091
66403
45937
55291
65346
61953
76423
77672
45933
54694
61857
77182
50048
63986
77233
68601
51347
65708
61997
58882
77950
74329
53082
73054
56896
56590
71114
73702
76194
66946
62243
74039
66071
61031
52259
72874
47335
72187
63457
45959
46732
76250
49238
47989
73564
65814
52251
69941
76649
52361
54644
66448
46502
58730
53902
60046
50763
49695
62213
48873
72826
59730
71337
50625
64290
72519
74114
74897
48420
75117
53522
61794
62644
70707
63193
70463
72194
46876
48159
67304
68890
76566
53997
56267
61193
57096
47197
64815
71234
50858
60435
72627
74304
77721
49420
51959
62060
60587
76695
75673
66624
52095
77984
72035
64685
67673
55860
67010
57530
46125
54594
67194
49519
49402
72863
63641
57073
75866
54605
63401
67310
57430
49149
71978
45627
70270
58322
64576
75196
51514
54888
65960
72325
67419
50453
49136
78142
65013
74607
67560
46284
54385
74510
68948
61486
46814
55443
67555
72612
73352
45544
57445
75031
67788
74186
48696
55221
69674
74885
67843
75484
72604
66047
45735
73785
71718
61688
56691
51505
61615
65424
45720
60287
47119
58634
64732
70943
47465
73935
56210
53099
58043
68278
74185
53637
48563
47234
46532
45556
60101
56493
66730
56210
53882
66148
56959
51621
65803
51922
52819
53068
57390
69537
49849
60957
49968
69310
72315
65548
63812
66397
59788
47246
55835
53310
68158
49407
65716
73518
52917
62529
75894
72144
59036
64935
57468
73629
52502
57105
67888
73002
54008
74328
53275
59561
71989
47596
73211
51123
69530
54459
76566
66117
52155
76117
77263
75528
52269
64590
55159
58581
64501
58852
70501
73080
68161
72418
48201
71092
59990
48325
48061
59016
69578
62748
51229
70577
47859
57397
46233
60272
59807
68341
67464
70541
49157
67592
51967
59292
65020
57403
52131
68735
54379
57893
47547
56620
77569
70925
57482
70833
50726
54024
59355
55669
68913
52834
54237
69056
53467
67135
46897
67965
72179
61058
52034
74047
75860
52974
58069
73347
72213
73099
60129
68917
70399
55372
60832
66165
63556
74222
52198
49306
70765
75299
73906
56439
46997
67824
66306
51166
75733
58708
72172
58723
62975
73514
46827
67938
68239
68688
60023
68676
65246
47369
50904
53757
71321
52128
50491
60121
60786
52047
65798
78201
77077
52830
48489
68120
57182
54159
59701
75540
78025
51898
70898
63145
46890
69813
69420
73215
69790
57974
72461
75111
61121
68476
62769
47585
57889
54123
72373
75747
63987
61174
67217
62293
68613
63489
55592
78048
47348
78087
73246
66664
65695
71610
74858
59607
64219
68330
72876
75037
67689
67496
61888
70261
69669
49579
69523
71657
72831
72435
68661
65304
60719
48811
59184
67127
53541
58196
54041
54102
56511
63520
48484
77028
53311
49564
67708
72566
49788
76178
76820
55492
58328
50734
77751
77812
60785
56415
45991
45852
69788
57728
64484
59906
64143
49208
78219
56870
49245
58527
52833
75778
50984
54178
59056
57744
64657
53672
50514
74253
62324
56438
69131
59133
47315
64591
55836
69231
62735
77920
66324
50818
77150
64092
69610
71208
47481
52580
63561
58154
49557
58409
78379
72044
55445
49748
48553
55155
67198
58662
74513
50212
55083
59227
71482
61902
49474
72789
47636
62059
63846
58998
74627
65827
66990
52430
78446
58642
75094
70646
53779
61771
57525
56891
76189
50717
54639
71423
59896
46997
70380
77149
77284
64835
72457
57868
73800
69441
56077
76934
56521
54386
78046
64361
48796
67080
53365
54301
70040
60489
73103
71095
55696
55442
52645
58141
74719
65692
58911
63595
71492
73470
60101
61334
46577
64755
53366
47184
67038
51550
67612
50987
70499
57611
46559
49152
66054
60472
59545
73618
73618
62804
58762
75887
77161
56582
56398
71447
54298
53105
71435
57696
62774
73399
64239
66841
53088
75451
60634
76270
75940
73260
61015
72331
62218
63679
67281
55557
73578
48827
52484
53877
70273
64955
74929
62950
61509
46767
66710
78449
78198
60709
55453
73894
46966
48071
54356
56110
53850
70180
51613
51887
60737
65459
55207
59632
54500
77844
67100
48958
52335
64666
73884
74766
58512
46855
58987
64483
51405
70038
57958
65906
63258
51263
65340
55556
71083
61238
76762
62237
56071
68277
74791
66139
48222
54267
78322
67744
54812
53141
64040
49012
49854
71900
76363
57252
54244
67263
72223
68655
57768
69058
46503
58467
74799
66375
49999
65860
52093
75276
55915
57901
51598
69622
73184
68794
66210
62733
69409
58340
55256
54215
68958
64110
49150
64137
54520
58497
58024
67179
70455
52371
59775
48956
57919
53133
64476
62662
49472
58412
71830
49490
56558
53671
49688
54639
48177
63891
78006
78064
75037
63748
65345
60724
52772
58614
67032
64682
77706
75243
55042
66451
67866
46805
70394
77322
61464
52021
66890
75586
63862
73861
49307
71184
54346
65236
77004
49833
59520
76976
47937
51628
52684
55880
46462
65635
77539
51154
55796
60998
60651
76587
47898
65472
71472
71869
70848
54838
68376
62374
68513
55622
53337
76055
68407
60748
66921
47865
46547
62251
61495
56791
72428
62794
67352
77304
75703
75228
67076
49099
67065
70245
58370
69513
56602
77945
48353
70677
76154
75719
66345
63783
73224
64855
69201
50345
50192
66576
55602
60257
52564
46717
66748
71889
52319
56785
62184
77403
50966
76328
69101
48553
55184
73743
69559
66124
53031
65351
56725
73379
69583
67270
52274
73727
69543
47615
57286
69124
47822
68451
56461
67923
75640
69672
47993
48486
53313
74057
55076
76218
51393
69070
58632
67124
73824
49741
69362
50878
59243
68017
49332
66097
68200
52026
65050
49271
63399
59845
54560
62449
49946
75854
49250
74262
48230
47027
69076
65373
76602
53690
73139
66141
75232
66902
69052
78387
46610
71718
74907
78885
49166
74047
70054
56453
57325
49451
54475
50903
78128
72497
58055
47414
46236
62423
55705
55027
51272
71846
55607
59008
58868
62765
54399
77452
72604
63817
61040
77424
62029
46243
47002
46538
46904
52089
57299
73575
56069
75938
77868
78695
56169
69836
57636
62619
60155
64265
74011
56626
52035
53898
57097
52885
68884
66985
77167
47247
76572
67117
53646
48049
78522
73418
53976
51957
61199
49640
73380
69793
51800
46502
70693
72302
55675
49437
68765
69866
50655
48873
78798
65051
67969
47334
50353
59237
78149
61751
65131
48813
72074
64653
58749
61119
55552
53669
75067
67309
52670
61971
75135
51705
65679
69695
75934
74806
53901
54957
66971
52457
76018
78977
53915
71413
68394
54082
70553
79032
59181
72158
49499
62256
61451
57582
48293
77922
51912
48188
65964
69884
64875
64898
77773
47417
54354
54389
47487
68869
78280
77826
53383
47970
64474
50392
57963
71946
72806
56614
47400
69205
51060
54694
70695
72798
64457
60378
52590
48481
61882
49558
57108
74856
60479
47550
56567
73767
73800
70225
46769
75044
75348
57254
54727
49947
76351
52470
60452
68000
52571
50715
67270
73734
61123
61079
47288
70784
52716
68056
62016
75398
47997
47291
55385
69754
52321
77902
77923
70796
49946
52698
78874
53467
74584
76833
57797
73436
74698
73188
72879
66048
62004
78248
78299
59793
64962
74426
70900
51677
48028
56177
59779
53399
72122
60595
76901
47226
70650
73402
70011
65583
73583
65304
59811
67697
57340
69625
74983
56687
56354
64681
50421
77682
74519
63318
54223
48831
71960
74774
78532
48831
56831
79148
54687
62557
66072
72839
48670
70576
64817
63115
52134
73946
72688
70164
78644
55344
55146
47544
78743
57755
51952
74317
55773
54077
48172
74411
59915
51032
59758
71859
49169
67948
70208
73617
48380
73376
60992
64317
70766
77155
67119
56648
69195
67667
74565
59093
69814
57438
51399
68582
67132
57895
60380
48089
62542
49835
56733
62258
54773
65316
72555
72346
69313
54318
63877
55080
68099
77864
56281
77792
55867
74973
61723
76921
60628
72803
74773
53604
75279
54596
46910
72969
63806
59868
48781
59988
53554
59138
60303
56432
56566
46571
57272
47058
70846
56650
63735
52346
68378
56764
52364
54645
56943
77156
50206
61863
57000
71378
69896
72135
47913
65322
59893
47019
52484
55170
50860
49862
53616
48523
69165
67055
75895
69492
60156
62051
60398
63243
47549
74766
62122
77862
50689
64262
70641
69185
51552
61017
48943
66920
57544
64520
48106
47704
60436
55891
75256
56801
68576
52791
63984
55182
78236
52022
50654
66440
62944
49238
53819
67512
76031
46700
55068
66604
53727
74650
70057
74428
69384
71703
52689
51693
69114
75822
47164
63253
68804
46986
68737
66496
72146
68016
62362
55891
67079
48077
75413
56815
48396
68530
76171
67992
63463
69661
78550
68247
64975
50746
70271
55836
59198
71785
77302
72232
71497
49730
58374
47530
57133
79318
60679
74729
65578
58936
68438
65313
65428
72509
73730
48753
65831
78463
63432
68340
72603
61864
58434
51247
56184
52717
62811
47019
59436
52440
59142
65506
65370
57931
71472
72288
47734
61378
71666
60706
53903
51416
78348
70466
54891
57613
60303
71894
67289
67270
59097
77333
52547
53141
77254
71099
65667
72123
48421
53935
60407
50923
58473
55523
52440
70737
52641
50556
47559
78803
49579
57908
75945
68247
64676
63484
67253
47301
75426
79077
71371
52878
50342
76096
68104
53869
79308
73732
67223
64684
69829
54897
69834
52267
62855
55027
68201
55389
75587
64329
48202
66707
66200
55782
73249
63613
74758
74392
53402
66029
53925
77415
64933
50143
66327
50880
70417
54967
67259
59347
68445
48585
47907
66105
47307
54814
52681
65498
50869
74357
59389
69646
58660
71817
55074
65282
53919
54162
66842
72798
47169
53262
54527
62756
68623
70849
47124
58587
60808
60667
69371
49646
77949
71705
76584
76111
68130
70222
66709
77151
70758
55972
63415
60434
72576
55869
73650
53326
59850
53471
73929
66197
67027
60080
63256
52452
71343
58173
73093
62939
58002
55745
73972
55069
72606
47781
62394
78586
61176
57923
70996
68940
68129
56559
57946
68510
68228
59448
73902
73876
68427
72043
72697
67207
50551
52569
58968
52591
63024
50522
69970
65542
65369
71058
62222
74794
63080
51315
52162
72323
71029
56195
57199
74087
49808
63840
55244
65274
74072
70913
66175
71322
58058
51774
49043
60794
51030
75667
78887
57996
67384
50465
71011
73125
70917
52469
73649
63964
61060
55437
69161
61235
61376
51096
75340
49017
56411
62462
76790
60014
70437
59168
53646
77097
73709
62561
63616
69815
73624
56549
54765
52229
76400
57497
53153
64767
47294
57459
75077
64762
79258
62971
47573
54351
78850
74762
69973
69961
64042
66769
54976
67138
55059
71966
65090
78600
63071
72923
55206
56710
75364
66775
75026
73120
50303
68042
68082
57438
50090
58515
58930
75341
65873
73667
61872
65826
56418
74335
76785
70817
49828
55266
62483
73405
75849
72066
56578
51969
73158
48308
70127
54574
63458
60146
57086
48934
48653
75452
78399
73224
54004
74205
76000
49821
68434
51439
64673
49395
75529
75809
58759
72519
57457
68920
50133
70696
67056
68308
75320
60378
53707
49397
65602
68857
62523
69309
75033
60510
66500
70008
55921
73799
51138
70873
71607
62129
69957
55430
50575
62217
71198
52952
70017
51972
66106
47323
76271
56012
78639
50077
63051
57436
53781
68261
73607
77357
49047
74689
64716
79122
67145
71685
47214
58720
51005
60944
49440
76627
54481
76177
56164
68269
61386
58378
59206
73120
55975
58068
77386
64238
79663
52836
52643
51023
57933
61132
69797
62995
49693
70020
53117
64776
47687
64619
75296
65438
47756
70153
71553
79177
72606
68375
61703
69415
48693
59713
66110
57571
73823
67370
64717
69849
56599
59825
69800
70523
51738
79475
71814
79347
75766
62352
60054
64522
71780
62643
74093
70984
52951
72012
61763
77148
77653
49184
56672
72639
53126
70660
57809
79509
69131
71141
58719
52436
78864
67596
67522
68519
54565
73376
73745
54037
57673
72045
65405
48606
73032
76515
52287
57509
62792
53346
67791
66644
56734
65461
72535
57277
79334
52700
59751
70781
57938
62222
56298
62246
69442
53246
57177
51869
54037
55390
78894
50880
74303
67233
74652
74316
51612
48390
60541
77822
58117
79826
64652
65273
63520
62684
51668
73320
51068
78927
57448
50276
57309
63148
63573
56344
67028
72718
75733
48931
71571
67762
67013
73277
58112
62134
53337
56606
74248
48417
60431
58780
69942
66596
52961
79379
54404
48800
76735
77577
73329
71911
62012
58386
52563
60615
63112
62450
62191
64197
54686
76802
64071
51366
59838
64213
57267
51508
58142
63002
77619
78142
55517
63428
48388
73185
58936
71273
52337
61446
75776
64744
71916
65836
77387
58703
62813
71016
79467
47868
62906
77481
49436
75778
55000
75073
55553
70094
71809
76193
73042
51466
64966
70500
58575
61633
59286
74128
68856
57540
48528
69656
51583
67405
55574
75429
67582
69091
75427
74901
48102
50557
61790
77380
75447
73194
68847
73611
61559
76912
53649
59271
74845
66996
73320
53660
58829
61145
54806
57273
61833
76268
67977
72157
48933
57728
50454
63194
54971
63381
78796
49753
77537
48063
68866
74782
75480
52356
65587
76941
61702
75781
70412
68205
65958
77793
75202
52717
54719
74838
70057
56548
75346
55977
71171
64605
56280
78536
67349
70483
54764
69679
62337
68281
56132
55816
78799
61118
50661
50838
71757
79182
49047
62931
76057
52700
74391
73560
76924
56927
53901
55166
59257
53658
74173
77763
52390
72353
71297
79471
68923
53657
74999
72055
49257
69055
78071
61601
70893
73900
60488
62185
49380
71383
58643
72483
74721
74075
55447
65507
53053
52474
73247
58010
59566
76386
48689
47617
72475
52144
68105
48059
68015
47923
51014
76086
63789
53106
50146
58322
74627
65648
58983
68677
59809
74286
69216
78142
55179
75890
55566
53576
77485
55239
73309
78833
60016
67525
47638
56876
62218
55954
62806
75253
62106
69033
74815
76083
65652
51162
52205
76770
71353
67730
58540
74097
67116
72797
68712
58729
56384
47785
48485
59216
61302
78029
56624
52685
67045
48714
79829
54541
51738
67152
47954
60516
66083
47748
67404
55096
48359
58112
75009
54555
59833
59291
64382
70967
69164
48747
54289
63727
69160
58249
66306
59843
47677
65044
67710
50804
71736
54905
48596
76649
72180
66033
58084
72274
79475
59211
73683
50443
71981
65771
52996
65475
56232
65555
74564
73309
64841
79201
65093
49430
68970
58009
68430
54377
48045
55717
62000
51248
49807
68826
79484
49675
57408
62589
71411
52997
53682
60806
65854
55413
66543
62883
60896
57379
61361
59520
79976
51116
54060
74310
51179
75560
48687
76642
72625
63241
74859
53639
69679
69958
59922
53750
61493
52666
73381
63741
75369
48583
55815
55997
74484
52030
61397
67889
51579
48771
60666
60268
64337
61420
70525
72226
70123
75883
51358
58730
56724
62829
76066
59330
64609
62465
79851
51796
73064
55101
56011
73336
66605
77277
72090
61561
57437
76590
54150
63388
52671
63275
57003
67422
69735
51685
50660
75262
57645
54824
71904
60475
56925
51035
66168
70239
62640
54952
71999
52860
54395
47965
73307
59382
50983
64146
73364
74817
63713
55821
76203
61676
68242
64098
70637
61151
65554
56414
62983
49889
56985
54694
57116
53085
69494
80028
60693
47973
56067
78722
48953
60151
69592
76514
63229
52351
76351
70445
47901
73630
69608
69026
61675
71978
78814
52337
73703
67702
79546
66081
78737
57811
55063
57391
69499
53846
50757
59640
76194
49372
79170
71896
73470
57420
77285
76436
63064
79644
68701
64245
66908
49175
77018
53174
76783
67677
74122
66977
55747
61099
66759
59892
70184
59356
48015
49929
57893
60592
48180
52278
64711
62669
77140
76019
61881
74499
61708
70458
78357
67284
61545
51508
55162
71476
47903
65041
57695
51853
53118
53815
56486
61446
73377
71328
76148
77317
73961
57213
54081
51698
69290
76320
77611
73023
69923
72216
78992
56229
65460
70046
50139
69296
64843
76080
53150
60029
68128
51835
72674
57283
56738
62078
67515
69392
72880
57069
70943
65877
49165
76499
74487
51621
48910
73340
68983
62522
53910
79506
75947
59065
58436
75398
51539
71094
65003
55857
53233
78715
52547
47804
59936
48133
69598
47805
65063
66128
64349
60834
62670
74453
62947
77395
54641
65360
78538
71955
59474
75718
67477
56487
54067
54471
68902
75451
58405
55025
57650
77697
65179
73653
72689
75931
57026
51038
52762
70459
75541
78926
72462
49545
60460
51083
50003
67397
78548
78459
78661
56749
70757
55788
59912
65185
64848
59991
52417
47877
80376
65894
80390
69735
50627
69811
61843
49633
69744
56787
74814
63553
77227
50067
49197
77160
74462
71809
52550
59120
51019
57007
60903
66578
59992
73907
55255
74438
78889
73714
55677
57387
62580
79903
48976
63530
54161
72702
77199
67670
72145
53102
49714
64023
65809
66214
70432
55304
50319
78527
56482
70301
58108
78707
62488
63497
50898
67108
53995
58207
51431
74271
52674
59127
49475
70179
52217
62995
72238
68381
70479
53698
72078
57398
64478
48389
54384
63503
73809
48177
65765
75595
56913
58260
72207
70735
47936
63835
68219
67653
65834
61107
53425
53607
75768
62511
53770
72314
57063
77162
53186
56216
51769
51181
78414
51251
51499
63827
73456
56919
55334
75947
68488
64303
58169
50973
50349
71883
72903
72657
72188
71968
76925
67340
74928
49745
51847
65692
56436
53293
72452
54647
61045
48888
56759
59551
68282
78702
50687
64328
72632
74757
69385
49213
72737
75635
73796
48768
65278
68720
54805
50992
56829
73405
49869
66224
57868
48485
64472
55558
72230
75331
50998
80257
78957
72388
48432
66975
52602
49646
78403
74541
51697
60321
64865
63920
61016
71965
61017
57092
76073
61125
67731
79683
49957
62243
54784
52201
59884
48939
58961
73269
51403
66500
52839
80082
74709
67716
48139
50358
76085
67515
61920
58699
60610
68532
49045
73676
49620
78135
51807
53746
59222
62290
80295
64465
80413
58458
72704
57596
57720
63532
71771
50416
76297
50104
49022
50864
66259
54721
70066
73644
53395
68830
68796
51687
68436
69317
54799
53593
55870
50376
54592
54419
74159
65952
53946
63649
79757
78954
61107
54324
78298
52463
66655
71169
66440
79144
52579
60004
56207
66562
55692
58441
64062
52574
77505
60748
61646
78684
75062
65823
65341
72921
54243
79916
66650
79158
74037
58748
78876
72027
52227
52184
67639
54780
65731
77358
73457
72475
52990
48950
64562
51407
70401
78932
57563
80195
75734
65473
76889
60417
62834
62950
64634
63089
77616
57864
65407
56732
54910
52778
76914
48438
54742
66095
54714
57308
51185
65088
51692
76954
48951
62573
63204
69040
74105
66967
49941
78998
60386
50573
69917
57149
62251
51829
74140
66200
62479
52078
51015
65115
67583
70259
74040
48643
53782
50562
53128
60182
63567
51966
54816
70828
48374
52563
74188
61486
52316
74200
58258
71518
70351
71417
79425
59287
77513
60821
49740
58966
54120
65957
54233
52986
77598
58911
71446
77256
76458
63514
61132
76850
70727
77106
71990
62041
68387
74030
71443
49616
48914
75488
67834
77219
55428
57421
63214
70552
72885
74254
79410
80564
74275
75254
57694
80641
76101
53493
71347
70287
60794
69692
61612
68537
66112
70050
60629
55465
69798
56135
79072
67615
67844
67191
65014
79725
72937
74193
62027
75207
70997
65192
55541
68793
55592
60841
61438
57849
79835
77502
76984
58975
52334
71731
54864
75314
68769
80152
77478
52901
55399
64230
73052
64673
73112
67173
69934
59589
58342
61388
68481
70828
54546
60970
68158
56686
71008
74246
50144
71529
65608
77634
59852
71489
73070
77382
58593
52261
57812
79962
49233
53076
69966
70482
79535
68832
54327
49265
70985
59826
54627
62088
59831
68303
64596
77662
77236
74202
71601
73812
58669
58073
68595
54857
58008
67388
55906
66748
75143
66075
70720
63536
67453
51647
69188
52181
76544
55908
59466
74340
57583
54845
48456
58955
63510
59065
69508
54538
76544
49925
50436
55773
73740
65490
51270
64411
77763
68696
74034
57822
58729
65690
72269
79204
60882
73964
50735
57269
59512
80563
63799
60934
52938
48749
68477
72542
58822
80625
63240
50679
60873
73207
75330
54247
66726
56794
67240
51967
60918
61597
78790
73716
79280
78893
52835
65724
57594
76773
54265
73275
74046
79703
68200
80159
48511
75338
54250
62985
75246
52735
65354
81133
58808
66489
59473
75707
59171
73851
64642
50239
48601
61972
63495
77126
60291
48473
61162
48898
53914
79282
63112
60079
52090
69080
66371
60791
69561
67036
52856
61075
61366
72300
55473
51380
67189
80210
56347
66209
57258
73533
49978
80673
50195
49860
63451
68635
73739
61608
73290
76028
79965
64857
69830
80985
74070
77756
77618
51414
76830
51500
55053
69958
48712
52927
71588
52243
51111
63434
63110
75232
51811
58791
55353
55150
76109
67765
57643
53948
77936
54945
58091
52083
68584
79332
76185
73344
73976
49805
48540
56579
64854
53313
60818
65128
53449
52608
78989
64979
74998
60457
53372
59074
51063
78657
72935
70894
72238
56816
67040
76658
48601
76748
75574
67374
51942
67163
60395
77934
68744
73682
49640
69575
61962
61219
79344
59970
76388
77111
68563
59581
73228
79736
75492
77453
80654
64403
54956
50024
51039
53372
56288
54403
77166
57522
80273
69879
63229
68036
75427
75113
59951
54548
78720
72426
64738
60891
63501
72988
70206
79981
56798
60310
79502
61119
55974
64138
52559
58918
77553
67237
58759
57953
64789
73783
75865
72154
52325
61844
71125
53033
52393
50362
66581
74714
60875
68660
70789
67696
73683
62270
70530
60841
53013
80169
63015
72452
61609
56321
60003
52865
78620
54894
77135
68008
75621
62680
72639
77772
63003
67022
78104
55697
62693
59817
59489
65964
77873
50540
78748
61162
81193
56559
64854
65396
59362
55357
59517
80209
70103
63546
49778
50220
54423
65161
56159
77912
81082
52396
80075
77585
78105
65133
54891
73733
55871
66429
59707
71699
73242
64604
55502
50514
66550
56952
58082
54357
70829
74649
73016
80557
68375
67708
51619
68272
59592
73406
77918
78969
49915
79357
62626
55344
56265
57401
71544
69004
56223
71040
72909
50325
48878
80586
67268
74671
52260
69666
72528
67284
75228
51718
75777
66593
52561
55825
79902
72084
76057
76503
61685
59412
58384
54033
67695
73649
80018
66554
68071
65838
64493
79608
56636
71868
65045
56959
50213
71177
70042
73266
49605
58745
53208
52812
73856
61107
60782
52799
68108
72800
78577
60059
58827
69935
60897
55856
61784
77341
60891
71287
51040
52723
57873
70446
51379
55824
76536
72003
72602
72808
62528
51443
79212
62157
76553
67379
74332
51054
74836
55887
65429
62109
67511
63953
56201
59861
53846
71076
61573
57339
67086
71801
60809
80612
55539
59754
49496
66072
63741
61661
72651
76501
79870
58540
72042
58711
78807
73603
52541
53079
52972
67465
72928
77778
68821
51266
74454
73739
75607
58292
68383
50643
61330
57032
73229
66312
53115
68852
60755
81500
65421
48919
55135
76119
50364
55716
54506
75680
51883
71171
50381
80760
60958
62260
76310
72583
68530
72118
69723
54747
75468
79527
68174
74798
64719
70188
65170
54631
55442
58643
79565
61540
80401
78263
58623
62455
75362
74788
70418
55342
78827
81276
78002
79064
75475
52890
78686
78148
78262
67060
64703
74060
77469
70854
64313
62354
58413
77677
80065
54538
76574
60688
52206
77241
67567
51846
57170
55996
68824
54388
49930
51595
71681
81078
81044
55423
49649
57089
67809
73874
69705
63686
50347
68711
49330
71769
77577
57482
49172
67410
64065
71928
74249
78900
73437
49122
76945
57164
58625
74158
52231
69340
71675
66111
66387
69241
71708
79734
76898
64946
81606
52472
72915
78322
51399
70962
66291
61352
80613
52123
69356
81572
62650
76857
80953
56772
58819
74855
53085
72145
71859
65749
56277
68516
67853
81104
58955
65933
63217
54980
63244
71669
77110
52735
78012
50497
60858
77239
81737
56570
63478
51535
78621
52779
56790
69078
72856
73995
72391
68817
64445
63452
74001
74810
55339
71443
53607
59336
70991
80057
69820
77681
55001
77585
61529
61230
67948
72315
72749
80894
58266
79512
66404
74285
62223
66223
61243
78038
68108
51536
64530
56999
74008
52023
75970
76772
65778
70002
61490
75182
51401
76487
74021
77446
74927
55376
59478
77837
51276
60776
49351
72205
65999
59083
81494
53949
63786
64760
59025
64577
61311
79322
68555
78705
70357
80296
56944
76763
80400
61194
75925
52491
72992
74365
59347
79114
56696
81144
80214
50212
62146
52688
52273
71150
53201
60377
52724
68488
54231
78286
66945
52000
56280
55794
69659
55479
67678
81144
62656
76840
68463
79904
65977
59494
70332
81572
75887
71685
74267
72274
52096
70396
62007
73594
78610
61865
75654
55306
72552
78101
62844
59896
70067
60538
66047
81120
70442
53250
72986
74479
74332
75986
73973
67839
50885
79431
69125
61955
76448
73855
79744
49574
51965
79900
70676
72239
60947
58180
67288
53672
54231
56300
78979
49727
54478
74583
80092
63980
58143
52953
53361
68948
74220
70113
51852
70126
67298
76087
55139
66404
80399
68481
67215
71740
75764
66316
68031
51639
63964
70857
69550
70393
59500
55446
52050
76651
72826
75455
64343
49246
70179
81605
67019
61937
78359
52062
64539
71476
70968
59324
72510
69005
75364
68114
72752
71515
71310
63317
59554
69082
55060
74816
67568
59975
69196
75674
55379
59972
80480
74171
59480
54141
63069
81229
66704
72332
71046
77136
52617
61722
67822
52320
59902
65351
49990
49467
76107
52300
69363
52350
76323
72287
68196
74671
55685
80344
81570
64896
56812
71569
66600
78674
49863
68242
76278
72697
63528
74990
70369
66495
64192
68584
81197
58795
79883
72538
59485
51715
66248
55384
52554
60943
76716
63248
72819
71968
70231
63476
79508
49873
49799
73756
54138
61069
61836
53477
68373
57425
61436
66271
62671
69299
58279
59366
53532
63012
56781
63630
61778
78194
74127
61637
53692
64401
77476
65459
72169
65178
58445
77541
63306
70676
53387
50347
67069
55923
65423
75198
80867
50142
57202
64038
68088
66101
68646
72027
75748
62547
71597
65963
81357
63632
74376
57051
57456
51338
55411
58385
70512
49702
75087
64754
50669
49617
79456
72199
64857
61964
72632
72805
74375
78887
73203
74893
75013
67148
72741
51345
59564
68288
67089
62840
78197
70758
50844
65508
65935
56453
78465
75762
73134
50634
53061
70754
76709
53393
67182
67832
73527
74848
71920
56353
59690
53940
59112
61402
72862
79617
57228
78286
65181
71668
77154
59070
78835
60923
62129
50470
65856
62215
76342
74526
53579
57233
65559
80766
62873
63707
79645
52805
54591
54392
60957
73788
65012
62734
55735
73174
52074
74843
50755
75099
71903
77430
62985
80965
78063
57943
77744
78827
61356
64410
69882
65884
51952
55680
63918
52366
79090
75575
74453
64184
68888
55643
79400
79868
70412
74940
63946
50249
69650
53858
58419
67456
76441
70862
76908
78037
71695
49795
76418
58745
73978
72133
72757
49782
76613
61857
74224
79322
81623
64557
67582
62231
79979
65041
77818
67242
73371
73542
77447
52475
52541
80158
61762
53380
60147
50565
65781
54070
56574
54150
78862
67352
77139
75025
58703
80434
71409
55803
66246
63913
76913
52294
67840
61483
52447
65955
81530
66445
56008
54837
50008
62899
59796
50328
51545
68785
54550
61218
67595
67119
63330
52840
82235
55826
61663
76036
59824
69721
79517
80022
51737
77380
56040
73737
76867
65212
50205
71448
59535
80367
50620
61200
59300
53307
53183
54487
60513
56397
75818
62509
80405
65674
58084
57394
60147
78765
68549
58664
68288
82098
79600
75643
51663
65012
60259
78846
56367
65426
72652
58744
55587
51478
74142
50015
77522
49753
61029
81379
65088
62369
59223
60207
62333
52493
73515
76267
60957
64819
57902
52485
69095
72455
51347
79025
63442
75519
49930
63662
59181
75636
54677
67531
57117
58444
62615
57515
69708
67030
79918
51141
50912
72437
55747
73390
62634
51841
77792
82075
76704
78826
72769
67618
72846
49950
73773
57920
60936
64429
68359
70304
65443
65323
63264
68890
60773
53975
67791
67707
59257
75897
74692
77444
78375
77457
68249
68917
57860
76717
72874
77131
75878
59675
75303
61959
50203
78016
63079
75313
59995
57928
77951
55901
80890
58240
68116
63597
72418
61439
60525
77911
62401
68620
76748
74280
53247
73404
51455
59721
50163
63323
61746
60673
68950
82445
77831
72252
62968
77749
67561
60043
52913
54550
58525
56427
71323
66873
72729
82122
74366
76558
61850
65991
55436
58965
52977
50874
54351
61375
75805
72052
67295
67665
81183
61640
75608
63498
77322
50250
67467
57285
71002
68950
73972
57953
72838
55636
60909
59678
81625
53563
58144
67402
77437
55892
73026
82206
69593
78913
71423
80355
65309
79933
64304
68952
70682
73125
59220
55384
55384
59320
78398
79032
58210
57499
68363
76911
69989
50591
66647
59385
67577
67783
57265
72701
64831
52101
77131
64045
62764
63173
70646
76141
59684
70700
54606
67896
69067
52386
57906
50240
76568
77838
70520
63061
80555
76384
56030
59784
82016
51669
65603
77456
69924
80502
81687
70765
64519
72419
55312
49995
67987
69198
60190
65192
50524
77770
77218
53945
50649
51910
53467
78090
58994
64724
76960
82022
59354
74928
66133
58358
60063
82557
60440
81324
63488
77137
52283
77795
68862
82420
53495
74303
56246
61157
57438
69083
79597
82334
65682
70819
56301
55577
69685
75774
69264
57747
58144
66225
80794
64912
71512
64000
70987
81951
79421
59925
56885
72799
62981
82342
54860
60994
77673
61651
65084
65681
56222
81741
75007
78897
77447
52669
62382
76964
74025
50788
60311
75218
65631
65790
68241
55050
54223
73197
67980
67396
78108
56467
59756
79529
53086
78080
82456
65877
61135
56525
67533
73563
59590
69447
80569
75273
64490
53457
79045
61038
75935
81283
68018
50458
78277
54039
77159
50981
71074
54790
54409
69747
70428
70126
49997
73525
69420
63799
65162
69811
61071
59382
70419
72522
79807
69137
59203
59824
69921
50341
51929
80768
61312
53924
80134
61170
67770
58563
65733
55273
57017
81043
51051
67636
63141
56045
72063
60685
69720
76180
64971
58854
61971
59414
81587
79974
72815
57331
56774
66990
64150
74753
58771
74976
58034
57103
69054
67298
64166
62921
58707
67423
54525
65500
63321
53007
55839
56410
73131
76601
53707
58719
62979
65142
73921
67317
77144
77495
69311
81205
71018
78985
75951
81327
80027
77720
70431
53260
57344
74866
57585
72178
81848
51086
82516
57896
81276
63885
73715
69371
66936
55487
63084
58336
57689
68585
67075
82522
66984
76358
76440
61982
51542
58571
61398
78966
64408
54447
79278
75491
52213
70443
63747
80134
63644
65151
70823
80320
79612
53301
69255
81817
68239
59561
50466
61534
65014
62409
69952
60430
62027
51994
77792
57080
63667
80124
67698
65309
59954
65838
74566
63707
78276
53908
58437
69325
64681
67128
56799
61677
50432
53136
53316
69371
60055
82431
75991
59939
52738
53149
71135
76250
74218
75067
66176
63497
59048
67490
69355
59501
50194
71196
55505
61245
79253
71222
75805
76558
81029
76995
54242
67061
68784
75812
62354
61931
59193
81863
77938
50293
71588
60654
52042
62852
50989
82098
76385
50585
72286
56135
66472
69422
52448
59521
63286
51026
81810
50583
77300
61843
77016
78888
53402
68384
63286
81531
60122
78127
50717
78091
69338
67229
58628
52547
52456
72916
71867
72070
54122
58354
57084
62066
51987
58920
52292
82278
82781
53855
64480
64577
82739
72226
50763
53869
53741
75448
78263
76573
68738
59792
53482
55506
72441
52195
66635
75300
72225
82324
53565
73663
52610
66395
82859
81836
77203
78882
69092
56786
75310
62895
55978
68028
72000
77956
66949
78236
63941
70403
77150
80528
70388
68566
54600
60965
53174
82830
67489
57626
71261
55690
77658
79718
68755
59419
72595
59771
55184
70629
57707
61133
76945
76425
69654
61838
50565
70785
60208
61372
69129
73291
73552
60766
72854
56521
74977
72715
52217
78056
50477
72619
67844
77440
62907
80002
75908
60027
64987
51818
55667
62522
72319
72031
67438
65076
70732
60225
82281
63968
64497
73430
63649
76502
65720
63503
76754
62769
71002
65932
53930
60215
55064
75617
73086
56892
60167
61211
56637
63171
50604
61694
75682
71655
69832
63121
68525
70137
74613
57949
59987
59499
82034
50417
51061
77548
69308
82729
75535
82389
65630
78256
51890
56772
72585
68036
58164
55942
55783
72505
68262
68923
70189
73665
72326
71092
73712
70506
78390
72480
81337
63080
65965
80872
50523
56341
76909
79063
51844
60214
55476
66430
82835
78720
81655
67543
79017
64603
52620
59688
69891
61669
79015
82474
50823
52538
61063
55403
75676
61683
71665
58097
75583
64236
77022
74784
72532
53835
64881
56030
63801
82109
61227
52980
82081
66051
56930
64695
67744
60590
78831
74729
58114
71718
66344
81370
68065
74737
82958
73426
68471
66610
64967
50867
59440
63344
62798
74971
55043
67993
78953
54088
74755
51271
64731
68863
56625
68673
64475
58286
82325
64581
53702
63632
75405
77061
82449
81041
51044
66159
73601
64435
78630
79409
51358
79792
52403
75645
51301
71137
69907
55305
61245
58462
71689
80475
63532
64103
66283
79171
69195
63490
52656
65705
50807
76006
79435
81800
57674
69272
77368
64315
59721
54740
68180
58360
65887
80686
58609
64154
63371
74489
58922
67491
61397
59496
58996
66433
80774
75763
73590
54288
77976
67836
57115
66401
71020
51891
61669
54202
62651
71735
78212
54493
60879
59390
65703
56973
54515
60022
66834
70735
79912
52204
63216
54894
72729
52654
58475
83009
66897
64108
74875
78768
74156
63972
60411
82421
75275
51135
80130
57760
78924
53685
67696
68062
56698
82168
68039
60154
70720
62160
83261
52260
74660
58498
59407
63090
65010
71287
76567
53540
63477
76442
67489
70444
83053
82434
77435
77294
82878
56785
62795
54596
64486
51036
77349
51397
52401
82828
73053
82503
78896
71044
65946
77218
79719
70787
57900
69047
82758
55564
71584
78513
72155
83269
82577
75147
73669
60574
74945
60627
73196
73394
69736
69293
52079
72050
57803
62490
78814
75392
79633
70010
52650
75737
55890
63568
54489
55223
70130
79430
81406
81846
52013
75121
54633
76597
54002
70101
56987
71935
69877
55340
51197
61483
63744
57827
50897
64576
75401
74342
61288
62621
54922
63901
73109
70424
78733
73654
82275
64998
75782
65062
58371
67771
76518
72170
63752
69937
80493
62227
53207
64110
63808
64897
80216
68609
74171
71407
79346
79886
82824
73264
81847
68779
65393
69559
66779
54409
79218
52061
75371
76503
55571
59231
53051
67171
57333
79014
79649
65539
65194
55372
58976
55347
75721
73307
52583
65535
65858
59864
66748
76068
82928
58880
51507
74098
80237
56529
67683
64884
52266
54988
69978
54867
56767
59386
81296
73464
55167
52781
75290
54385
76112
83080
80160
69014
76474
77889
82833
77292
70205
68262
82709
81865
63208
76894
70724
80313
69671
56818
53525
78625
75741
53644
62361
52258
62130
59902
69865
52416
82607
62213
82013
81732
51208
77519
66302
68062
54328
56508
81726
52111
54099
73058
74983
65606
61336
55251
68946
77898
70470
66594
76761
77527
81074
65315
74382
76812
55445
52083
53038
73221
71338
58296
58448
83268
60537
66090
74466
53333
80493
65875
51158
58033
50989
80402
66073
66276
66857
66278
66757
78827
54899
78953
67991
81376
82641
55067
55203
59865
54288
56929
74310
79117
68763
70862
54365
81720
76876
73120
72628
63553
79745
77710
51394
53530
62579
60609
54931
62441
53955
64544
77573
51045
61782
51152
65335
82306
79459
66811
77887
52560
77258
59601
55323
51232
74152
77517
79594
55786
74024
54330
70749
77035
59804
77045
69992
51346
58828
79220
82493
70557
79757
83463
74874
82304
65430
68446
83361
77574
55184
59468
77258
62010
78444
74954
58004
74120
71417
69183
71265
71200
59574
60671
55235
77211
78565
62225
54577
52961
76256
67637
67839
79434
54960
71461
57741
52483
73948
81948
80318
69556
76415
70805
79275
51295
78493
82005
55193
73612
61879
82859
57641
51363
74909
74487
54479
52633
80260
77673
76677
81358
54104
52491
70337
82998
71508
55810
83620
59576
63695
72465
56436
65747
63321
53598
69964
70535
66310
56697
61714
78963
64266
70554
59818
72251
64134
75050
73321
62508
59298
82821
69581
82723
63708
57343
60267
80298
74912
77093
71720
59237
77592
83269
53932
78765
51781
72240
60948
60282
64591
70206
68839
59014
81945
63123
58956
67503
70681
71329
60282
72861
60263
83182
57711
57510
79123
69911
82661
75502
60860
58134
65154
61395
61278
56256
58703
60808
62316
73361
56683
80895
64287
59564
77057
53261
70157
71966
61815
57801
73469
69219
71400
54837
79610
64811
58325
60448
75430
74846
60695
77898
75217
66141
67096
64714
59722
61323
65859
67501
67317
82444
54457
83168
57374
57036
63302
73552
67085
56259
67987
52559
52443
71544
73629
83002
65668
59844
81509
69464
61500
53721
57834
69126
82951
83330
73556
56593
53380
66989
79730
61284
56585
72742
77158
72163
69621
59045
79263
71318
62786
54027
69896
82698
54106
78057
75903
73204
82476
80962
64649
51224
79998
83346
81220
68713
66437
72462
73373
78706
56499
71470
81090
75252
70096
63593
74971
74449
62284
58943
54773
68648
64724
51069
52798
69570
60451
52669
63608
77485
80411
55852
69032
59430
76308
73616
81678
68541
58228
75145
80986
63155
51583
69910
59933
82087
66929
54876
56446
72561
63178
79779
59950
59983
65002
79266
60318
54335
54493
54524
64111
54699
60024
56586
83242
70987
62373
62427
52017
65608
75515
80761
70901
61853
54930
54382
81002
59587
56341
59783
55736
70541
68376
75992
75828
77649
73132
52736
63374
66888
53041
74159
81227
67127
72044
70245
55926
51535
51162
51836
59795
62034
54595
59240
75989
82680
83857
79422
54417
56209
64995
72051
67057
61163
74974
64486
59885
60790
83267
62753
58487
60326
73927
66268
62454
83865
53535
64451
59638
53754
56666
73594
83486
65061
80243
59357
56418
56716
58407
65420
63354
59993
71428
65959
77458
58709
81091
59094
77123
51976
74199
82829
67778
74786
70470
80782
62807
79129
57272
52911
61457
53524
61133
58077
78009
54280
58036
77665
63492
67616
63482
60770
69132
64099
71583
61867
66817
66193
53103
70575
70684
66125
74895
67018
73429
73601
62551
66250
80982
65023
55135
62638
54063
80996
80605
63662
73035
79938
74798
58491
75811
56702
53938
78023
75057
66806
78813
60680
73384
75367
56715
73849
58466
57743
66196
80994
83226
74382
71073
66458
59355
58770
69182
68426
55736
56755
66608
80115
74686
66332
70920
57779
64807
52332
83960
61124
60880
71516
58342
76613
62702
66721
60351
73533
67580
51988
79118
72669
65016
83472
52429
56581
80590
82715
73338
58378
77589
53961
69998
61367
65529
73950
69739
79249
60280
71603
77684
82015
81106
53979
58337
71658
58682
75013
66226
71170
68818
79140
63780
68801
77782
63182
62338
74260
72727
66018
58942
66678
58028
68974
77120
56575
70116
70096
79230
74398
52095
54811
58573
78499
68381
60604
78838
53888
78070
58205
77581
65232
74956
76297
53246
76696
75038
62865
59241
55757
71327
74031
67504
75287
59366
54122
75342
79061
56679
59961
59242
73569
55714
62059
83883
83605
62874
77382
71759
77454
64905
61295
65911
83887
75218
83978
65221
51433
68663
55073
68137
65338
55628
78922
59640
79476
71211
81540
53055
73536
68202
53859
52566
54882
79434
76653
80824
61759
81201
62659
71953
78748
54363
52484
69273
53928
68044
82286
69281
59709
63369
66630
82283
65891
79623
57978
78911
55062
76004
81030
65211
79945
58581
67220
53867
75306
58848
70631
75930
72616
83659
78201
66151
73010
74452
54243
61211
62914
61090
56446
52409
83227
56700
80328
63191
82767
75449
59145
55213
56707
81783
69430
69484
69622
56464
55061
75217
74048
53450
70306
63993
74456
72526
59826
58487
56025
80476
77782
81828
64262
71228
62338
51766
84235
71800
67694
71700
72710
82760
69949
66921
54085
56654
52317
57335
76369
66947
75822
80559
69164
82802
57958
73598
55256
59300
79540
70505
69656
53339
57507
73948
73851
59011
62658
56383
71061
59109
54530
71371
54928
52126
83039
78748
62948
59855
56770
54023
65378
71575
61990
84013
59255
60990
70138
68816
65455
64691
83399
75622
70776
65081
80403
79724
71721
59741
57989
72701
65346
60203
55370
59555
78325
74401
63414
72813
79590
77924
65839
53058
64304
61106
82247
51572
56232
58776
66600
80280
54117
53093
55349
64662
62336
82270
58350
76796
67608
52403
54036
59032
69273
76722
73486
67397
57662
53051
79500
81413
80853
57460
84074
81744
64963
68285
79319
64940
52551
74215
61366
74110
65539
63648
82756
78624
60600
64306
55804
76595
68177
57966
61624
56631
65571
70370
68120
61529
68467
64595
73767
55947
56888
68967
71996
70106
56099
69537
66591
59388
53981
65426
57197
82985
75408
79182
61502
77613
62376
61726
60420
58810
77019
73844
63927
58626
83046
61220
52783
75141
52122
63696
59345
63528
76696
77476
77165
80264
56153
83268
62567
53133
79601
81667
78357
75074
56340
58966
56425
71908
77785
52360
81360
69689
61886
73903
82009
75554
65516
62174
62490
76916
78013
79772
54480
57604
58748
73621
70341
77057
80492
71568
58103
81799
63499
66721
72310
52336
76183
69792
71950
56430
64722
72409
83750
58199
52995
73989
76520
69823
68413
78970
55458
69324
81379
53150
82540
74566
65900
73633
76556
59118
75876
71276
81942
67345
84147
55508
73560
83292
68642
56596
52084
76274
59931
52602
54223
72636
77488
66400
78762
54016
62176
77406
76943
55862
59925
64446
73711
69911
76016
53808
76809
58870
84297
62911
69645
80211
69490
75780
72578
73646
62652
71834
77029
62873
80701
80338
66451
64017
61136
52647
59625
58126
63324
81652
62633
73817
73818
72420
61599
82078
80273
81578
73605
76994
79140
68979
60197
77174
59087
82585
81341
61197
84078
78874
68263
63370
59327
72008
84537
82686
57704
76226
60651
64017
68924
75938
68023
63198
81850
77816
52166
68612
83158
53368
58184
82425
63485
55663
64932
65186
73043
56572
67793
52001
57407
83068
83459
76783
72489
67910
61323
81706
52354
58777
62968
70960
56581
70098
71811
63340
72509
57826
56490
70000
69704
55040
76058
77892
70106
63899
67538
68606
79237
69523
54150
53139
67895
66216
54337
53997
79108
68403
69455
80702
59941
62228
52826
62867
82753
66795
74195
81836
63980
64395
58004
78603
71022
66987
63171
67147
63173
78303
56825
63667
58861
54983
84131
72715
66654
52102
81577
61614
84183
66678
72014
67553
59482
59419
54360
73827
53367
61525
64112
61766
71374
60377
78027
71420
66000
62433
75274
54965
69317
59939
59487
76777
71955
70400
59122
54320
67261
73727
74371
52570
73258
81529
53584
63932
59688
65174
64057
57032
84272
75384
52002
78305
73964
83381
77465
75629
79606
72971
58552
79915
79331
77391
74573
53446
60800
67751
65849
73643
80219
75001
78102
62744
77957
59043
53021
59766
66199
70765
83526
81385
75251
56763
69808
76581
80716
81928
55108
70275
84585
57487
78998
83284
80933
77387
73483
54901
79291
57378
81473
76324
80192
74590
77739
79889
77681
69212
65148
78776
81583
76680
53959
69359
70472
77961
72676
68283
64760
79288
80405
84584
66992
66007
60265
72921
58773
81408
65505
61468
63564
75227
71890
74561
71541
67604
63370
76397
65141
76556
73526
80170
72569
59855
52740
59137
61880
73031
70020
66123
61688
75183
64084
66884
58963
75849
78588
57697
59963
54612
65047
70884
61372
84537
57268
81581
55553
58373
62971
74835
79130
71195
83220
56947
68348
71979
64068
73544
54729
67166
59993
83836
71250
78547
53065
81214
73179
57167
67862
80277
63006
69680
58868
65524
68242
74147
79278
78862
63212
60439
76870
82411
73446
68850
55260
68668
62272
75650
77264
54508
67589
78390
62251
70647
57360
74766
66619
77951
70094
71248
81790
53277
76102
77437
71618
77941
60246
58499
70025
81677
56895
63796
77746
58207
80740
78071
70486
77612
77390
75453
54001
59668
66804
84791
52418
75108
79161
58439
63604
57647
56247
73908
64509
54176
71611
70689
67527
59790
59536
77632
81421
73553
61441
67651
76169
77012
81433
67475
67404
79852
68141
52421
59373
65768
64797
57290
60389
81258
61654
66149
73530
71029
84251
79330
79963
63174
84358
84230
81483
78440
68809
66114
55810
71811
65850
80427
55057
67189
69263
64047
71556
72483
84197
62336
65292
66961
54536
57941
72030
74161
57838
78162
65494
55161
56196
61764
82528
61496
80558
63762
55192
54826
71304
82417
55344
62026
56051
54230
67986
72807
84045
54833
64455
53626
73855
71896
81560
74807
75069
76097
61939
72674
84873
83957
79248
62820
84089
53825
80851
64158
56123
62511
66549
58365
63574
79541
65375
63567
80434
81451
75350
57045
80603
52482
81885
55193
80642
57012
57559
52737
80453
61175
58989
63909
58544
82230
61359
65886
63875
80961
72318
54431
69429
77380
67497
77577
55482
68854
59990
64057
53250
67090
75428
66021
59842
62475
82830
77351
79478
68348
78867
79896
70823
53725
80787
68769
55401
80893
61821
53646
68649
63148
75815
82148
77477
81720
80637
52853
70204
54556
67550
84913
82280
56435
71619
64959
68745
83123
80546
55757
74980
67479
72338
56228
59627
54365
68143
76415
83391
64306
70208
65565
53747
77035
66199
67093
66963
58101
68153
73066
78692
66447
72383
83039
75630
71222
72444
69260
69304
72801
77024
58162
68691
57967
68252
62924
73625
56542
81671
77030
81847
58813
81217
60210
53353
61028
72598
61145
54277
63842
62885
80655
65211
61623
80321
81898
69403
76868
58775
78964
69591
81023
62993
55039
59083
52587
69243
67512
54586
79304
72421
61823
52571
67206
61896
79094
82196
77440
80108
84440
52741
67175
70024
68237
60104
55548
53164
73211
63863
80771
82140
78750
58223
84596
83453
83419
74324
73331
83062
54929
55894
68994
78479
55794
59826
68726
82716
82833
70011
83111
62560
59835
72602
78316
67116
78603
74260
56519
72519
82489
56203
66780
68114
70707
69896
53160
73836
83055
73975
53103
57044
60287
78707
63094
61133
84966
66500
84595
55431
82218
58150
60482
80827
75050
55500
83929
69591
73650
66341
65662
77659
70733
73310
60728
78467
74330
54312
80259
56614
60258
80059
65095
74718
70569
71963
59147
68713
78083
65178
79718
60751
72681
68510
83127
53445
54988
71076
79894
65234
65449
73861
76939
62128
65502
73464
64893
81781
60988
72793
55661
75763
55133
78761
60644
60892
57400
63445
80297
72746
63218
78139
60984
53437
67064
70762
53616
84294
56650
54825
71308
79717
83482
82108
77140
73742
62613
77410
58004
84529
84993
68898
58574
65690
76040
53191
65836
76566
75347
61482
76984
66263
69467
59055
77263
58905
62844
80658
63955
69382
72524
70244
72481
78295
76330
56912
78659
83517
58906
70051
60774
65535
54224
65036
62734
80612
66826
81695
83208
56787
65315
54944
58017
63801
61413
56831
55573
74923
74912
61727
67914
57293
63352
79451
74174
64114
75523
75723
53950
83972
85012
65987
70362
74279
57809
64157
67477
65177
70668
75705
58977
72796
83920
78785
57802
68632
70201
84530
63217
71611
70025
56344
77628
85346
56441
74265
76364
78204
64461
65460
66607
56364
74283
76747
60375
67056
71213
82527
64971
83841
66229
74652
79645
69882
74113
82965
70812
72763
62463
53840
78410
56976
65122
54661
65297
81294
80117
76195
55473
68414
76719
64660
74749
68990
59400
78018
79175
70819
54540
84186
72985
58723
65966
82128
77094
63987
61790
63523
84351
56940
71390
69986
55818
76915
61777
60143
61489
59929
65429
70915
62679
53248
64978
59634
62096
80576
74067
75184
53265
84872
83605
79252
69349
64521
83358
65885
57954
76175
57488
62579
78556
56177
65662
71279
57624
84140
78974
56796
56835
57547
75520
73791
60068
56330
64862
82774
70736
71354
54708
70558
82205
80871
55025
58391
57497
66361
67374
56139
70843
67096
56383
70029
59161
61459
80520
58495
56924
69251
54802
74711
67569
66411
76255
64354
84482
73635
63866
81481
70053
75830
69841
63379
78163
68360
79431
58347
66459
83644
66310
80035
75287
68052
71058
56314
57504
85274
53924
62106
68798
60735
75829
58981
69986
67523
67289
84593
83672
73492
66894
82001
55031
84474
57941
82583
60827
62002
55488
63638
85333
58970
63949
63341
72800
82701
65970
70721
64983
63310
55929
76745
84774
59434
82190
66320
65983
63385
82071
75126
80142
62118
63491
58360
79022
76495
56806
55730
59101
81583
63108
72098
63277
54746
77867
59823
74109
54281
55751
77546
65832
83831
59312
61203
72828
71306
64198
68447
83054
78006
56768
71800
72843
83615
60609
63430
57138
85373
72492
71149
78337
53701
68538
62103
73357
56582
61130
54643
66390
62224
72440
54398
69882
59996
70640
69505
75688
74664
62341
83162
75992
58594
59645
74624
69945
56135
82607
65090
61163
67788
79313
83023
67567
73917
55435
58107
83164
71588
66127
62656
78803
60012
67181
57731
79796
57542
64738
54297
79762
52940
68977
76042
57957
72164
61686
80533
56063
66792
72950
77300
57410
67460
85370
75233
83343
79071
57630
65112
53121
62845
80741
62879
84188
71780
74063
59012
58304
65405
82990
63462
80675
60222
61109
58742
67710
76166
67666
83391
57797
76744
58046
61796
70557
84076
67026
61353
60362
76658
60828
68661
67558
80473
61106
64023
64601
61247
79046
75782
59269
61257
69499
76269
83265
57413
65911
56231
71305
82318
83385
73990
78195
85040
81709
59163
85349
73293
67198
84657
73606
79296
68140
67611
72562
65023
62686
71728
76850
62790
85497
73363
63851
77042
67697
68920
68821
76075
62432
74019
60399
58309
82901
72819
63986
63080
74094
57760
79363
77807
64297
54273
76204
71951
67319
74129
72589
76857
76434
55794
55887
83137
81425
63154
78810
67903
56506
80078
60616
54582
79895
65396
85017
58867
74060
64525
69416
85688
81063
59259
55773
63514
70521
72863
63269
77480
63524
80927
64927
66765
61558
81254
76953
68600
72245
69868
70970
76025
81403
79799
58368
67503
66628
62498
56942
61920
65734
63453
59646
68968
67585
78645
76125
83350
66326
76181
71895
58323
79324
61261
72464
72580
76593
78995
60662
68914
80782
65991
65523
66792
57823
67836
71015
63453
53905
78003
77397
66899
67820
80873
74589
65215
81571
78677
63722
80682
65961
62443
82860
80343
56391
67236
78153
55334
82796
75137
67919
73400
81732
70094
80494
59860
66059
73636
83940
61706
57636
72369
76600
61974
58469
59451
65067
66311
57270
68195
65772
53152
84698
59559
53387
83454
84876
65963
57776
63099
75214
59961
70541
76499
67198
81286
61201
63621
56362
58039
58974
53884
78373
84899
75902
56815
82394
69851
56657
69254
77409
69352
56778
85438
73296
59603
80987
78222
75732
70635
78254
67147
82688
53442
82326
77769
79460
79225
76869
75203
78306
77117
65471
69500
68541
69906
56719
82599
54259
81359
84152
76164
78285
84842
69614
54349
81844
84342
75782
80336
55622
74986
68268
60253
69545
72484
60756
81890
79903
56878
58483
80469
84187
85567
83694
77650
63508
60549
58834
60934
53591
60193
60487
61515
79137
65140
64447
54804
63149
54169
55411
77836
68619
53298
80400
56698
66674
65384
70829
65896
80087
53293
60929
54020
60094
67780
70355
85318
83281
70532
82097
66003
62639
67801
71653
70434
83846
72331
59813
72157
69348
83011
79498
63882
77898
58699
61764
59498
73219
75669
55691
77473
76211
55295
66392
57496
58675
70613
56918
71840
66972
61335
53651
62424
64674
64253
81788
54864
80932
83513
67080
80494
55296
85116
85811
69521
64044
59323
83374
60405
56579
78259
66005
71127
81884
63019
82657
75737
68065
72313
84063
54439
69407
73287
57313
69083
76761
72087
64243
70174
76322
56325
57680
75408
75179
69964
54102
65387
57817
69388
78008
72675
83482
77771
63347
72016
62586
57145
77571
82318
77425
80824
70614
55460
64511
61723
71425
60837
84219
77998
67122
78548
60585
60023
61413
73995
85898
76732
71643
59998
74616
83654
69576
65531
57842
75748
84045
77652
66740
64434
77349
72321
76938
68250
75683
69599
76391
60828
67164
66814
73393
65611
82209
80058
74464
78872
68144
82087
78151
75987
71082
66995
81713
77423
74824
62470
81200
70662
75338
57901
61874
59420
68273
62328
57813
69160
69294
63904
81021
85329
74074
72109
64419
81013
77735
79895
77808
77679
60567
61484
76426
67994
59820
72369
63790
72081
70559
75724
59519
57913
59221
86050
65693
62722
62222
57660
77818
82281
63456
76079
71785
64962
81764
83324
78456
68916
63919
55605
80640
67333
79747
61025
73466
82711
54471
67234
55700
69555
59189
73493
63621
62598
66899
76666
80541
75497
63908
85141
64672
70502
79391
83411
59476
73847
72672
63025
72153
69264
60190
55386
77625
72032
61277
85519
63040
81493
80868
80588
76942
85086
68722
78249
67050
73972
73261
80510
60633
79451
70875
62026
78191
59173
82004
68310
72294
68345
54839
60821
68717
86162
62429
67023
80834
63754
64651
62974
72707
55385
75756
81017
66114
81689
54462
68431
77143
78220
62411
55158
75898
69599
73499
58149
80913
70576
78184
83838
57542
83663
61906
82288
59613
55105
75732
83420
54212
60555
76663
73974
65516
57901
83397
74991
77528
68460
62849
76753
69492
58452
60437
61610
82599
54270
54988
66540
69163
58383
84033
57108
78237
70017
54808
56202
70096
72358
81643
69832
77415
61033
76935
56767
71075
73944
58969
74102
84601
67807
67619
59125
86248
60246
69875
67681
54409
55103
56918
68968
73064
71496
59337
84192
83730
56472
85616
63914
60911
67271
70923
62173
83666
77102
70693
69408
54479
85346
65166
62296
78157
82683
68108
58500
72283
60570
69710
79076
80712
74282
80929
68705
58221
57445
71399
69673
73550
85402
68164
77210
59362
64430
76314
68705
56366
68450
55992
60387
80153
70867
75598
61404
66427
63815
56484
73797
71799
66086
80908
73852
71691
61767
55958
57759
56805
58989
65666
54328
64632
81426
72955
56608
61008
85347
74242
70045
61858
73611
56488
65230
82472
71732
73088
65609
75051
73547
83284
59906
64482
80388
68119
67951
86010
79135
67611
82409
69238
83049
62340
84054
58553
80773
65021
82437
62433
82924
83113
84697
85591
78899
55900
75434
62372
60557
82444
74216
81543
56464
60802
58753
63812
71228
70741
82437
68670
70201
63257
79369
64200
67936
58068
78793
74297
67453
67761
59921
61246
72531
65017
70749
64885
83937
63550
71231
54583
72420
72154
58881
80821
68765
58008
68235
84294
68820
71856
77960
80383
57629
81401
72389
76933
79962
58714
61913
82719
71553
64641
79627
56079
66464
56792
56944
85539
68894
81589
54356
62087
73795
85458
61915
85213
81658
71164
74984
75919
67542
63759
85822
68196
77396
55073
73958
78162
84064
79358
61904
72084
70938
64725
57021
79356
73945
71728
77147
54153
60016
72233
80818
56124
60849
76507
65216
58920
79664
56600
54368
55241
58698
80730
76913
62102
80485
73979
85299
72409
74872
78760
79604
80831
56783
69907
60141
66219
68360
66792
72039
58576
64098
56067
64290
74495
59447
74208
55798
81853
60614
61778
68795
72601
63286
67960
60007
76733
63960
56813
63606
65218
76717
57664
55439
66505
66344
74916
80228
83911
85556
73704
85722
72992
68473
79273
71018
57720
59611
83910
58566
54725
68420
61460
71104
81065
66468
78163
81768
78592
70966
78945
85877
63157
78084
58798
66023
69593
84653
67312
64490
69622
60006
67864
69116
56224
73791
82564
57682
78414
81064
54646
70776
59496
62003
56005
68409
67489
83099
74962
62910
84359
59654
77502
54010
73816
64391
68570
62021
82456
77287
60255
79942
59872
54181
66656
76567
82809
61243
65020
68004
79146
74915
75736
62036
64461
79130
71373
56556
85288
59428
63965
60336
62587
67024
80748
55243
73046
83517
82604
64752
82093
55901
59738
84034
59438
61945
63912
69233
80850
58101
84090
68902
69043
54742
81876
72610
55325
72577
60819
85666
57831
69701
59996
70533
64772
77852
77011
67248
70485
81966
72973
67890
62913
78231
64583
55716
74120
74090
62680
78931
61396
72182
58980
81570
58258
63816
82515
82345
67967
73969
68737
63522
73350
54025
54327
62342
61513
57459
80219
56435
76798
68707
86499
70225
69500
84254
66447
60981
77973
78337
75224
77061
85671
59077
65572
83166
57966
76801
63547
76210
57372
62704
66814
83254
57260
80501
80215
75259
73587
82780
64364
76250
70904
82403
80920
75670
65541
60025
82587
56253
78846
59333
57488
72911
68466
85994
74272
72354
80368
65290
85622
77061
61468
64265
85106
62884
67073
83091
81826
55596
73641
80224
61806
70575
65515
60342
55954
60489
64901
70448
57554
84996
85611
64191
72936
80889
73054
69614
81090
69304
73151
63338
54762
80106
70054
84673
80966
73013
63023
58218
78081
85856
84500
55046
64969
70328
74369
67813
86075
71602
66083
62668
59803
81105
75395
71413
63177
54986
81810
71000
74864
82919
83332
69161
82817
85673
57570
77730
70112
74673
71899
64770
64349
57056
80860
58582
59109
62398
79456
68727
58361
62744
85000
62676
85088
65518
59118
56433
77337
85388
61751
66224
70036
78070
60647
77904
61474
66441
81401
76083
61097
83168
55984
60260
77980
61941
54824
57176
55082
55176
63792
56692
65718
58309
56668
77008
56456
80673
81493
57147
75458
70789
62836
77439
73877
73902
86927
81638
55476
65748
85267
60156
55305
69769
76883
64663
67240
67301
81440
63253
56577
78560
76954
55013
79193
55039
64581
59977
86395
59443
57184
75609
59562
78846
86898
74572
86491
78295
81189
69363
73249
66512
63063
56454
79721
60022
66159
62115
55143
77816
56557
69780
60112
85644
71238
83921
79050
54799
78574
77509
83617
54507
65718
78037
73659
84030
54872
73631
68046
55097
61776
59775
66896
56774
58862
72024
55855
68205
54698
66449
73923
70520
57271
83037
55041
83797
65499
62272
54769
64573
85885
77775
80738
74515
56576
60343
72668
65935
68943
71168
69846
55195
80825
68499
63273
62461
68608
61690
61893
64567
74412
55656
66722
60331
79781
57081
56314
69123
79617
69690
70582
63696
58395
55020
70438
84081
78565
80901
86260
74807
84863
77048
70491
85447
60424
75318
65684
81855
72884
59125
70545
73628
59934
70192
84206
67291
72160
57583
71717
59230
68962
84424
68865
69394
83695
82342
70997
69327
83214
63945
55021
67711
75791
81678
74181
75907
54756
56945
86649
85586
69682
78544
80125
75875
77992
81906
55182
83790
65424
65223
69096
60462
55459
81649
66746
71241
70178
82308
60759
70643
55842
61706
59822
72367
65064
56011
77948
76440
86261
85323
82368
82175
74403
81939
81776
73302
65265
59572
81514
74572
75228
73994
74669
67898
62063
66238
57801
63934
74715
56334
76436
84389
81098
57809
59679
56079
60657
82613
71656
60109
80100
65484
83793
85262
87087
77383
59473
56635
57762
67201
77674
75039
69100
58431
74715
65355
79980
72758
77590
80057
73283
84685
82036
62895
80814
65573
55592
56806
55187
60758
70770
87020
60761
63228
65557
80839
59645
86259
55562
70875
59746
67422
65654
60174
64745
71918
81114
58153
68674
67169
72585
59009
59266
64328
67168
78296
76149
62478
57777
84862
58677
66870
83584
74939
86523
75748
77042
60018
59702
77727
72450
84222
76506
85333
76662
75616
64507
82847
65809
73116
86938
77895
64011
76384
76223
69384
79806
60391
56520
55700
85666
57373
65792
59612
78459
61444
85619
64395
78545
84566
73985
67027
72609
86380
81586
77421
85586
73822
55369
72923
59114
60268
63516
64753
82306
81820
86818
56211
62456
58789
77902
82112
69603
60428
55835
76496
82124
72845
85609
85753
72347
57532
73863
82712
76879
55788
82321
62638
76530
77904
74492
69929
84172
56672
59247
82790
68824
62846
71124
60019
81524
79066
66224
77209
80220
86931
58287
70042
81369
58655
82308
62263
69942
83692
80879
68341
66164
57927
87071
56865
75583
83326
78139
82194
58656
55361
70460
85678
72435
77646
59389
63792
65180
82766
79509
71720
66294
69369
87268
71618
55820
55425
72556
77132
59276
76334
68450
79091
79736
81477
72453
72909
85279
57903
72751
65821
56908
70871
61738
56786
85693
58452
66500
63824
65494
85704
78502
60531
84119
76424
76001
60369
76236
55677
86986
79424
70275
84938
60168
85145
84163
71086
81643
54971
84603
72876
82176
55762
80569
73706
64226
74713
77596
73688
59218
69725
61836
59665
57738
68228
68136
83590
73423
61519
75136
73433
58950
80668
76549
65799
64264
69999
71614
58442
60536
75249
61756
73534
82133
67513
58575
55874
77323
83915
59130
65825
87247
71646
59173
63474
78314
83555
60306
71484
80341
80834
76178
78686
86663
56551
60921
78638
73611
63229
59855
63969
87125
71801
79688
75819
65750
64347
76534
63654
68686
58544
83262
80760
86626
73052
55305
79153
71278
59414
79035
58610
82204
71860
63081
62932
72758
77993
80967
57223
65720
74956
59487
64058
76586
77915
79497
68027
76332
55615
81815
66528
72531
67985
81104
71205
76339
57950
73632
77462
67005
76711
86413
68592
81868
66988
77933
71939
84730
81771
72406
71514
68280
63075
73943
56606
76190
58269
77029
76344
76287
63981
80152
55478
58561
80246
58520
60528
60011
56428
64850
83435
64128
82206
86511
64637
66828
79155
57350
74674
60028
67123
78480
65519
60850
64330
66717
61013
68697
72777
64582
66536
78198
59886
70115
75761
63040
60261
63358
77217
58674
79118
70791
78070
62302
85121
59848
80611
74756
69072
61852
61611
68195
62988
86108
86670
73167
63242
59675
85415
70660
79974
76435
75029
79290
59849
75870
63065
57722
68200
87146
56575
77999
84429
60583
63873
62208
58842
61698
57192
62429
76299
79255
77492
81496
62459
58658
56446
86839
57642
67511
61148
66887
68093
57780
77829
61427
60934
81651
72885
80916
62854
65092
70099
75531
76848
61722
64850
65550
71984
58244
71253
69567
55404
57439
57494
73219
55562
67019
65288
68113
58674
64987
72123
75977
55061
61329
56064
56648
73518
64521
83919
73657
65479
72692
63333
58989
74176
61768
60977
75055
59020
57654
73713
54993
72572
68189
56601
83211
62016
60221
77684
66182
58027
85230
59917
84787
55734
83473
61520
81633
55752
59912
63597
76303
61492
63586
85245
86270
74755
73881
86504
61707
82421
77312
86150
60476
76226
77815
85764
86809
65701
62049
63242
82109
60699
55896
85914
81196
81897
64287
85564
72167
77404
63319
66392
64702
66004
66166
58851
68838
57476
71286
66109
63051
70515
78282
69722
79655
60870
78230
79137
60372
80194
72735
62225
68831
85005
61313
69162
86877
76724
84128
59147
79746
57714
63072
69976
81263
58288
85273
76126
66636
80072
85573
77050
84887
79630
63612
56246
58043
67089
86947
57910
79589
83230
68960
87251
62227
64262
80336
81285
58990
78625
68733
82182
74969
60307
73098
73524
71114
80078
69425
70328
58712
82521
75632
87013
68502
64719
78334
82658
56864
83242
81540
64780
57331
82241
69386
57750
82818
76176
84655
84338
86790
57400
84126
63093
78613
63814
67389
64950
78710
71736
74664
78135
74292
83646
58717
85191
87281
75965
78393
59942
56445
78233
65187
65643
71335
81588
69127
62115
70227
80690
71558
61883
63949
78080
74475
79264
63325
60180
78305
86436
83996
68854
67940
75812
61701
82815
77686
82279
84559
62176
61715
68042
87291
67047
66662
80666
69289
82558
72509
62786
79791
83829
63931
84518
81772
71553
58700
82126
84698
87428
65502
70599
67939
71182
58191
77510
84982
59940
69921
77711
70233
67393
68213
60949
66241
77979
74807
85987
65440
83367
60310
60090
85950
72159
77495
80508
68747
63939
64938
61000
84660
65822
79773
69863
78068
75402
63567
69735
61741
73782
63944
59653
55223
67047
81480
63313
58615
87101
71293
79244
75060
79160
55288
59477
80551
78330
55266
65157
85457
78287
65003
75863
55314
60010
66436
59852
64630
75122
78670
76877
58066
65341
81106
70546
84240
66267
61554
72132
81607
83798
63391
79582
81679
62008
56653
71513
72851
82766
64164
75272
62439
69036
72697
60737
71708
82417
61948
70461
77202
60876
74547
62913
59150
87231
70055
76030
71948
67107
75997
56759
71511
70765
83975
62113
69846
86447
72828
79119
56745
79202
65638
70862
62325
85858
78266
85838
62459
60474
62830
87555
68080
85666
64230
62475
67592
74310
70575
63249
65109
68553
70511
57201
80335
64010
60444
56221
57908
72870
55917
70335
76306
74686
79502
66208
83233
77050
81176
62664
71895
65997
58432
85735
56119
68347
69967
82547
70634
73049
82514
73619
78736
66516
65554
85820
79192
60085
76870
80025
65230
69668
65544
71089
61941
56810
85638
64324
58774
86139
57338
71669
63447
85811
63708
61103
61199
55776
57685
69697
72921
77697
65784
71755
63336
86605
58029
61790
56602
68855
79085
74847
79439
56625
72245
79660
59771
59247
56756
56962
87418
88045
57415
67359
83492
87283
86440
64035
71458
58968
68067
73916
63744
63045
71433
76546
68738
85819
86823
73248
84028
80727
71289
69045
56413
75989
55772
66682
67788
63444
56706
57380
72054
87384
75753
74892
64742
83861
61710
68109
76054
85867
85470
84781
82564
82733
77805
62848
80265
83622
68970
82378
86502
66654
83283
79716
84128
68633
70629
73441
68623
64161
76631
67568
80433
85701
83143
59012
55620
69538
81269
68403
65171
75809
70703
64220
87952
72641
56076
59789
84259
63639
61789
56484
72002
76435
72161
79924
87746
70660
82232
80810
62316
69470
67738
78256
83028
81467
59593
87889
56422
84385
65860
81502
62786
63363
59326
77585
55882
80266
68558
85233
68088
71957
66280
66293
65910
74878
86156
64236
58984
82335
65213
74780
66316
67988
72373
68906
84102
70083
59863
70970
84853
83482
60133
79958
61130
80024
63347
64276
78042
68111
72092
80243
85682
86056
59891
56583
78250
72871
68028
81494
56125
68080
68957
79233
82711
61642
60175
73255
56176
76644
82393
86662
77721
67990
68799
57827
86228
55912
71223
67116
66921
77528
81884
72925
60918
80344
62054
75552
70919
61847
84442
70968
72934
87553
86526
57631
65461
65673
59152
81006
71097
57638
69303
87422
87545
85147
56634
63437
66824
81916
80624
68515
83487
64878
73208
80117
82542
58926
68649
78217
55988
79317
63820
58971
71438
66266
87433
76864
84236
75864
57376
70601
70666
64785
70234
63594
85950
64436
79550
68315
63757
82011
65671
55999
75043
65368
79702
74628
76482
55601
84773
57482
62938
77801
58492
60551
80219
57729
83175
77866
62279
68543
68519
74750
63243
81198
78504
76178
61967
79718
87987
65495
73356
75405
75237
87753
71838
61982
62304
83537
67994
68329
59200
76906
73121
55900
80849
79492
63349
79616
61695
72229
71308
66118
66317
82134
58211
86916
63882
60221
87573
87099
57985
69511
60204
78235
69105
63241
55991
83785
73084
57126
83357
59231
80995
74099
85296
58293
70578
75545
84229
80991
85688
76667
69380
71542
82874
70169
65979
58908
70889
86964
88311
55994
56720
83636
88214
70796
81810
83654
59799
74848
58644
65481
84339
85658
84599
57323
82864
77436
58505
62735
76211
73380
63228
80243
64726
68310
77591
70543
65210
69372
87723
68928
72671
67435
78665
67109
58481
63080
58802
58697
67429
58091
56719
69123
66501
70819
79202
72731
66632
86329
68285
76590
71974
65241
75442
77140
82986
85999
68234
70911
68361
56366
79033
87591
66546
84695
78354
66212
69734
62008
85816
67035
80458
69747
65109
82844
59195
65920
83214
73291
87585
71285
83638
75838
72455
61957
81601
66663
68906
69191
65404
80435
56143
85945
84220
65713
80474
84357
68692
83191
57885
71427
61196
61378
85102
61054
74446
77404
60028
86331
58721
82627
83043
64695
81116
73479
79613
65841
82963
86004
82939
74088
72534
64241
75829
57254
86363
62248
76863
56317
88184
76263
58173
59345
56341
65094
84984
62103
68194
77835
67633
78811
75333
63946
73269
79496
62871
71249
63665
76132
57231
79171
71880
71898
85886
74498
77411
62972
77757
75730
68296
69320
69860
57916
74095
56234
86333
73905
68368
83523
88185
65136
81665
85353
80801
83882
63167
76399
56655
59619
61387
56230
56861
60827
65463
79907
61790
86574
77440
61635
59916
77049
84766
74349
70658
62142
77402
56727
77163
55881
73696
83724
70779
74580
70037
79340
64861
83113
75050
62196
83052
83334
77810
64767
77989
83525
78064
63181
80476
64572
60725
74244
76335
74979
75369
68468
74809
78900
73639
85151
62344
82520
58510
67193
76240
64639
67220
63852
59232
72976
83102
56991
57174
77570
86222
59000
60431
73865
75932
65632
83938
59638
78633
85958
81422
83416
72143
62054
59376
86888
69373
64459
84602
66596
63298
84498
59360
80825
75943
71666
72084
69926
78914
61433
83573
64543
60936
58648
84292
61871
75491
78946
72535
78882
85253
78865
71569
88610
59003
78794
59793
86304
72197
78370
64810
57078
80421
68448
66067
59082
67190
66948
88032
62773
71487
56713
63025
87972
75592
80360
75050
82687
77804
75357
72227
85385
68464
64749
85152
81928
70035
57384
71555
66085
57958
76460
64128
75285
86878
63466
69586
87929
78504
76333
68140
78211
87228
70104
85747
82011
73781
72174
65706
78273
68576
73176
69038
63731
82707
85091
71459
59857
58432
80905
82990
69439
69065
70769
87396
82123
77078
61753
68739
80784
82918
57842
80992
82521
71650
76652
70945
67850
65656
77364
65708
61244
83686
71260
74592
85544
85141
79994
87298
56774
60329
81907
75258
62774
83414
70266
83135
76382
62837
68819
87952
70869
87255
64733
73317
79871
85977
64719
61733
88186
62392
70594
60953
82105
78119
81776
60577
80111
66719
84795
67621
79407
63735
71793
87887
66769
79924
80846
74615
61975
73378
70722
78943
80145
66596
81653
66593
79549
77768
68745
61285
76147
76190
56223
79319
65408
57035
64668
57049
63762
84953
66221
87668
74068
74065
75272
87701
58073
71308
72565
61558
80702
57030
66829
84570
86539
62580
57410
58749
63195
77527
70944
65611
84669
87506
68307
59600
71897
75769
58728
86896
74327
67306
86232
68056
57724
81376
64834
67124
67606
71301
77944
85666
81179
77832
69821
74983
56717
85104
68813
56930
83104
67632
66846
63550
57119
77819
72294
80875
69132
75993
83293
67534
72839
73339
72644
69687
85232
60363
59046
76948
82256
61896
60894
66789
82677
86161
72921
78704
77149
79551
58525
77494
65622
80632
65290
69541
56674
62402
63328
67599
62560
82324
72706
73051
74601
65331
81274
64379
85497
68668
57020
62494
77647
58876
80559
65062
76822
82568
82665
84316
59204
57866
64442
80482
73283
68186
88429
58090
69711
57550
66250
84518
62751
71250
72928
72063
83655
72123
66561
65930
58077
83032
71181
60216
83674
79050
61940
84301
60356
85014
86134
73235
66826
65785
88621
67919
75440
64892
73422
62068
71339
80583
70060
74519
85391
69434
77693
58787
60007
58042
78177
64590
73188
64841
61728
66635
86203
74714
58035
72001
67912
63331
83719
85245
87159
84531
64509
83812
79332
57222
69045
74411
58177
84311
60684
88010
85753
88181
61283
85805
83474
86745
64419
59821
75096
58423
67709
71104
59832
64723
86007
83180
73706
70294
56356
87426
63315
63585
86322
83080
64553
81825
71851
80887
81112
88100
86516
86311
56996
57899
76826
67463
58768
59072
68813
60305
78719
59977
75949
88573
66202
68958
61637
83765
57073
77784
63829
72458
58213
84522
81365
62629
81349
61685
58934
60096
81463
79574
61803
72726
62938
57475
59688
74775
75945
73494
66282
83937
71331
83112
86583
61292
57385
75554
61479
81668
68007
75088
80931
58621
57974
66103
72173
61346
86785
68265
86240
81774
87591
80150
61562
59775
74209
84901
56855
73287
82725
65667
61439
59525
78090
60539
80291
88179
72492
73672
60708
61249
63314
68903
62997
57027
70222
59184
78210
61799
75813
59365
59185
77417
83824
79500
59431
69194
66562
57274
63086
86910
81099
70577
88598
88933
63740
73451
83834
64380
73836
86263
64197
81621
70459
83332
76980
71620
58549
82876
83101
88540
81273
75731
60336
69657
75994
68319
58749
66399
86405
72938
86454
66851
61796
58693
80694
86632
63683
56608
71747
74478
78002
71768
73744
80038
56490
61584
72070
66408
73587
59011
67396
77032
75588
77208
87269
73959
58669
71096
59777
58790
86962
83804
82806
88224
69817
67050
65896
74616
85670
60481
64646
64817
57540
87954
88079
68509
59111
62579
76309
63768
89167
74286
74114
70262
69072
73823
85336
65849
80688
80574
59709
62983
59345
59193
86838
87900
73359
68166
69299
84093
77036
87415
63692
72877
72043
62542
70090
68258
88377
64340
65513
78906
67858
85349
77660
87659
77155
60238
78738
79224
81324
57754
85432
72043
65321
84136
81023
61119
62129
68353
80159
57181
88542
58857
83356
63434
71534
88116
77895
76958
61161
62299
61577
87096
59268
82639
82140
59568
87622
81293
72218
75277
86889
62963
62458
88248
73475
64466
61143
61489
80102
74948
84660
76289
77764
77504
85886
59632
60311
61675
68240
68727
63295
69297
66941
89208
68973
57621
88585
56621
60609
68165
83832
73567
79663
59250
77068
57560
57511
87262
69065
69914
61685
63543
65915
69201
72934
66851
79610
77447
64172
77852
60333
59671
87427
82814
64589
78948
58517
68318
62187
60362
59675
67742
79413
86485
63430
76222
81397
66225
61789
60405
61658
60130
61095
76289
69499
71221
74635
66107
86169
60151
64886
68462
70308
75108
65789
84969
83585
75618
76484
75475
63371
61552
87966
78783
70872
86489
63477
78976
57277
78637
70253
73023
74644
64241
88516
58059
72380
61334
88573
66351
74978
74920
65725
64650
78463
84040
66805
75291
68002
58588
61889
73628
83952
60165
88208
84689
83433
71634
61062
66400
81773
68403
71966
67811
58750
74416
77332
85820
81223
60506
60034
76072
61533
83458
58697
65816
62022
64682
65714
70716
73528
65593
73557
58336
79906
65395
73786
86267
57329
65575
58943
71173
65036
83882
61113
70410
76320
75653
80734
73725
66851
66155
70499
88398
74643
73070
57313
72382
60671
70002
75645
72819
70857
61665
60744
58951
69674
62880
63204
68966
77174
84802
81385
61464
77986
84348
69766
58331
71939
78553
75116
68021
62552
84911
75495
81096
58123
89426
63822
85799
78260
63879
82078
67816
76767
70204
59746
73083
68623
80246
80086
68410
77059
73098
75851
72000
57399
71056
69581
59263
69038
86549
58372
83213
65775
67088
68440
82111
67406
72727
69208
75769
82796
84947
75613
59332
88577
74674
62826
66593
89049
88795
87639
72094
69917
65383
76847
72998
68052
87246
70102
85533
71593
63135
82671
69293
70895
70517
80636
71258
72930
87078
85959
78557
71984
82749
84738
68399
84152
84139
83754
71908
74641
69049
86961
84922
81998
89409
74843
68466
73344
87070
85993
68574
64125
62945
57845
75580
69216
63941
82973
78530
58449
58342
82531
65914
73223
81581
77524
67920
87434
67727
59496
56938
64318
76279
84266
63671
87325
67456
81816
63435
66372
66664
71501
88298
77233
67906
79069
86882
81739
58090
84225
85790
86562
69054
81652
76153
78073
82187
59932
80976
70146
85702
79597
88923
61160
76669
58123
80829
73234
78476
65710
63961
69927
64148
84299
78184
89293
85545
66417
89032
60855
72907
65521
59543
69342
63512
62017
83073
75022
61759
75810
82518
82853
60088
58497
72288
65176
78387
57755
62451
73142
63182
81509
77125
70961
61322
88875
87424
59226
83456
59767
68886
86956
72016
78644
82005
63244
77147
89363
61499
82255
72242
75822
64907
58365
69581
63212
76320
73300
66049
71972
83074
68240
86188
74629
78263
86122
81971
87605
84316
57567
87598
87736
79860
73522
61025
82196
88959
72500
72687
87090
85583
82115
76490
81288
70679
73873
87406
83957
73029
79399
66255
61932
70801
85801
73871
77525
76502
63451
60789
87984
87329
69860
83995
69372
78088
62034
87526
72663
66366
81887
71227
65638
66660
86642
79344
85879
61473
88809
79617
66917
68212
74262
82053
59452
69449
68103
76512
78622
81995
78987
72761
69862
66810
62193
84271
76298
86269
58131
77255
84422
83129
89492
86697
89719
80930
72037
62093
88389
81873
75918
70640
78084
68696
78379
60171
68700
74706
69044
71685
87848
73150
74626
71016
83741
76045
79503
60114
70572
62585
64382
63469
58665
61721
73947
60320
81708
74546
76963
80775
59960
62801
86791
77729
73882
82326
76397
87625
66196
66899
57528
62568
71099
62166
87497
83432
86942
87426
81733
74348
68520
64549
80281
88638
72776
73093
59964
57224
83790
60220
71476
69576
75161
83654
88028
78206
65007
85209
82660
64039
66348
76532
81305
77935
81311
62267
86119
81571
74673
57986
74908
84325
75207
85160
69486
73379
78186
74534
85568
69834
61350
84455
88097
70198
82607
77403
59542
74990
83659
87239
75673
62094
88683
85983
70369
73860
61851
87702
68708
78975
80029
60469
78363
72997
84433
85674
58117
78597
64217
73507
71022
83404
66809
63708
57969
68027
68804
59957
60092
63832
85237
66568
63635
65380
59547
62265
66328
64782
75897
88207
63177
65638
75692
86722
59210
81684
78734
61141
69221
76106
58075
62117
80975
76023
75794
79299
73004
57662
58142
64639
63446
66086
79414
67909
84442
66707
74242
88109
58564
57973
77055
80077
61597
73535
72228
80466
63409
79003
62150
73167
90006
79707
59321
82644
62313
84147
85432
82499
58203
75686
80134
76639
89452
63167
64598
71462
74615
68097
69353
67041
82543
86304
73206
80633
85736
78322
85326
68364
84697
59168
60224
86080
71840
79649
72634
63703
73542
71529
81586
58372
66565
69597
71108
65789
72967
62091
60701
58450
65905
80792
84887
83837
88736
77177
60965
75450
88754
64870
70258
61721
64585
74764
87237
65233
61323
75395
75048
82391
88174
60287
71625
58543
82482
61642
70816
84867
60463
62706
76370
76658
86992
59711
67670
76842
73696
81895
58454
83897
86276
60037
85720
89248
88969
72904
80669
75305
69216
75624
81481
69371
60263
65375
84421
70124
87275
83285
58594
72982
78954
57692
76223
76589
65181
67293
67948
67344
80053
79058
72527
60829
58086
67126
64455
65994
60450
59066
65040
83697
70439
65466
79207
71020
88251
61807
72046
81250
59190
76902
84433
84960
70466
65329
79146
75308
88543
76892
75554
61270
65450
72867
66009
60431
79198
65889
75401
88254
58779
64332
86374
58833
69606
72032
60616
85585
87282
82969
73611
81082
71709
59621
72374
61961
88638
63961
59996
58134
78238
71075
85440
81956
66372
60352
88764
72375
57718
78063
61540
73126
78716
79845
81126
68464
68263
66114
88757
63187
84114
89540
84198
59803
64168
57786
82650
60857
69350
57532
80669
76948
83426
74394
64910
71844
67085
64146
81088
87356
62517
69062
69281
86183
62798
89581
72793
83063
64881
60488
67957
69658
86053
67799
87621
74158
71134
74190
82306
57622
60099
75587
60724
86350
84660
87849
84691
89083
65164
66945
70317
64327
61091
79055
84615
79339
65176
70347
73607
74125
87629
77146
71506
89933
80946
62396
89201
83611
58567
88071
76281
78411
88924
74964
72299
74731
59419
88888
89561
78164
71497
77046
72522
61567
83401
59122
65888
87450
87778
90089
84536
79707
63298
81760
79506
60821
69954
78042
82994
81417
87659
87886
74630
68478
66105
70872
77960
64276
80416
64175
62182
66517
77517
62807
59744
72845
58030
67864
74866
64475
80308
78510
62516
73353
79448
81986
77182
67609
67548
79513
84559
61856
85459
71308
59760
88792
79075
71352
61780
78192
86218
75126
88643
66214
87967
83726
58296
60184
74330
74791
80135
80087
71319
89218
84290
62398
89495
61928
87646
81922
68744
89953
65426
85769
74246
77991
84736
86656
64737
77274
62103
75176
77857
61301
63544
73968
88135
61057
83223
84937
87510
58633
88165
90294
69906
70349
84268
87970
76552
80442
73594
60023
81870
59802
84161
83948
73228
58505
76670
59551
71611
82344
73241
80483
86061
69781
83212
71131
76622
72730
72776
78408
82473
72868
77780
68511
65710
61175
83896
61151
86194
74529
68377
73889
63031
63404
89765
86512
65774
70936
66098
87900
63226
73097
78241
87626
72951
58556
85257
89230
65339
58431
85010
71228
73819
81890
65694
71098
61681
61033
60591
57882
62621
88707
77701
81831
79946
69632
85510
59070
64947
84286
88675
72928
81957
61668
81657
58372
63110
60371
77941
78898
79510
81754
68412
62285
73077
59305
73738
73521
74086
62089
78808
89598
78034
78410
79620
59570
82576
72956
63404
66558
80739
76770
86874
64338
85188
85795
76775
86587
78050
84419
74649
73710
59368
68050
58511
84261
88702
86243
63327
68649
66962
82112
60669
70448
70488
73820
90079
65770
66959
60681
69726
76631
87303
68587
73824
63707
76384
77741
78388
70548
70676
83570
61117
59115
89528
66575
79571
72553
60542
89207
66534
66765
83199
66166
80868
79451
73271
81571
64605
78198
75217
78480
73958
57969
88485
89155
67771
90019
72320
60906
90024
73401
89123
85450
60969
70736
71310
86649
79056
61892
89214
69453
87783
62786
80692
83220
71767
65573
83832
84741
62152
59263
64478
66551
67082
78581
85064
78801
59315
81361
70316
84290
71178
61010
80151
61362
70180
63302
83186
64888
58701
88027
75653
70221
71082
69043
63417
64000
85532
77110
63778
75628
81254
87084
70716
89000
61587
76427
74741
85373
76946
58765
81004
58653
68388
65798
85753
90129
89848
74485
85869
61812
74515
89433
81563
78431
63862
82502
81431
63140
64763
65079
69949
88511
60033
60582
77685
71689
58696
88794
84918
67631
88734
60673
62793
84195
84156
88446
79312
63185
60651
61060
86150
65237
72939
71140
67272
90219
85908
84771
67029
62567
71870
79824
90578
68582
72799
59924
82449
64388
81139
88459
74386
59087
67873
77394
85706
90108
76955
65122
63908
77785
59462
62748
71366
88579
87451
71972
88341
78169
63821
74867
64123
69808
59691
74408
78056
68553
67913
84383
62614
76928
74842
81989
64402
69701
58209
83883
69240
63952
59529
64089
72317
76561
69968
71140
74931
72550
74731
66243
66185
89617
60390
69214
64401
85225
68108
68456
80007
84815
64390
85103
74638
79204
72775
76977
73148
85882
75943
72498
77273
84424
66125
89099
68708
76897
80979
62469
78039
81767
78501
62054
82989
82811
77994
68875
72864
69241
60199
82615
75447
90210
86368
63403
89984
66714
63872
82039
82970
70484
76858
85775
88695
59210
86961
79393
79712
72625
86421
63142
75194
75372
65679
68536
86791
90752
58592
59555
75056
73416
86085
73022
73089
66794
64797
70780
60661
60553
58573
74046
73140
61116
87396
85355
62938
85439
68219
73539
63354
66793
85344
84208
74211
70878
90227
63070
88097
90118
80335
77133
69831
76606
86317
62373
78572
71373
66822
77833
83060
74649
88824
63662
85393
71835
73579
83054
71048
89232
75892
78360
72889
71665
81914
88587
63450
78630
63767
89603
61571
66807
62656
76594
69359
83267
88489
74387
61697
71668
66403
72571
70277
82994
76999
62577
60089
60375
72088
75327
66315
87843
66404
68937
60197
75954
85419
89374
77351
69034
83268
62029
77107
81465
61179
63098
66351
90687
76159
68272
87494
77383
75388
60409
79792
85180
65284
83500
65588
59226
59187
76039
80875
58594
83219
86909
72390
77586
77501
84305
65362
70868
70593
59108
70459
72886
71112
59212
66832
88986
87160
69797
86853
74670
77976
64172
84094
73631
84597
74634
68875
77322
81796
83693
61870
69940
60232
76637
87973
83706
77686
88526
88548
72971
67416
62321
72611
87380
60015
72144
90136
61116
82524
72986
85894
58898
63489
58555
68982
66371
89059
83504
66628
67281
60882
81434
68062
84864
83917
81809
82377
77907
77856
69050
90213
89782
71375
86940
78705
82173
66103
60975
70609
81165
77555
72886
74895
67417
59133
68431
66337
74257
87061
60361
85226
89237
86375
69813
73219
59184
65640
81600
60730
85763
75009
75840
59739
63039
68847
83724
80815
89240
67178
67729
86979
84982
76292
65570
73834
81261
64469
70544
88581
68207
75733
87547
82434
81472
89481
66791
64419
72619
69346
88978
90625
76532
71266
77958
65360
58381
67712
69994
67940
84236
78926
86301
67444
66781
71513
80902
66847
90676
84176
59045
63148
77510
73705
84590
78486
89785
72065
74968
74824
66649
82179
85169
72741
61452
73866
61876
90315
68744
64586
64093
58777
84803
89388
62460
84591
79147
77496
84233
67764
62360
62520
78263
61854
58751
88346
70347
90541
70888
73879
81583
85369
73890
80018
85186
68526
60981
62403
64243
65621
79896
77588
85390
68949
85028
58955
90453
60473
69193
64490
74707
87347
70528
79955
58861
71521
59648
82992
64698
67152
89013
74258
58517
90303
87022
60248
72304
70821
72022
87123
73579
66677
70437
80808
88741
78240
88215
84213
85329
61531
75166
89783
85261
67748
67539
90987
79984
59519
87987
75251
88546
84870
86536
90428
60593
64416
58789
74526
63585
69393
67926
72323
63043
83891
77335
69836
62793
63362
74116
70256
77848
69214
62609
68326
84319
79117
80507
88006
74343
72064
78847
71467
65516
86103
80585
79195
61740
61351
65839
64938
77117
83706
64031
78491
88739
88215
64854
61769
62754
63492
64467
91141
83409
78282
88204
67649
74096
90232
80223
68525
90363
70378
91211
66719
84095
75723
64736
68024
86061
82521
79348
60613
66477
64616
84888
72931
60341
63914
88395
62439
79321
81965
90221
62204
69285
64037
70390
78478
90601
66796
79463
67943
62804
61767
78593
77592
69956
88299
74549
89499
76765
77120
63325
79414
84569
90980
65961
60834
68766
74099
65116
66413
71446
86278
60472
67741
85691
80633
84278
80278
72561
69746
67451
61246
74905
66846
85640
76638
80867
89790
89265
83020
60003
73187
72912
62407
87016
74741
83002
85282
91273
64122
68850
89765
64640
73621
90141
66096
69180
64461
66742
74017
90801
58640
75395
61304
63475
86776
84296
90681
77315
75853
64570
58642
79336
79306
90550
70462
63234
88612
89907
63401
89756
90952
67958
71765
85440
70884
73989
86268
72015
63530
78557
82167
86097
88273
78183
86110
81033
70492
72105
69745
86348
71838
63673
64310
64660
84606
58744
87652
69201
71160
82556
81280
76287
61028
89166
71494
63101
69115
79830
64074
65565
73623
75027
83167
65784
79290
59920
60472
66436
78546
72211
83661
70504
67259
60695
87552
61582
58758
76668
86785
63610
88953
66046
66287
80347
90710
86500
71232
58976
89057
86393
71522
71373
71068
69824
76962
70990
80341
79460
78158
74251
86498
67822
59926
58876
81324
71738
88248
67583
83050
72492
62173
71720
74415
87455
81981
83288
80295
72350
74762
69905
82845
81623
87436
62856
78273
69452
85001
78332
71465
73804
74215
78151
83221
67746
78612
81587
64631
89356
64166
64782
88243
65519
62399
87041
87971
72008
65972
83869
74462
84710
74606
60983
65082
62679
62992
63606
65423
73248
84697
65450
62398
87473
87117
69215
70898
73623
77455
71475
63014
82548
83730
85476
83944
67884
59248
71341
88668
85218
59290
65491
65667
88867
84786
63867
80061
68704
85557
81854
81549
73378
74973
76543
59805
75897
62150
88700
65026
79925
81231
60708
86464
62297
89411
81065
60305
84557
78777
85717
65250
70739
75320
61729
59679
75708
75295
78468
70704
82524
83780
77705
90692
87611
76252
91300
67277
69261
80795
64198
61643
73957
70684
82479
76366
81573
61570
85892
86326
80569
70240
61217
68926
79749
67030
90800
75577
61723
70397
72954
75163
63410
89733
61438
70202
61012
64925
90432
85334
74198
65811
71780
70103
68621
80829
72699
69335
71487
83991
86173
80480
79320
69933
60984
82295
74334
90812
90023
80217
88999
83092
82055
62980
78154
75072
60742
76281
62547
71657
88444
78657
73787
76152
73855
80302
69655
69883
66610
66147
70671
81738
85533
72854
64274
70122
83651
84885
91336
77105
79663
86535
61384
82347
75985
66165
71692
82109
87944
80137
88481
83080
68096
74389
60323
77584
83006
62678
75625
83102
67705
64507
61437
83299
72236
74081
77263
84573
63337
85921
78506
59775
64624
88012
72166
91404
91520
80885
63712
59972
74477
66288
62375
74562
78707
63834
68088
73765
63690
66521
77933
88942
80506
59045
68081
89513
84721
75336
87415
83024
66259
91554
91116
77804
67217
91439
76393
89469
68157
67469
83118
61212
67485
65336
64460
75743
72318
67993
75041
73469
63306
88895
60809
77362
77789
74092
91347
73573
80533
81107
89458
89481
61352
72096
62581
76993
61627
84153
87482
77255
77488
81475
69726
77966
65983
88425
69495
72230
67528
72024
68358
90593
81127
74638
66855
59828
66122
65365
75659
79327
67391
76426
70952
83920
84113
60323
66607
73797
72213
66801
78911
76978
61056
77089
70872
74722
86395
61705
77842
71136
83962
90786
77199
78616
68297
80208
65966
69306
85863
83818
72961
90207
70424
59638
77826
67823
72758
85940
87809
89794
75208
86111
82529
66821
59734
70959
77572
86624
64251
88482
82692
68309
76731
70524
74404
61676
91671
77068
86406
61965
80095
79026
78878
61997
66632
75166
83302
64173
64830
77274
87251
86142
64251
71051
90248
79242
82649
76660
90059
88399
83556
88763
70069
81101
67508
85488
74797
69027
71674
82763
83735
81013
91224
63029
65480
86672
83190
82442
86205
84689
66130
90654
67981
61891
83159
62206
86813
69895
74418
71928
85011
59897
81889
61405
84365
82832
78988
75781
69650
69510
77209
62612
71881
60089
64379
77564
79592
64722
66378
86979
78192
64292
83481
81031
75032
86743
62084
80703
82566
81477
78984
64195
81093
84388
79768
84111
64500
68326
69356
76739
59451
69853
63517
60783
90372
85411
76783
62990
78951
65593
78189
74832
76517
90478
59196
65821
64346
71682
79657
62678
80685
79884
75780
90590
73418
86425
82353
84057
73298
86678
63356
87859
86672
81904
68781
69220
73264
68089
75612
87667
63275
65550
66951
78137
91270
75639
67682
59368
66620
63886
68078
88652
77177
85283
78029
86864
66312
61216
79445
67267
68111
77417
86755
72796
71930
89862
83058
60412
78517
71812
74604
85812
74270
78744
63935
76807
59834
84742
86068
72945
88998
82881
75261
88616
60881
73812
67212
84001
73321
74624
78252
85846
64659
67111
68042
90439
76127
83049
81043
85694
91387
83468
88517
86872
64551
91681
85054
64065
76264
73188
59738
81983
82305
87781
68219
71410
79007
75877
91369
77146
84436
66563
70621
74137
71494
71064
67800
65530
71081
88671
87609
78643
89962
78681
67599
84455
61485
63215
65324
79215
63610
83418
66171
91610
72115
75584
64147
91954
73290
77855
68491
91137
66096
80367
65808
78100
90001
60547
82102
83583
70590
73521
79500
84450
77931
87346
61427
69098
68890
88395
88240
76570
68823
81069
85567
71115
60454
81179
64874
87409
76602
87626
81435
82209
59495
66189
90479
91472
81626
61106
75275
63198
64904
75046
83635
63315
84580
62560
87833
61032
67029
70781
90866
89289
66151
86056
66383
85017
91329
79037
89643
73782
81879
69038
83008
69055
82272
77605
90400
88532
66187
87019
78208
83741
86253
70280
78807
87054
66494
77228
67368
77417
78150
82893
60443
65540
88210
74258
89171
63692
86891
81520
76796
80394
74889
72979
59811
67301
62979
75007
61515
89640
89098
75767
90045
90438
77783
74141
61215
76956
71394
61916
85448
66805
68181
71299
67155
65107
62144
75826
71666
65517
76814
73338
80389
84340
67000
73536
65004
89498
70456
89442
82713
62933
90305
84638
78185
90976
90157
73903
77236
65924
74295
67000
64675
72981
77802
85990
67521
62783
71769
76881
63701
80259
67217
77092
73584
76028
62412
66302
87234
79591
84455
91544
86449
88162
68118
61351
76589
89972
84951
61956
59581
67406
75812
66058
59742
71120
91373
83775
68238
79439
62661
85047
83364
61846
73436
87734
79714
91946
90925
68373
83405
76755
61176
89831
88124
61783
79219
73436
87472
88969
65725
68581
89443
75394
69395
86936
60836
66095
69702
92119
60641
83724
71532
63916
84230
92206
87254
72568
73990
83591
76867
85581
76982
84326
64339
65176
87778
90173
74815
78851
81307
86439
78022
63641
68814
64425
74091
80683
91931
59704
81117
78067
86243
90364
62391
64120
86435
86356
76905
69553
81793
81306
68470
79725
59685
69800
68577
69107
70090
63643
64481
89829
62357
77783
78300
87658
80933
87883
69011
85387
79723
83446
72091
79326
72892
61865
90380
92258
78372
87311
85373
89003
80382
63212
74031
66879
89793
63138
90504
59967
69917
82425
83395
74570
68679
88095
64999
87966
62609
81390
91637
62336
83005
67438
63846
73183
64147
72347
72404
78132
82225
69480
66552
80812
64419
86275
61908
84617
62771
91227
90417
66757
73986
63456
61260
88313
73816
73865
78541
82558
66361
92188
73976
59858
63289
69802
86823
74813
88209
78168
82040
71348
88433
69734
81859
65533
78744
89705
91599
60948
71715
79579
70597
90830
86434
68054
84452
76732
85105
86813
70263
61778
63814
82524
71940
82248
81414
80049
82375
71745
92381
81770
87390
77483
88461
89105
70854
68838
87302
91558
84358
76456
79672
81707
75306
73120
63269
72550
68339
72537
78138
77282
66253
86626
76767
60727
68737
89772
68173
84619
66604
89395
74143
66137
82160
90848
74796
60017
80617
88750
71445
90432
85347
69389
83482
82514
92490
90756
76210
66581
84961
64409
62298
90848
69047
92149
78893
81203
73176
64196
86453
66881
64832
59995
81153
60331
85653
61725
73719
75663
69141
62879
62700
65473
67021
65034
81010
63832
86539
62145
83313
85869
68119
62532
80762
71711
90398
84053
61271
80602
86895
74329
69095
72666
78826
84736
80169
73962
77236
60200
79766
62322
69168
65023
77236
74672
60203
77416
71144
69958
63831
74657
60043
81141
75515
65826
79425
92072
85736
73160
65158
74420
71599
79410
81034
79198
86801
73324
88127
64414
61879
79562
88496
74274
89892
75799
83092
91030
88551
76527
86563
76579
72725
89706
64808
81973
92150
61947
70744
89986
85247
75415
83682
91464
80128
60185
89927
60629
76191
71653
73836
67917
70149
69067
63726
64424
84183
80943
65717
68090
70248
86631
62668
89079
72493
73829
75119
65718
63089
60054
68198
65973
62793
79113
61842
75550
92619
84436
64454
86344
76411
65204
89048
68481
59910
65011
68599
80907
79667
71311
60734
71012
80150
87960
66954
77002
64391
64218
85897
88575
90066
90812
86292
83018
66992
77672
60351
82110
82038
77612
72622
91582
60557
77344
71850
63425
80162
92426
68979
70483
80414
75646
88408
79965
87641
82250
69638
72357
91658
70417
76702
88984
71043
75317
75018
69960
90139
69626
91792
81585
79723
84969
85159
74048
76477
71027
76042
63382
74433
66775
64524
75145
66946
62278
88107
88427
87705
59972
74727
71311
75680
74321
77269
84234
60650
87241
83695
83639
68209
91401
87854
90494
77072
74963
73819
61141
82931
79860
74530
92294
77387
88867
88680
68275
61766
70189
82142
70424
68158
65871
87254
66961
78129
62947
69206
72156
73585
90688
64363
79519
77468
86235
63168
73133
91087
70322
76911
77189
80663
77034
90391
89116
83752
84406
77615
85724
63826
77948
77466
78828
75184
67891
80507
82098
71587
61200
84298
63894
84606
71265
68392
75529
72323
68025
82543
72646
66063
82509
68238
77912
79633
73630
65812
71645
81088
66136
66826
61961
81294
69242
65670
81518
82263
88248
61565
70906
70623
66334
73433
83905
61307
68853
82635
86524
81934
88554
64355
79954
70199
78957
88158
81495
66249
85848
91455
70995
82556
68305
92833
92228
66018
65649
88523
92454
88476
72358
71301
82801
66253
80725
70442
71652
62415
79300
62207
91521
79141
73656
75459
66521
66225
81370
79751
70281
68903
69471
78784
66053
61378
81128
62107
72084
77366
61095
74128
73372
85733
85444
86074
65824
91477
79103
61030
78215
73954
87190
61546
66463
78768
85353
69048
82657
75236
67420
85426
89079
92436
83709
87744
81787
81915
83559
78752
90626
85618
87398
66302
64857
91548
83163
83269
63246
90208
74082
81076
69682
74780
65843
70580
82526
72087
92486
81257
60916
78392
69051
83079
81319
85366
61816
64615
90942
70288
76052
84058
70036
70270
83188
60733
88036
83495
75443
74061
82499
81108
83399
85565
90990
69349
75618
80262
76742
92355
69015
67327
78233
82453
74174
84397
85667
70967
73241
71388
79573
76519
80568
85870
60501
85570
90521
70516
79045
64752
60948
70651
62408
92059
64374
79656
69314
87717
67309
82568
81376
83738
92324
65441
61017
87011
92206
69325
72179
81725
61480
89160
79816
77930
75034
60295
76362
63910
91039
60619
85637
64093
92614
86263
69796
61851
77751
85918
76215
87236
78746
70497
92851
65157
81076
65656
80058
84490
88531
84366
73373
61042
73453
83666
71584
77440
91652
82763
63357
77971
71500
78955
70571
70360
81040
69608
70111
69566
91090
78791
65492
83626
70962
70842
71752
64749
90129
75435
88391
92915
82805
78745
85931
92604
62895
70819
80868
70800
85820
65890
62453
78575
89322
92540
75455
65224
89403
68726
91266
72427
77070
82890
69793
85439
92028
78650
73893
87096
81153
86883
85125
90372
83420
68245
70693
72709
86968
83938
81436
79364
67211
87157
78778
91300
75967
85798
89674
88724
71312
67147
92564
69641
79029
74704
69542
61292
80450
89994
86484
80463
86477
76744
82686
80550
87503
69675
83729
70708
76878
75448
60368
84547
67001
61228
81621
85400
66324
60559
83154
75430
67412
82188
63005
69634
79885
80896
91244
70935
61770
69201
60893
67867
78012
71937
74041
92738
80920
68099
79737
66865
67258
80717
83593
60597
72334
67630
69965
72117
67632
68834
71906
83813
74322
66660
86822
90045
67679
80003
76410
68650
83037
79928
76486
81539
65560
84023
65470
83518
71037
82372
75876
83428
65092
86984
66510
72898
91858
88612
72490
71906
92253
81733
85247
66873
77393
72696
81334
92194
68338
67968
78168
67083
81731
88551
78489
64622
64039
76433
76566
67844
86727
66839
86235
86325
82483
66130
68904
81362
90188
74677
82037
81670
92129
87776
67507
68746
83480
87923
91861
79385
80144
90912
64655
71716
82372
62469
74589
67782
60723
62776
74696
86266
80062
75171
89061
83468
71121
72978
65566
71501
86213
75658
88372
74763
89861
92893
74629
60864
88176
68219
62347
64138
73727
81291
82854
80859
65448
68410
69403
85362
80770
74067
73308
73866
90153
63761
92298
91985
86116
81457
77368
87195
87557
76874
78194
66520
80401
87649
77565
73027
75809
68792
64737
68189
90376
87272
61989
85658
65718
75823
64474
88154
88925
93195
66395
89626
79314
88328
68050
72684
89397
82902
72958
66852
90580
64670
67892
81493
63821
80022
60580
62332
84979
80340
69598
89722
78195
76128
75669
70088
73912
87948
91042
88934
87819
87688
61259
87060
64127
74545
83654
61125
80780
86058
67065
72785
80378
91950
70788
87914
78080
62628
86785
77009
77486
61812
77194
70601
88712
65306
79740
76493
69492
76281
78971
76926
85206
75249
78519
78047
82681
80179
72301
69316
65201
84308
87728
61832
63550
81569
64361
63231
67956
78259
68765
92587
69401
71491
84718
92979
80271
89663
76133
74512
86194
78876
86126
83338
61188
90991
86564
67299
63496
65719
62415
85714
85483
88445
77995
81971
68201
88480
88556
92412
81647
88810
63486
77427
65533
70374
86289
84382
81871
70390
80085
92155
80956
69280
68994
83058
66526
89129
67100
85128
87667
90981
79349
75221
91267
61133
92531
75704
78404
70354
81939
73033
74170
73585
75694
91023
92194
86024
72956
79860
62097
77160
87382
84725
64985
87595
79296
92958
91564
74056
80678
89142
61188
85732
79846
77495
70081
80747
68239
76673
66964
84192
78312
75726
71197
62065
90677
87401
66128
81487
65461
90907
92957
65980
74351
65894
70992
76646
67375
73590
66230
67571
70091
62549
75393
79069
83114
75870
80109
79232
86407
78580
60964
89713
75635
82036
70751
68370
74265
78951
89423
86371
81478
72701
87739
75803
63401
74935
87658
78584
78807
93027
89411
76115
89745
79693
79283
68343
72522
62900
86351
71475
77796
67963
76219
80430
68795
82721
75978
91259
71140
70899
89062
65773
70071
87936
63155
64685
90250
78414
92399
71049
90560
64715
68509
90767
76291
76678
76130
84699
61133
73119
91695
89773
84781
89725
84512
83647
82376
77758
62372
81365
73758
61300
79071
84117
75534
77454
73804
73625
72860
68500
84135
65475
76531
75160
79882
87248
77990
80745
90710
62000
91707
84745
71380
85525
64746
83297
79132
62155
72354
76340
76086
72263
87885
73810
62208
75778
73557
89614
81103
62728
73575
62961
83289
74315
73079
89008
73939
91454
90884
79196
70998
66207
72861
85209
71303
93076
86692
79249
74871
78074
89938
64105
70088
82170
67067
92149
62738
74461
69523
83687
84356
75041
69746
72398
66255
78284
80724
80125
71743
81152
91556
84936
84779
66000
73978
71159
76944
65874
69090
68212
75257
63477
84959
68679
68002
81173
76463
92868
93660
82125
65745
60931
87987
72717
84805
67473
63695
91884
64147
64357
66712
84287
69902
70934
90270
63850
63066
81227
78903
73078
74796
66418
72554
82532
69713
61365
65803
89537
63474
78121
91176
68987
61462
64585
68772
68083
89960
77220
62242
65107
83259
66770
90148
80674
61899
68524
67188
63254
70597
64957
72900
70185
81674
82931
80529
69358
86192
88218
64589
79398
87114
75659
78524
71823
85610
81569
74143
90876
69732
90733
70032
80042
63828
88875
80173
67538
84066
69108
82296
68731
91204
79413
92542
62866
80901
86879
68919
90172
75013
73440
70574
73067
88642
73299
67681
62896
65749
75251
91115
89936
87488
89942
83936
88729
92390
75864
78329
92278
67931
89685
92785
85826
83678
92571
78254
74202
76964
72990
61732
81142
72024
81518
62327
77497
88159
84455
92127
81030
90208
83751
79057
64278
88836
82374
89564
76999
88570
80449
65745
88631
89407
74550
77350
88338
69276
81623
73884
79144
87664
61593
71712
77763
77231
87852
89071
84279
86315
82608
75774
67770
80402
88870
67993
63094
65464
68388
61258
64477
67223
66253
61436
73277
73877
91905
68960
83860
66181
65745
62864
70053
78575
65846
67571
83787
87572
77058
74080
69646
64301
66838
62342
63988
85748
81622
93067
87449
87909
73946
93171
71810
72902
71654
89540
80303
91109
71709
89319
81007
89505
73329
66514
89465
61355
91742
72292
71223
64142
75736
76816
92773
82157
61826
84286
78811
87052
62240
63470
90279
76179
85071
71583
87903
81550
78708
81007
62902
93111
67826
83331
89420
85752
76448
78505
66251
93740
72570
64828
78639
63270
86934
63561
66405
82164
85082
64495
89624
62052
72941
90124
74696
61896
80619
68118
69916
66039
78685
70214
89977
77972
61416
82940
86995
63891
89156
64863
77763
82936
65520
78403
80090
72674
90148
71249
84534
85449
81416
78433
74834
83716
66851
92459
61218
89998
65046
77599
74336
61705
72074
63889
84001
89859
92007
76057
85419
62585
69190
62266
87690
80537
87850
69441
83425
77004
74090
76400
61951
93684
86770
91996
79410
90866
71852
93332
87776
87660
68408
83587
93139
68045
68579
73880
83157
87949
93655
72100
64637
84658
81807
79747
77128
85911
84110
81406
64747
90604
69457
93424
61928
89086
64386
92584
83808
84792
92270
87951
78632
93674
80825
91146
86559
81482
87120
84386
77502
77497
91552
69219
71152
64327
70406
65921
77348
78968
89990
80962
66721
91977
83391
76311
66842
67182
68638
89100
69507
63710
76115
76643
73763
61841
85249
61308
81385
62600
90298
84729
74499
77071
70954
87071
86957
63807
85906
72830
71495
85702
68473
89044
67499
89323
66718
82479
76477
69580
81200
79186
84548
88298
78913
64858
65016
90344
90233
74913
72667
67216
82695
69347
66253
85783
75485
68511
62299
76706
90141
92096
92889
79880
73678
82557
79024
87770
77780
76158
75256
85665
76575
81984
79690
85094
67106
63162
61647
94072
64391
70465
89245
82537
78113
70569
62276
83290
76066
76205
79523
93560
86926
87696
93953
81351
87023
92677
81497
89375
85835
92237
65012
85364
87635
72607
72253
75866
81885
87244
90322
66759
67476
73507
62679
92699
66798
93074
89487
62559
69215
63247
90925
69066
89293
61494
77287
90506
82755
73780
88909
93121
69353
72419
64985
84685
74548
80438
80583
79308
75354
92376
64038
80991
86537
65552
89392
78767
80984
81128
93911
62638
77054
69774
82592
85920
86721
86010
62900
88281
93490
67281
83509
62152
81560
61834
79054
80180
88618
90831
91278
78278
74369
71718
77046
91592
68684
82384
70224
84268
63814
82417
71747
70352
81765
91890
74405
92672
77908
75044
88208
68925
79140
70566
81336
87612
86591
77960
62971
81714
75677
77872
91962
85327
82234
89085
77160
66696
84935
82987
70880
84122
65951
84215
69372
85836
91134
81667
87267
67572
70765
78587
76962
72764
90753
69753
66687
93734
90565
77862
88201
79694
72693
69923
71284
77168
78701
82343
62372
86057
68064
80617
92552
82946
81741
78912
85033
89770
73007
78216
77571
84099
82421
86217
68627
87904
73905
72467
90417
67214
76052
89260
79776
77841
76698
84078
84452
92975
85506
92778
80851
78899
74753
77265
71919
82283
81975
64021
68851
76147
86370
76619
68268
81589
73682
92628
87306
82993
65309
75068
73335
89978
67603
79458
78439
93185
77556
93401
89393
70550
68065
68495
67101
86060
88977
63660
77758
80605
79429
74941
86658
85038
84734
93458
83335
61843
80109
64868
76208
72758
61739
62652
68345
77044
66218
86415
76807
90536
90732
92462
77828
75693
66546
93790
71337
63390
87544
84802
81564
73312
63327
86658
90621
71523
79979
68518
82235
89124
80942
73411
94253
85239
85572
74586
63838
71427
82113
87677
84904
80782
91752
64563
75268
72827
64798
94238
62880
78352
72862
76123
88626
85501
64877
79274
83085
69530
76817
94159
90993
93553
64638
62776
86696
63484
86481
73439
81998
80304
69184
65906
64625
88122
81745
80050
75482
88840
88651
66073
93993
80651
72938
92863
72488
73659
91735
70782
83801
93532
72791
87636
71121
67712
94403
80906
81737
62158
72504
76051
80499
75009
88847
74423
93578
84532
87440
66929
73261
82012
74850
76181
70509
66070
75846
80693
73253
89507
62470
84294
64394
73008
91047
86015
83458
66651
78822
82562
92218
83700
77283
87998
83570
89344
80663
73364
70172
88068
62859
73016
64422
73088
67660
65499
79508
76473
62490
72327
66513
83387
68704
82506
79431
81823
82025
82326
91565
76810
66768
93160
82848
78326
94520
70824
83702
88501
91710
93520
74063
64562
85932
69329
78572
79739
87791
78387
94405
68732
72140
89211
94421
68109
80206
66001
69817
76080
87299
91106
92793
81555
83560
77700
68518
75101
77985
73112
74405
67367
79981
72501
71242
91463
63578
81155
80809
83797
66869
66020
73256
78568
71365
75994
69081
86177
75961
73253
92167
90731
75742
82859
85519
93952
65429
71837
81521
83632
72581
66648
82983
83294
78221
84105
77878
62923
92156
89749
70018
64023
76805
83000
89830
89476
85101
64364
67460
78718
76935
82316
89434
75736
74594
82361
69143
91225
88897
83581
73260
94071
83275
77486
72229
92258
62852
76181
62010
83012
64252
65104
78881
94407
67655
90741
71463
65497
65580
74744
69247
82092
80545
76367
87514
92672
71160
70355
76856
80292
75859
93290
78077
77114
75101
87651
71495
79932
85052
67233
74623
72508
94657
64252
75566
82032
64226
88548
93970
82285
88939
83527
87922
64051
93424
76469
64174
85354
78342
81859
77338
65003
88499
86445
82188
82306
71458
67903
78388
94450
74139
80885
85804
63802
94387
67425
62032
61975
67776
80845
86736
64970
93072
88610
72452
87579
65883
76040
80127
76446
69109
75087
73062
78901
67144
86414
89219
74198
88578
76041
91541
82575
66955
80344
83050
69831
65594
76358
74032
66246
88776
77176
62089
83064
74245
76623
71133
81517
88521
73614
82420
69157
74798
62528
67524
86923
92412
88916
87431
63423
69989
93067
77841
86296
76787
66708
71265
84074
68798
81525
82806
91012
81378
92204
82532
88317
87088
88470
67750
69937
64548
72849
68278
80006
86807
78173
65243
83700
90294
62025
82498
73924
83123
88715
70737
78999
93371
78959
72760
80555
91815
62132
93385
63834
74486
80178
64137
78563
80763
88257
79879
73837
70227
82519
85100
73289
89370
79216
71764
93560
94302
77235
64732
77421
89940
86994
71932
63763
82890
62898
94488
79378
82525
84428
79057
73039
73452
66003
71457
64945
62797
94358
93351
78379
92734
83753
66623
92151
92318
77119
93654
72223
81629
80091
74621
91714
78001
67880
84155
73365
86282
67748
62504
81192
79945
72324
79671
72811
92844
79701
88148
71920
66317
81119
62255
65650
62925
62798
62295
94743
65547
72084
72970
70642
71449
86793
71756
82380
93232
65620
78390
71972
88162
82319
84113
67188
83153
69542
70563
79798
90911
90880
82505
71719
84517
77154
72774
80203
84712
76560
73435
85297
70088
85813
83864
71160
92155
85892
65905
93842
76090
70432
92180
86216
82362
67769
87418
64638
84062
75768
93628
74809
67883
74270
73001
82654
70652
67048
81045
65213
74615
88757
86003
81357
94271
63210
70439
85817
83051
71062
84245
85532
90936
94034
65790
74121
71930
88684
83468
81359
67417
79428
93483
68347
65977
75253
62747
70814
69114
89656
76995
91856
89442
68230
70601
81012
86487
68989
76127
90814
90962
73861
73056
62963
63888
71347
71579
88944
69131
83694
67951
72942
76328
90448
81304
67844
71090
78798
72264
81133
84359
74268
84345
64396
64145
87243
80770
62893
86264
91061
79849
92046
73622
65434
94329
77726
77740
89867
84628
82564
62675
94855
86730
73827
81205
74725
69290
77661
78332
74993
73943
73558
80907
69978
62303
80634
73964
92108
89161
84481
93194
73305
94317
92337
63521
87581
63625
63653
77042
94754
81040
69326
83259
71041
72005
66231
78054
85194
70665
66317
92033
91814
90353
86878
81646
81851
69404
71457
72284
67024
85828
85495
66934
79410
67730
91440
69593
88918
77751
66193
64716
85439
70712
93268
72491
64546
71689
78449
88485
65225
66910
64796
92968
64053
63166
74895
69528
70919
66905
62985
87239
66849
78235
84503
91042
63496
80385
86034
77224
88716
87084
78569
69281
82860
64564
64288
79500
67252
85566
86553
94169
77992
73297
68243
71128
62693
82533
70256
85874
85254
82621
78267
90647
86021
91255
80617
78071
66722
82530
69727
81013
78601
92175
74549
79320
63919
74539
85818
64324
76157
65291
79928
69610
77104
73353
68729
91259
65536
92175
86153
66530
63359
79857
71742
63538
91333
68864
86262
64477
86218
90972
65824
84776
88083
78217
73982
76251
92561
80837
94376
94525
93382
78233
94037
80447
70441
84399
88022
63480
88268
85987
83555
71249
63548
88476
93082
94466
87464
70749
94405
79549
75078
90775
94556
68776
86259
80578
77259
67089
90394
64683
88948
83038
93398
78096
79352
86850
87387
92010
79282
70967
86162
75274
69509
87080
67331
73831
90584
84589
84216
75703
78558
79869
73439
68028
74779
88031
80113
86497
65316
84450
66065
73861
65446
83086
88567
68759
65193
74586
80525
82787
90902
75040
85145
88747
64375
93901
77725
67834
75007
75357
63739
79925
91082
80391
77405
75379
86117
75700
81748
67854
65169
88246
82496
91643
82244
91575
63599
71510
94193
87791
89481
77121
69897
79003
83499
74223
69058
64426
86482
70652
86807
84665
78843
64256
66576
88897
71816
68195
74051
72463
75622
79475
84379
63989
93037
69555
63576
81856
73863
92278
91223
65129
77077
63661
91284
62608
84622
95230
65005
95269
74089
83478
65065
74089
89150
92479
84024
73237
63016
68405
79292
62680
84077
95285
78281
88327
72545
91224
94441
69265
81543
88863
92772
69169
93178
64847
63166
80359
64267
68863
79744
79272
75308
75759
76860
79957
92173
81947
71883
92394
78852
66192
73945
72696
69042
73855
81060
66901
82916
77456
92928
78353
86711
69240
83103
89773
78080
71374
87183
64904
68842
93466
88580
65946
80865
83504
87896
82276
90543
65724
70224
67111
70373
85533
92577
72533
63101
89463
74674
94789
76477
81155
72356
77354
94559
91562
92560
76870
91886
74963
65295
89179
84339
88185
80128
64867
70225
78208
93573
70272
92014
94281
66895
74806
75667
85892
68380
74200
71190
69957
87165
63296
92598
90714
75741
76483
82630
67549
66495
71525
85134
68357
92999
71496
69102
87873
89084
78443
77124
65160
86220
75153
76688
71658
63057
87422
88790
93292
95314
66153
70596
91666
94349
85935
93845
62781
77491
95173
66357
90167
94645
74864
95398
78093
66110
70456
84898
79261
65152
69146
91266
83439
87860
71805
95326
83145
73180
69735
92534
69245
67660
78833
76496
84486
85352
72440
64291
86099
81711
63766
66292
73187
83449
80848
83455
66194
73980
88337
67544
66483
69653
90584
91090
74846
84678
77101
72736
67595
92283
77657
91194
74592
73233
86358
76419
94024
95384
89221
75048
86597
89432
85663
75339
78855
83731
76270
64353
94013
71818
71101
89048
71083
78914
90893
76541
80509
92552
84361
69918
79579
63155
94396
77803
72893
65705
72066
63010
84993
74661
64444
87660
89531
65847
76872
91522
88524
94092
73521
74643
92854
77295
72226
95466
66478
82576
76577
69068
77043
91524
63353
87455
92767
72974
63224
66898
94267
93981
94043
66808
72280
85013
82951
85174
88411
71378
93690
85216
68185
93675
77824
74079
93348
72243
88874
70742
76260
83590
79740
78853
74857
91330
91366
65517
65471
91155
84086
94516
71555
72820
88523
90700
88182
70514
91341
72144
77776
65075
70555
64686
66775
74936
87237
76683
94383
68191
94652
69475
75892
65452
92550
72048
85382
65864
91062
80462
71716
67658
85916
87132
69693
77750
66489
77157
84098
86851
94581
74624
85952
68450
82197
76084
85101
76411
92647
85216
63105
73594
72383
85850
91015
90506
67239
69079
88307
84256
92627
82699
71862
64060
88787
91025
89104
82924
80908
72076
94373
71953
90473
74639
76756
67173
81486
72378
75844
84413
77774
91174
65983
93836
79645
86404
66372
70569
79944
79104
64343
81490
69923
93292
76444
89712
72835
75674
65700
92188
95662
93705
72455
75363
69648
75716
80563
76614
63280
77192
74627
65797
84706
74789
72212
65694
84925
75558
95188
94608
68559
67252
93531
87780
71568
72888
80639
68974
76565
64832
67490
73553
83846
67108
87503
94401
81106
70121
63238
76301
64417
86501
68947
66268
82827
70564
84773
86710
65927
95627
91486
68295
94886
85691
93095
64736
89857
85561
64262
70591
65775
70987
65202
90256
93308
86309
95014
74164
68375
71620
89972
75456
65419
68635
63708
79305
67121
68973
74909
87519
75107
95738
85003
74455
82483
77021
79586
69198
93533
69429
90074
78314
64635
95363
63355
71395
82808
86611
67891
71362
66119
82719
63142
80233
88789
95344
81221
78932
90940
81990
80418
93982
75833
95674
90114
78151
78816
70882
70580
89396
93326
66037
74402
89207
90144
95151
67494
74065
85858
73975
94751
90485
69066
94656
82755
93711
67943
79661
95671
85253
69396
77560
74589
63357
73457
87572
73069
90527
91412
85649
84679
77724
76411
89281
82055
80879
86597
81817
84186
86755
79650
92249
85009
83797
64777
87408
86004
83131
76585
70809
65881
66149
74273
77899
64501
80899
82547
68688
83057
70504
87862
95667
75968
81805
71948
92640
64177
77017
89428
88327
88256
94879
83361
92097
63794
82409
66410
95222
76641
78196
66563
90366
66388
68347
71883
93958
91026
64952
94120
74166
88376
88617
94128
64017
65098
80656
85545
67484
87623
81853
94132
70850
88320
80783
92613
94839
73641
65209
79958
75548
92209
72770
64477
66722
90831
86352
86907
92659
64990
94629
75638
78733
74730
64874
63465
73584
73739
82987
66490
75835
72817
80164
89037
72594
94017
89275
79479
94146
76192
89933
71478
72872
72972
90413
73375
64463
84723
95210
71319
95192
94846
82129
69318
95007
77998
63667
73033
64923
91819
94441
71591
86534
88665
70036
88071
92734
83243
63785
90784
88812
83260
63790
65392
87651
91292
86078
72753
87755
76519
83283
68233
78718
93469
67653
93825
75186
85933
64397
94520
65625
77523
84815
68569
73541
90404
95640
65226
86416
67688
75748
84262
82747
91303
71139
78958
76309
89479
77180
84091
80350
79317
85011
80823
74669
73057
88327
78733
74895
70927
92543
92446
92017
88363
86375
67126
81472
83453
83381
85630
95822
92829
95217
92403
84984
81417
78580
89494
82310
76405
78064
72549
89426
90850
82608
72331
70445
79602
79905
93908
89342
88315
88594
89699
83628
84570
95544
86183
94526
90634
71285
76171
86337
74101
89177
91373
76906
84873
66026
67154
72317
94735
67232
78040
68973
93496
71604
64364
74949
94585
73371
87356
86086
79769
71885
69231
67026
92937
72906
88340
69257
86643
77919
87641
77617
91797
87077
66558
77787
84816
92236
73225
67267
89852
85654
84154
76409
87039
93606
71361
85822
67742
63867
81839
70577
69907
75064
72363
90283
75743
74278
78182
65639
63585
69627
65361
78054
63400
82525
78093
79249
81798
65442
63522
76833
73701
72922
83701
75964
88670
72463
67828
89440
80904
76235
76564
86149
67982
78555
67709
91902
94597
86867
69507
83233
63740
91602
78553
84775
71252
66055
64257
78038
93778
71028
84999
66653
92018
63858
78703
69759
67454
76406
86636
93683
85856
66706
79955
82955
67893
76095
82254
64661
81058
94809
85333
93951
81259
71275
90970
83646
67649
90669
70852
76015
90588
76619
79135
89407
93258
90216
80402
65033
75399
88675
87953
95167
68173
86745
76883
81803
80941
74731
70279
88374
66015
79169
92355
74824
94935
80462
91965
82033
71448
75222
87357
80167
92237
95918
78546
88209
92438
82372
76485
74148
83616
73055
90315
79244
79992
86439
94206
75853
70305
94823
77198
67754
81380
83474
66484
73542
68199
73220
63720
76041
69761
66571
79700
69829
70605
90406
75912
93209
72829
65932
63855
81814
80625
72176
72322
85537
76169
78340
69691
96152
82103
71740
75725
92857
94552
82644
91154
77375
80196
82452
79557
83277
83491
75731
88561
94992
80515
67642
89513
90529
84264
96202
81402
77864
72355
76448
70942
76871
78119
71928
81394
80566
81559
85233
64171
78634
73955
81296
95172
78716
63637
88838
74554
77319
69031
77878
65532
79698
95896
81266
64925
87791
79295
94341
78925
90018
82142
89591
83207
70342
75514
73612
85516
70381
84074
64526
66447
92615
87343
80972
82098
75077
66947
86371
74929
86013
82100
77884
69725
84177
75315
67158
71629
81355
77032
76742
80976
85580
85193
95868
66213
71782
91819
86727
80239
79238
89688
83228
66531
92758
72417
80147
64708
69089
90422
82354
66961
93177
81139
77550
71165
75477
93053
72815
73631
89087
64846
89492
88555
69742
74125
92855
68193
75758
85986
78770
72964
93129
83080
64417
73998
91296
66212
74218
64994
68506
86229
64635
95298
71361
91148
75603
81858
91304
76958
93508
93308
84817
63895
77303
79110
85583
91730
91440
64673
65576
83526
79699
80307
70397
66339
75560
91256
89197
74014
88283
81396
86198
89480
67143
66348
80157
72614
67699
90261
76177
70589
72285
80333
63883
96364
80119
72073
83000
67134
83056
89551
78810
78208
83636
95333
72812
91728
66358
80777
76164
69367
78829
88802
74622
87161
71580
75959
69591
85354
79191
94047
78039
69378
63811
75512
75891
87156
69277
96092
82545
77948
72446
71249
76237
64823
81629
87552
68956
65080
65365
96169
96175
92376
64808
71316
89658
83661
72965
81739
76725
91903
66822
67334
84419
86167
70525
79719
93650
93272
78576
90727
77122
88114
77666
94865
72905
71956
94420
68462
65302
73475
81676
85568
83636
85865
94869
87794
94002
68015
79623
66896
94593
88589
82569
91764
87965
85665
75411
86656
78703
74431
73209
70291
64755
78985
64549
74485
72598
96447
74147
91541
73442
90328
72164
88246
92764
91985
83515
75237
88237
79429
80428
73006
72193
72766
77030
94351
86445
82763
74766
82861
79636
89682
80830
91078
81355
82088
77774
80871
67835
70623
68178
88415
77319
73695
72547
70771
68207
88376
73251
78163
78069
76215
77563
68941
78334
75576
96039
76865
82746
76986
78197
80469
68231
68025
93257
87529
69651
80824
77029
79310
72641
91677
88039
65458
65999
64577
66323
90847
74421
86472
70739
84774
74320
66862
86524
81941
72255
96419
84051
83057
84878
85273
75856
84448
70545
70555
66466
68837
75795
76000
68082
93457
89777
93984
76652
71032
66432
88614
83068
67939
66294
65959
79573
92484
92935
77266
70584
66543
67470
70184
80755
67590
73199
76430
71208
92597
68602
93856
84431
86176
85523
85833
70014
74266
77968
78480
72168
64408
77923
90549
67365
78181
85753
73085
67505
75159
89442
85194
71862
68417
66225
96622
89998
92650
65958
69441
81027
95550
65930
70002
64218
68868
89691
80410
82449
96592
82985
79895
76900
79610
72128
65303
75414
92238
65159
89587
64749
81413
90024
85823
80255
93301
92273
79903
79788
65796
86523
67931
69868
76770
87561
95926
83659
86520
84274
79996
85553
64283
73795
68443
90087
94342
91359
90739
78423
73607
89448
65456
65683
70776
93219
91736
66201
74225
92566
89056
80598
67644
65077
92932
81128
78089
81726
72983
86440
86883
70370
89495
72808
70627
73637
80900
75129
95524
84743
65522
93681
76918
68452
82782
94378
77527
69913
67390
78990
68127
68328
95835
87058
89722
67998
84579
73217
68635
83698
67386
78715
92463
86961
65682
83773
70672
94488
89531
90659
79292
72065
69564
86250
84101
64579
93602
73531
79626
94419
92952
82917
92005
75055
73016
90731
67238
68476
65953
83390
75905
84717
80842
96331
69443
79848
81046
73016
77834
71524
67624
93931
83766
78230
69112
67277
69915
96204
83750
86605
64248
82329
69391
88359
90157
91442
92703
80102
75688
77592
77542
96679
87457
64759
83309
73761
91527
65486
94410
73954
65594
92497
87794
71899
90746
67724
80591
93983
67488
72136
72850
82920
93323
85426
78923
86235
65246
84922
64182
73357
68713
78778
78936
78661
83684
90840
78539
73476
77795
65453
82007
67778
65798
70055
92610
73979
91248
75691
72296
73066
70011
86527
81550
74261
74154
95080
90099
80777
78304
77199
94376
85607
74703
93353
79906
73759
70578
87639
71310
89340
87615
73675
70244
81761
70359
69421
91199
80978
85505
76861
95468
88373
96278
91193
65984
69338
87102
75009
88879
89530
84890
78713
94619
96124
65731
82223
74858
74174
79732
66878
67419
79377
91267
89202
70170
90949
96790
79020
93714
70632
82963
83848
87682
73225
92376
92222
81619
73793
90669
92358
78633
77813
66166
88640
75576
81109
88622
76946
75609
85416
70032
94547
73692
96844
68247
83432
77472
83704
89897
76012
78562
83141
69519
81622
69459
72557
95529
84437
86637
90194
85344
88319
80134
89794
94427
94891
81702
79225
68342
81435
78614
93543
91504
94303
65209
93620
72803
65653
72479
94466
85626
91829
90712
90098
73054
93037
78726
79081
70257
84168
73014
85268
80831
74740
66033
84649
70962
74115
92941
93296
70149
71954
64969
65155
88698
76841
83610
84050
70096
83043
85695
72681
79983
81103
77851
92790
65127
80533
72516
66053
72216
96477
66520
88207
96050
68588
91920
67635
86497
90000
90263
90307
70209
95423
65948
78466
64536
74363
73254
79404
67268
89592
66727
79415
94578
85505
86997
89433
92049
77208
90805
85578
84359
82397
93944
92363
93602
91953
66955
90087
93521
96666
88426
66937
86676
72809
64693
93934
80305
75035
77829
87884
80681
77182
80896
90739
78314
69909
67883
75172
78278
88508
92672
71999
82468
89999
84801
88017
78069
73737
81547
85581
70122
69737
70446
82330
81380
94042
94524
85326
91821
88530
76512
81850
70373
75579
79857
96038
71231
86225
69575
74845
88557
92235
87374
71277
67928
90557
67928
95144
96021
79037
79672
66542
85524
71877
85900
94255
90907
90328
75098
72491
80499
80488
82271
96124
71138
86904
65443
65239
73433
76798
76625
77455
65773
71307
68806
77146
67723
76845
73192
65112
72168
79765
88249
91473
70712
88949
87084
90175
95520
96300
74551
88588
86125
70821
76329
96924
94214
85628
89662
79886
77855
71011
74608
68927
93104
79301
81041
96656
68902
95913
65943
77290
71512
85720
86071
68351
80572
95554
92853
87250
84699
86174
80122
81785
75778
68177
73703
80161
94523
84113
90857
70996
70267
86986
82893
64887
66333
76608
87254
84631
84111
85239
78093
76901
69964
79056
69337
82302
97290
87796
90319
66800
89908
72053
96459
79098
74906
69939
90432
71444
68968
67069
90316
81199
94804
66041
89104
77886
87068
94278
68030
74741
86064
69343
77043
71633
85419
79811
84424
67928
95880
83283
67620
72610
86291
71163
80084
88088
69021
94996
78045
93308
89204
89865
93968
68138
90131
69305
81888
84637
69525
70173
86897
81204
73072
94251
96753
66102
79455
80378
96811
71445
76960
88358
79449
79855
90976
73078
70458
96858
69236
85436
87397
66913
72265
81917
92381
68298
86046
81106
83685
91547
68208
78350
93718
66012
69046
96417
73902
94621
88399
78269
89387
86843
66745
65335
83225
93408
64771
72495
91688
74057
79493
70387
72065
74188
75470
76065
93530
65945
72414
74508
85192
69184
81302
66913
88533
70003
90732
66571
77267
90125
92259
76115
95216
88660
84283
96332
70154
82299
76004
69230
86980
67180
96569
67713
84953
95684
67051
77501
90032
91422
64699
76847
78129
83348
83437
87390
88792
81795
82169
82479
78343
80783
80259
81670
66465
64743
75917
88366
65236
78026
71148
68219
82486
71499
77304
84013
81684
76113
89992
96536
91910
90081
71198
71426
88007
65696
91230
65357
96580
70547
78533
79574
82419
91690
83607
75036
71014
81789
79129
68261
94496
76245
71425
79517
88999
95598
69675
81857
84443
88187
65421
83067
93829
86123
93037
95822
75827
75883
64977
95349
65860
84268
75064
80327
95807
79334
77191
74206
95849
88733
91462
84344
86678
69539
74508
85533
69183
95838
81720
78083
83669
70475
87522
90414
75093
84291
91410
78043
69149
72189
72495
80415
66302
85973
92602
95948
93074
95435
77884
69524
79823
80591
70524
75377
69853
80188
87286
73796
68645
74658
81545
78268
70827
89544
95856
78713
65181
69873
85875
65905
96556
75359
92510
92563
86682
84758
79283
93611
82580
90338
79004
89222
77507
65691
65059
67158
73118
94632
93093
69719
84866
80578
95620
76723
71172
77818
71965
78756
78214
74238
88826
95960
89352
70296
80200
77849
67649
70263
74379
94765
73710
76850
83088
68347
95339
65674
83875
74224
93824
96240
84483
71073
67197
77127
77715
89266
78217
95722
72146
93686
80183
76529
72717
95191
78170
71600
65492
85753
65563
78209
77226
76826
76872
97476
69120
78141
91631
82723
95845
67079
97580
65307
95991
80745
80703
73911
72733
87679
86497
69535
96376
66232
87257
69202
68374
77624
94666
90800
87529
72570
88655
92091
79992
71482
70729
93342
90837
96658
74872
66799
95439
70499
83785
77361
73064
73974
76783
93853
85642
65251
91573
86306
88309
75314
67475
90794
66684
78785
73215
70815
96369
65253
97029
75949
67678
66388
67738
68042
80117
74307
70958
79476
69962
65227
85632
73786
68672
96657
89782
74878
81473
69542
90029
66169
66355
73900
71822
94848
84135
90171
80290
82565
84051
95875
68199
72672
83650
70706
81379
87632
76362
97688
90424
97340
65087
86280
71801
91199
79462
68738
73148
66532
83628
71312
79472
90030
90904
85614
70385
80988
97279
92013
85082
95594
84599
70553
95387
72923
65805
82330
93387
84022
95419
94680
95679
77519
86548
91875
77531
97607
78530
79121
96040
66134
75570
95593
91303
71880
67726
73663
83429
94918
75500
86049
90576
76375
75717
97138
92617
80679
75944
87893
86522
84358
96815
96589
66538
88755
67379
94498
73550
90715
80956
90758
81187
84317
66363
90616
92409
86480
75644
71913
83090
97351
79318
95517
68011
86611
77093
91989
89626
80458
70394
95531
77337
79943
82064
74301
65762
82034
97282
95373
97148
65154
78268
71720
67028
79488
90671
91654
83471
74445
71626
86578
91679
95078
96549
66858
87956
86631
84863
74889
68021
70094
96618
69347
83408
91778
94661
69361
75214
87188
94955
84462
88330
78020
71210
93504
76644
88903
77687
89947
66193
71623
87391
96227
83381
75436
75073
66320
90931
66458
71611
70743
92355
93498
96610
93255
90566
72254
89014
95665
94167
81823
70229
73227
86435
85033
69742
68886
84986
97594
80505
65471
76070
78023
65573
84547
82555
71839
86674
83351
84015
78580
84673
76807
80748
76823
70729
76061
85668
68995
94283
73924
73765
89629
91303
94637
66285
71610
93040
79602
84415
71138
79518
85242
84086
90580
89091
73116
65434
65481
97665
96135
75313
74109
82297
95457
67031
90604
77702
79150
89361
93785
83308
93812
80863
82069
88139
72092
69264
85630
71193
81436
84698
86726
80718
73939
95018
70390
86241
88628
91193
83634
67188
71591
73952
66622
97484
68652
69677
87617
70787
87106
90550
89801
70913
86279
68653
76688
81832
81568
72245
73598
74575
68059
80244
71022
82930
76051
81898
73781
92839
97365
72577
68576
78292
96448
90085
66622
74144
74546
91797
66719
94375
73249
79163
95450
81138
85702
73273
71573
86310
89473
85892
77248
84475
71033
82869
95075
77808
92035
84317
88474
88382
70725
70809
74205
75786
82331
69351
81541
96478
65337
88376
72844
87386
97938
78919
80533
81703
66041
82728
78124
75565
83718
89124
69710
91398
94268
89028
79404
82610
78312
77356
66348
94348
83532
66218
69425
95612
93437
89487
82972
94063
96650
97342
65939
79876
79198
81794
77313
82312
71912
69669
88285
81957
73721
94654
86576
95062
81261
79818
88913
74654
78349
69886
87283
75898
84660
89308
69218
68244
84401
65413
72202
71225
65389
75726
84793
94733
87630
80789
82214
69118
87514
89686
74545
97910
90400
83449
94828
71637
78931
86510
70747
89630
91577
71804
97016
72944
93635
89686
69114
80825
96894
76912
80215
74278
70186
96272
83208
82142
84263
69928
88588
70255
69401
84707
88239
75912
87876
70270
91148
72042
73784
92249
83665
90521
73395
94030
70978
69079
69571
67137
77953
82258
95787
73720
69388
93213
83720
85293
93831
83421
84404
77026
86716
90309
77547
79605
95712
92356
74540
70900
69143
90876
90210
97586
68667
65911
66244
82971
79833
89877
75002
71620
85117
79817
67457
72135
97328
94469
83792
84813
97086
67187
92092
98156
96573
77542
78745
83892
76618
85392
80290
69380
84886
66421
92187
87714
78370
95519
68532
84363
92870
71828
79281
72200
93304
73605
85320
89474
87499
86472
86090
88727
86710
93193
67334
97646
69527
87740
77675
91719
89463
84309
90988
83542
93072
77244
81577
98001
80396
88059
67403
79432
76304
91706
89647
88117
85753
89326
80456
78548
91366
86861
78654
75572
69750
82949
89947
73614
84947
87597
84136
81879
74991
78460
81235
66705
78093
80057
98132
82918
88452
76146
71504
83191
91583
71665
85694
90482
91785
79980
70984
91490
91783
89724
87412
74060
66566
81872
97411
90743
88056
85795
80282
83339
85560
82795
79903
71518
86806
73556
88422
79882
96783
85228
78221
78915
66012
74144
84900
67815
88495
89703
96529
83159
68537
65597
77875
97542
78063
95443
81478
83663
86542
67461
86151
76940
88540
72332
71832
86116
97457
65653
69669
78180
80183
68049
73672
83665
87662
72495
77098
91581
66291
89927
87148
74969
96641
92536
86213
78474
85688
89205
88172
86335
85021
92475
94136
93697
97379
80454
96133
66892
85225
73476
96987
84509
92291
68490
98250
82764
77693
82054
90008
86812
94429
77684
92703
89361
84201
93973
88176
97793
84201
87069
86716
68206
85038
66092
68981
83731
73299
67840
82352
69565
87747
90601
66766
90204
68987
90493
82779
95322
85266
94604
90934
94251
91638
75607
86258
84262
67320
68092
97405
90003
81675
73013
67839
98053
85064
66626
78853
80106
89142
86308
79839
85344
74057
87052
77126
71242
90536
98067
77891
75939
90931
78379
85068
73747
88261
66390
95151
84160
79030
87830
67124
72551
66725
89380
76541
81835
80500
83300
65970
67757
67219
82201
93915
73692
75650
74838
67469
86543
86673
80821
90185
78545
72171
76362
82721
68091
95186
91098
69916
81801
83756
71497
86748
80294
74047
73042
81022
90377
96441
81787
75970
81796
74227
92999
85868
93402
88182
75181
80618
81362
65983
86729
82230
92553
68927
75218
66558
71948
71078
85324
80899
70950
75617
77694
86975
67191
86113
84775
70986
97222
89375
69741
94078
76441
91869
83478
71258
73218
71470
85754
66212
83899
83128
91064
70866
75637
85305
70825
89899
97390
86216
75794
88874
79170
78430
75934
69155
70147
65940
79883
90408
76939
78254
96803
77870
88849
82393
76782
87148
73979
80561
80678
77316
74227
75014
94699
94437
84797
89568
68280
80112
75592
93120
82070
76122
69507
80169
77711
72529
77937
88159
72038
73698
70656
78959
90757
88346
75287
86895
88887
93803
92014
69127
76055
73810
82594
90161
91337
81719
79753
79676
81895
67989
86211
90391
83774
79194
71569
98508
70971
75921
96746
76875
67744
75070
87756
71529
86907
93321
74961
94248
95833
72991
91906
86073
97207
86230
91119
92095
67513
81296
86784
83286
69663
89441
95238
89940
86132
90612
83221
82511
85640
96042
84630
67807
66337
71941
73112
98468
97006
98501
78951
73867
66492
93520
72032
78926
80364
84695
66563
90426
68133
97719
67658
92213
97094
87197
86073
84223
87199
91630
70583
76472
95328
89190
82588
77219
92753
95999
70923
68137
76484
81940
95746
74017
93641
81862
97327
90446
69280
77215
91398
75305
98164
91509
83472
95201
75078
74641
92294
79009
77863
85009
66334
88849
82858
82315
83493
69151
66457
69363
93646
82431
88295
92351
85706
90736
66278
84296
69912
94786
84154
76916
68895
82965
89870
77458
98042
77923
87557
70277
66579
93377
74611
95013
71411
92257
73038
74722
97624
86492
96351
66731
89224
76334
73533
85262
92134
67842
95612
70304
89539
95793
88866
69279
83574
97413
66650
91862
76207
88514
96621
97729
77320
94183
86765
69106
87773
89009
67124
70835
87134
87137
87565
85997
72162
80063
80816
86856
77439
93535
89076
96404
93143
94243
89280
77672
73524
83201
77506
94216
82136
73734
73572
87436
79246
94363
83708
74559
85637
78344
75587
80198
97118
75062
69129
81026
90756
87993
69671
95671
86972
72717
78004
76781
84221
87840
67708
97814
92545
83729
98733
98290
82716
75576
97236
73264
77261
87398
93192
69078
69011
89198
85349
84706
91777
67556
95677
92721
96021
91428
74377
82593
85190
87446
86566
78195
67292
71217
81214
97779
80772
90174
66692
73818
78628
67423
91812
94195
93676
80079
70265
97405
75694
81899
92545
71377
85487
95218
83599
85188
72766
78601
72896
89167
86724
69250
66224
90605
80669
68701
97774
83525
94054
74255
74413
77577
71575
85123
89020
96030
69907
92511
93880
94717
78974
79240
69760
97881
77263
70888
73193
76802
72358
67439
85171
96521
90847
94039
92348
92709
98151
68781
94580
98901
74574
86541
76689
89543
97054
95917
97028
95225
95852
92572
71979
83230
85932
68172
97096
95939
83530
84559
97586
74674
81654
72798
74826
90902
81471
87199
69297
84705
94563
89640
90808
94571
80229
92607
86680
78427
93281
96739
67684
80587
82205
94225
69179
73895
71904
98112
67266
67926
72583
75694
84433
74653
88533
73694
80237
96448
92683
85729
90871
88298
78520
80854
82082
91854
88019
71341
77611
67215
97799
81456
93124
78813
88142
91971
77393
66402
78785
84330
78806
86876
95663
95373
85296
94091
81900
78840
83460
76877
77675
74406
79862
81160
92431
87231
73243
84424
92351
80479
81072
67625
83641
73625
78092
88952
91944
93628
81363
81941
83960
70100
75629
67099
90345
76916
79030
73539
84450
93875
75767
66566
72585
84085
82966
95234
81424
84972
78345
71071
72273
92766
88720
80114
90398
93736
67620
82402
89298
87555
91434
97673
98604
95622
76397
91869
77150
98028
70091
73359
87136
88600
90415
72243
98186
93398
74175
85666
89954
79972
87894
88476
89779
94257
85044
93874
93151
93668
83188
68451
93301
75424
78015
79494
69382
66950
76224
85736
94005
85884
88535
77109
81934
95277
71570
72988
94361
94289
85849
94638
97966
75055
68840
80135
93194
84320
80131
86833
68003
87765
89956
94277
68921
72220
69881
80339
75054
83678
79436
76676
97943
79277
91715
89854
94611
77564
70921
85768
83932
92015
77644
87535
86427
69974
95657
92968
81025
75636
76900
91190
90387
87300
95069
81103
96837
73470
88639
76346
97099
78486
66811
97787
96172
97541
95349
72626
86424
94349
83836
67137
74363
72375
67584
84013
70098
94176
88191
80711
69182
94195
71105
95115
72918
67704
82117
86344
78530
88014
83195
97921
85254
79284
93876
88979
80539
75023
75222
73497
85188
70375
82132
77069
90527
67250
66525
92464
97530
75733
73812
67755
90985
81000
84097
75510
93077
66873
76678
74233
96727
72468
93588
98673
88582
78146
94302
93590
93069
90448
98254
96507
86976
91154
79607
82357
76400
89062
78156
77247
87228
70717
89103
83613
98859
88664
97292
96320
98296
86864
80774
79658
87725
95065
87154
86482
91635
96839
76515
94538
94889
72018
93126
68895
88883
75286
99279
87681
91669
98014
98995
89763
89792
66593
81560
97381
95403
84813
84937
79153
69798
93892
72879
77090
70764
73508
89597
90732
79991
88524
90922
79864
97304
92316
79652
70478
89030
69371
75075
70072
82359
67615
85627
71844
91309
80521
73431
83275
67859
83150
79650
98192
88136
83869
73447
78891
82491
69886
86685
96774
73016
68824
98843
75495
96257
73398
70482
71504
86561
84170
81210
77220
77437
82995
85773
85130
78892
93819
96180
86166
86408
77924
74110
85287
71045
82404
79384
69771
78658
94062
89786
78698
91102
83059
70814
79713
72333
81705
71094
96493
81643
94603
70046
96395
90512
78753
74448
81693
73444
84737
92183
90512
74804
76694
86598
92092
68358
79264
96809
72331
97962
70908
70332
97630
90130
75174
84891
95916
89060
98684
79802
93164
75468
72516
68694
87222
87063
68337
85035
67877
96894
93986
78568
85887
72511
67564
95456
93464
98163
93913
75522
81523
98203
69680
90891
72363
92540
84343
97274
67089
96301
86327
87748
96279
70254
84991
80714
79981
82747
78507
78216
71529
73889
93670
81679
66988
70865
84718
71861
85763
81267
77208
72843
97419
87356
74643
75791
74265
89027
81136
73379
72408
94096
85474
78910
96564
69238
97731
86114
77303
77860
83800
73038
76466
93942
85590
71540
99167
78609
77349
78125
86852
70574
75235
89772
92443
90806
83372
73264
97903
71312
98585
86142
97865
67126
84742
95631
73484
76687
73369
74118
86942
90105
72064
81381
88008
83748
68473
92927
89056
89127
73496
71089
70565
87245
98245
70989
76906
85808
73988
91607
93815
97674
68345
86644
69036
83015
86059
74783
93543
97887
69768
75934
89000
89058
77225
75188
67443
69333
70744
68761
79478
80444
81743
98727
97772
87928
87875
68694
99009
67027
70689
99178
66807
96346
82840
67947
80456
95723
71895
77142
80909
73614
76184
99218
68702
94472
80989
84773
95867
77742
84985
95016
85610
80760
91219
70776
87010
95830
80999
78767
81000
79303
78221
89939
75960
94887
67582
97869
67942
76616
70804
90780
79557
76741
78801
95306
81928
77971
78371
67743
79271
71513
67942
80278
94981
70146
71595
86413
76623
69648
78648
73536
81319
86579
81872
83448
70786
89114
76084
89600
70734
80009
91881
96601
89433
82860
93500
90286
91374
94123
77700
72842
76225
79742
71591
73417
67468
78851
71391
73805
93691
67405
78782
67314
97990
70207
80240
92099
87836
75866
93249
96622
67656
79316
91998
68341
99215
68586
67552
86695
97623
83831
67846
76111
68495
67012
79298
66987
99146
88994
86904
85023
88493
82614
76290
83627
68620
94485
85239
88347
86864
85777
68141
83325
75420
98130
74108
70872
86320
77096
76229
96283
73613
70943
83763
79188
92121
97236
71361
95522
94598
67336
94973
99437
98351
77043
95755
89684
67010
77274
89324
70247
81892
84964
77825
88855
83089
79146
87242
96362
82435
87053
93428
74484
95702
96716
75411
76546
73577
71510
90540
71704
94599
96348
85750
89246
83783
79019
93153
94678
73776
84921
98264
94225
75681
73341
97987
96035
84848
80772
95441
97044
75218
78146
89972
84248
81531
88742
71597
88257
91910
88561
78217
81268
79510
79303
95468
85018
92350
85126
86925
84247
74654
70104
98370
78464
92495
84612
68478
96904
80002
80522
76055
83516
73827
96622
99149
99441
84932
90324
81673
94458
83831
84301
71010
88094
67579
67953
75365
77385
94812
92974
92438
86017
93268
68447
89266
97820
79798
87968
89911
92720
72972
73313
85286
91980
76159
91450
85640
70373
99320
96638
95535
68115
73093
93971
69694
98046
82174
98689
88300
82578
83432
68424
89220
71291
92825
67447
83888
88909
72093
86394
95992
93954
73305
71476
94342
85930
68846
78158
76588
87646
90465
87502
83624
73334
72184
88299
71974
93436
86247
94239
79366
76896
71979
76671
86496
86124
74423
72008
75717
79483
92622
83898
82888
87526
95664
71977
87741
87232
92792
73297
96065
87235
94789
92906
95227
68745
82328
71804
72481
98560
80637
93045
72509
95000
95726
85625
90417
87486
77044
71673
71544
90126
87823
85511
76464
69572
94296
89192
96085
77812
79333
94443
99536
79868
88301
94714
94640
71350
93484
82799
95543
81394
71305
85417
72216
98851
80375
96990
71295
74328
79257
73394
91474
68718
91177
97289
99510
78212
94106
89370
97750
97968
79612
94662
72160
85488
84897
92199
92239
90980
84350
95083
96880
84666
69331
79075
96287
76009
71439
80727
94674
87586
97518
68765
70618
87043
92132
93545
73445
95247
92350
88935
84422
82523
67975
93575
94329
67721
70824
69273
78945
97530
87892
83481
94677
94784
90915
99148
77531
72402
70397
73356
91955
79108
87866
99551
88472
78646
68871
82383
80450
78923
91404
88950
93871
90205
73036
79065
79523
97710
70220
92791
91758
86498
93047
89377
71277
74604
91841
89867
93139
94023
67467
79652
89769
75494
76998
93859
74004
68205
86620
72930
68567
95009
98763
75120
78872
74269
79379
72802
69223
91976
79571
83177
82684
78979
77487
89642
71488
94503
98548
78409
69776
74158
74367
72647
78909
79792
96731
95503
67799
73234
68265
75339
81067
87418
94277
83324
71050
79109
93094
97482
69068
74557
67718
76568
82581
88901
73155
94940
71511
70231
77062
76590
78488
70001
91554
91935
79862
71498
85695
67403
90984
71307
89271
68018
92614
74812
95680
68547
82572
76412
76236
78522
81627
78710
74157
93740
70080
90256
67965
84192
77241
90597
96829
80865
72565
98806
75452
79825
77276
72092
85946
88192
79695
98370
82766
95934
74801
85072
93061
68717
73382
96234
77900
73434
73626
81371
77968
74573
69894
82636
71331
70110
91502
89786
68578
72331
84143
72359
69525
77960
85495
79503
79126
90070
81685
84893
68918
74007
94451
89759
81628
73633
82272
95928
70383
75217
74259
68692
96118
74657
87277
91233
81406
99197
81279
76733
71996
82259
93132
91882
73204
96234
83024
68105
84762
88180
92481
85254
89398
82022
84244
69648
94477
90503
95811
91212
80253
77895
76878
68810
85161
68691
75264
68536
85078
87910
76019
69589
93589
93794
92758
87593
74659
80031
78062
87028
94733
82307
88155
81124
76311
69715
72093
80266
71519
78408
81110
90639
90046
76518
71761
86307
72303
81545
98500
90935
90739
84801
69330
95724
92211
74719
89556
80843
83560
74064
75737
96310
73272
89642
90859
79774
81569
86149
82837
88055
88859
79372
84130
95593
71033
99924
78886
69449
89873
89964
71107
96583
95516
73909
84517
93417
97376
75763
70607
85816
98316
91301
78106
97977
88035
79250
70522
81310
80284
83109
72708
68670
96649
87290
98605
100291
81528
79673
82389
74018
77015
88099
84356
82001
85275
73066
76275
75700
78178
99526
69070
76760
73302
80197
84152
70499
80725
70371
75920
78667
69072
78938
93170
72519
82929
80699
98817
91779
70273
79422
96100
99480
76296
87510
78991
69307
100150
68361
94532
97588
74369
67711
98649
86291
82704
88537
89787
99870
96472
99652
70835
90381
98821
93005
94312
93690
73627
88311
72358
82707
73053
98314
98013
88978
69870
84399
74605
73455
70710
79674
87840
92243
98055
83271
88056
74321
91136
99592
87852
84689
87218
90077
97901
95052
78082
80165
88685
69951
99790
90709
85666
78553
81620
70983
95816
93175
77775
92372
71333
69459
80098
95140
99984
100344
68154
69957
77620
91898
84720
97659
68114
96611
75564
80343
81989
96880
67984
94603
85770
79358
99284
85885
87423
77631
76461
96922
94123
73649
92404
76909
82623
90705
69124
71152
73371
73484
72548
100002
88212
84598
71078
68057
82805
85438
89230
93786
92355
92898
85623
93223
91974
78111
80627
89240
72388
71084
92338
80045
94480
99495
78501
86435
69700
97872
98402
96197
78410
70773
73163
99205
88481
89133
79338
95435
82781
75721
95520
72845
80496
72968
71295
99488
77865
97162
90228
68046
81402
75655
87209
89128
95358
85185
71465
88477
72634
77239
86214
95948
84132
95004
69816
76311
93153
69511
94598
68857
81363
68460
99626
75673
76755
85323
85104
72351
76475
78375
81311
72518
70312
68154
73307
95666
92158
85479
79050
67973
79276
73456
70646
95405
89265
92649
100210
90239
97503
80877
90689
75018
88798
73871
79091
79525
92021
72723
77585
70091
84997
71135
77755
71977
73814
83756
84368
72180
77206
98817
81358
92800
90783
91234
78522
87823
89465
84933
76099
86247
77344
72901
95714
70567
79495
78618
82116
79066
84956
69065
86315
86477
97550
68504
75794
85918
74381
84933
77328
90518
72529
100087
96382
84408
88861
95349
92636
100250
77317
69526
78193
92532
87342
86393
93746
78711
90325
78581
96485
86368
93074
68307
72070
83532
72414
72763
76778
85710
100564
92525
96162
92479
97076
73394
81698
79957
68525
76177
84515
95223
75100
86085
94021
89168
97168
89455
90361
90915
89552
78857
82334
98142
68895
90011
82666
89841
95870
95409
87180
92896
95923
87436
75279
86423
68425
77592
98306
68479
70872
82462
79958
69070
69254
85179
83463
73635
89806
75793
79871
99666
75136
93756
70455
95740
76553
81031
89119
69476
87285
91616
85824
80893
82866
76170
68895
81736
97687
82450
81253
89180
84772
90244
93502
84678
75916
92126
77055
93588
94320
97477
78091
98477
74734
81271
96759
77924
95194
79361
83948
85836
94027
91314
89421
73293
97114
90831
87194
88823
96294
99720
69013
100375
79644
68395
95651
74888
75381
75928
77684
83020
87551
68341
89574
81883
80161
74147
71207
93627
84505
83056
81178
72273
94857
68110
87037
78327
89394
90820
96328
86351
70911
84835
72408
77782
70981
76924
78412
71868
77641
80336
93360
91635
92419
91656
74841
78214
80161
81574
72719
78124
83023
83004
83570
94237
98230
70363
72854
88868
89282
93903
83953
86773
90665
100745
74615
80066
87593
70365
88067
76041
89617
92782
71673
88240
79618
99686
81449
84051
93175
89194
87031
82397
77059
95693
82617
87125
76762
90115
78945
82427
74131
77913
91996
70804
90540
88548
96698
84994
73295
94391
94094
88855
82387
77145
96408
91819
98694
83063
80161
97004
69034
91861
72231
76534
99005
97674
91322
85668
98302
95853
76966
86693
100140
79051
85586
85714
100753
96859
99304
87742
83519
89203
87478
80015
89498
72059
92629
73229
81430
90787
96008
82937
85570
93649
89830
80800
96262
91101
78652
92848
96552
98049
76461
81225
72981
93579
84123
81495
82911
85205
80971
68128
88706
86135
80707
85785
75883
92603
88823
86270
71227
99154
77221
74273
86472
75077
75390
100099
95076
70958
100614
79905
100451
83623
92093
95760
75479
77827
95743
74700
93854
87868
78121
88910
72607
76589
75005
77916
68944
97537
85832
71077
92028
77292
91841
71693
77891
91417
100661
91206
69474
90595
70881
84640
70324
81479
78112
79138
72697
79257
84550
82905
89047
82807
99531
99184
97822
77564
93100
94721
93008
87605
89614
83499
82785
85465
98340
76901
95675
76084
78676
93841
72325
97893
88469
80341
94501
96969
92188
95910
75779
72631
68919
91941
86416
89966
93561
98223
76424
98891
80919
77231
71028
72768
78482
98487
94066
78465
76694
92624
74296
70016
91427
99598
71511
99100
77290
74087
94397
79125
98810
96964
76414
91076
88731
88665
100820
72969
79226
69938
97636
77700
71431
98575
86722
72200
68636
75634
91448
69452
93919
89846
76227
90596
94953
84706
80991
93296
81064
73982
86660
84500
100353
83366
79601
95016
74298
93724
78504
70192
80664
81187
100154
75022
86340
69065
89668
81526
81395
90244
86586
97187
74694
73344
95331
98888
83183
75576
95269
72394
99478
89156
84867
80556
71547
73585
70884
70475
75740
96023
93718
96459
94361
85159
68754
79185
70550
96644
91906
72818
77665
71188
71680
94956
96277
81686
89633
97940
87934
83254
89394
86672
88189
96990
99521
76742
90542
70736
81888
94612
99145
85490
86565
77506
89158
85224
99829
71349
88773
93672
69634
92901
89004
95818
85011
87185
93586
88927
79620
100017
80604
70660
84493
80940
89893
75895
72519
91723
76772
95337
92011
73581
73800
85844
92381
79357
71783
69390
73706
91042
96152
71839
94286
99509
86557
95056
79866
91128
88582
70148
82708
93829
70481
83659
82238
91140
70486
70837
73755
87841
85859
87012
93967
70206
81571
89061
77895
78948
86852
75841
80634
72320
69336
76622
70382
92364
79356
82763
88381
84107
91960
99756
80473
77305
71975
87219
97614
80514
82904
95040
71751
69426
80243
101098
93780
74605
94752
88142
72298
95200
85796
94631
93100
73143
72013
88992
95976
80400
81553
90214
90469
69040
70386
89344
84188
90357
71845
96483
93380
70668
70514
97217
97490
82788
93022
79267
78017
69731
74376
77111
68943
90711
90705
100459
96904
78767
91071
90938
69446
81771
79652
100550
79353
74449
77562
82600
69284
83810
94738
78468
78376
76044
96494
92640
80581
85153
96875
78902
79326
96904
68514
83783
90876
70067
96017
85427
91158
100048
69366
98247
82704
91076
98044
81558
94337
88917
90393
91467
73657
83238
72119
83133
74755
71145
81682
97604
78631
75728
69601
76492
78131
91972
81208
71463
92539
79834
101293
91816
88287
75139
69562
94957
93516
79363
100706
83964
89734
93860
74519
96146
99364
90667
71644
79543
85212
88843
99495
96662
80640
95705
92425
98700
100937
81920
72464
70015
90836
77494
78445
81009
81258
98862
77522
98900
89348
92431
89502
77600
98702
96294
82620
77860
79852
84567
100552
86937
92987
89306
81012
75389
72537
97188
87851
91295
89255
86562
89332
77558
99597
95277
70040
97334
76351
95035
100615
96165
87359
86994
71416
82475
69412
96067
90576
84393
76569
85396
72901
76428
94632
91070
77123
85922
69945
74265
81806
82988
96213
85780
69290
93236
96816
76329
91000
71457
93159
78608
69409
73864
68870
94515
91319
70469
94413
85859
95770
99019
82356
90057
71705
69304
100012
72735
94682
83117
85416
95776
72572
87132
89948
85052
69626
84450
90180
71313
95827
82520
99049
90135
99816
85668
77664
90138
100901
96405
82963
83950
84323
73264
86980
71902
86797
71492
99534
71269
96514
88389
95662
75937
96315
68950
84675
82692
70830
85160
84306
74573
76914
96003
74701
97462
99875
87970
88917
90991
89736
101444
88701
101452
96627
90752
77137
79035
80361
73561
96919
83704
99715
91410
74324
69252
96020
76612
75154
69843
74892
97581
80737
89668
97309
94795
79644
94039
97436
70953
74733
90651
85289
76922
80275
76773
96274
72292
69219
70471
85237
83486
76429
99904
77349
82877
90273
73905
85327
77387
69458
96016
72542
92186
77945
96608
94107
79191
88413
98913
76313
91362
69681
91908
87376
97117
72414
72225
101128
70788
76547
79980
73849
93884
101178
69798
89520
87278
78238
97296
82996
88725
88970
72485
76010
73238
71331
84616
75062
99665
88856
91196
74595
75893
72488
74003
100933
89880
93157
77417
85020
74631
76600
85009
89276
82010
83750
99984
86763
97356
100945
90505
80139
79946
70082
99961
86265
78794
85989
84901
85812
93022
82133
75600
86338
83337
78810
90928
70479
98769
85553
74787
76056
73237
76555
72223
81415
75297
81111
93287
73887
74112
86980
79365
72987
70545
93570
75380
93010
82398
78409
72349
78814
79016
82717
82437
94333
75207
81232
74820
76727
86449
71496
72377
91074
89816
80515
70268
70818
85817
98007
76436
77204
77873
92927
98922
95661
97427
89683
85118
74687
91385
100311
96601
77180
94807
85623
69315
70110
79574
69265
98101
74438
98527
86196
71057
70115
83061
89512
84241
83157
77513
86958
68989
78994
71688
73992
95138
89097
83832
100284
77311
96774
81347
69270
85441
76374
96659
99180
84978
72235
92766
94885
78573
89026
99716
79868
97301
73026
78231
101506
95686
83688
97273
79330
83340
83041
85165
80617
88723
97655
101479
82246
91231
82416
94437
96398
74173
76979
91010
79491
72698
82477
79369
75925
74322
85491
72135
81577
72107
82857
101604
78618
95364
75554
78323
87037
91944
81864
83399
94634
76839
72511
75656
71288
93446
74565
75527
93127
74550
84701
101711
94276
99651
71340
70525
90984
87118
99491
80849
100930
73149
71390
82180
78199
83249
99788
69596
69767
92856
89489
98047
94801
98629
101032
80133
83674
76125
72141
101584
98890
74770
77594
71712
93495
94773
96368
98402
84518
95176
73496
77257
95311
72626
97450
81056
88993
101302
71470
71903
98822
76966
75906
96252
89576
71380
79100
75011
83444
89802
95567
86761
84510
72251
71603
92446
73189
78137
72768
97889
96216
85927
86171
95704
100953
101106
77525
94816
96673
69628
74640
70690
94980
93529
98148
78951
84342
85438
71553
70573
80719
79542
88469
77305
83275
73623
87792
76144
75477
95413
101094
70433
97157
88789
90228
89638
69095
83685
80679
88299
83838
81386
100154
101581
90632
86329
70910
80871
81412
76522
82815
94504
98930
81546
81509
87721
92634
94736
86808
83518
90255
86802
74024
84044
88117
76857
76267
95450
95361
69363
99176
92906
95552
75111
78451
86537
98715
90286
94234
72229
80025
87872
89664
93599
76517
92076
94088
100769
74194
95117
99957
94386
87964
83641
69583
76679
99569
97979
72776
101404
92079
99972
81247
75524
75504
96861
76165
95998
79940
100384
93054
89800
76349
73640
73995
97592
96305
100230
101574
100232
84795
76277
98125
73202
85123
77329
88994
85628
93375
78147
80594
80406
83194
79104
94933
69602
95380
70835
99510
86739
73867
71671
79348
73081
96248
95498
88359
88091
90589
87934
100838
70919
79901
81714
90089
100134
78796
84865
89451
83667
93865
83641
72914
88301
73193
99791
98706
76843
92727
94289
94287
98480
100600
83099
86594
93664
96979
93262
92125
96881
70513
95486
77490
96965
77441
98603
89745
76151
79360
83315
82416
77364
89527
91653
93584
100044
79877
84057
72542
99976
100318
77087
76952
90047
95252
75381
71472
93092
98261
81500
82549
74850
93302
90477
71408
99691
92270
90568
83340
83468
77734
75342
100859
74310
98544
88592
93268
75225
101588
77830
83457
77217
82323
69381
101848
70437
71782
80363
77704
79470
83975
83997
94775
88597
98418
98867
78441
99744
70637
95985
95012
90639
78150
89209
100946
83121
70492
70080
93286
89148
84448
87103
88898
78877
98141
97771
97368
98829
90230
89958
72208
94693
100464
100983
70762
91059
71408
73912
83173
86029
86789
96910
88479
83621
98152
80478
93117
80670
82947
73726
87309
70686
86193
77930
100586
77989
73029
99769
95329
87965
92877
88911
76178
83378
92696
76371
88664
85347
76661
92772
91692
81241
80830
84615
98118
98552
70293
95844
76550
77621
79342
80819
74131
97191
79566
74737
86210
81376
93009
87639
99897
99069
100850
87564
99540
89468
100871
94362
100679
91982
93579
94367
98821
76333
88096
92357
97889
90672
71508
76531
71923
85661
98340
81861
90430
99582
83391
94778
100495
96887
77196
82861
87592
79702
83053
89095
75422
92396
96582
84530
96896
83356
82105
75985
88121
96049
75316
97070
99640
98164
93742
87667
88654
84735
77229
76574
79703
91724
97036
82607
88604
100625
72699
83363
72824
93136
87239
89510
89530
72617
81116
83973
72523
82036
81032
93282
97425
100620
71681
84907
87570
78317
76714
88909
92125
88578
81298
73892
88870
72120
100413
73910
82736
69719
90792
96290
75120
88978
76167
77651
85231
77149
85457
73465
93424
95230
76926
96442
87763
84071
70544
84004
83769
71363
71760
98279
101993
79183
74458
91969
71666
89451
86747
97209
71058
80625
74138
72464
86359
99781
91445
100725
92932
88493
71981
75768
99510
82019
69669
94017
74439
74217
94951
98946
82675
102173
77992
93866
93881
72333
83085
92636
85252
78732
95342
75551
96011
79750
93401
70231
70774
77200
89690
100468
99010
90179
98297
90089
101350
84427
72453
87391
94263
99899
99344
77995
83849
81955
75067
79358
97687
84837
97716
79708
93605
90692
80508
88656
90467
80062
85102
91613
96021
88604
73597
76983
78577
99527
87869
92084
81864
96349
79013
70781
74473
92676
100627
76937
91971
70399
88720
84044
99273
101759
73045
98987
98587
95163
75407
78004
74338
95554
80992
82316
71035
87696
91942
88744
93785
102112
92159
99392
94628
96322
96397
96769
94886
83437
79862
95235
84072
79062
92463
97274
73240
76418
91771
74416
74414
79384
93742
76211
89040
75706
76983
95562
73714
78357
75741
88750
97217
84535
94025
73335
100034
80289
79429
79701
92982
71326
80579
76032
75074
71379
73121
101234
81228
94230
69675
70227
98728
80772
96994
75957
99188
102093
98684
95489
88768
81875
100395
88369
95731
99956
73250
82752
96361
94371
94550
90591
93281
89278
77697
69994
85015
93723
96365
70938
75309
77797
83311
94332
90447
88614
92721
95522
90903
93476
70325
88216
73262
71409
90775
91801
84917
71486
72083
74627
87011
71024
90438
94985
76271
72950
75833
71464
73520
78809
77339
72540
94595
81812
75086
98323
71917
76839
101798
80482
71809
100711
76909
89079
87684
70296
83370
96079
81872
87101
96930
70697
80502
91183
94624
84026
76711
90093
76530
84002
70869
75059
75572
99487
101397
96462
82641
75776
70600
102318
92870
100317
71034
77373
102057
89862
99338
86511
95210
91065
92427
71962
85594
101912
90475
89353
82409
74457
85330
78412
78260
87616
79693
82769
98367
72522
79532
80185
75006
95020
86313
75492
80667
86267
73674
76366
93555
91565
80648
79903
91106
92224
78384
83325
71104
77369
70154
82981
75179
75856
81593
74938
76423
71530
74978
86876
100804
101831
99856
90749
83679
102525
91223
88048
93228
93477
86328
86083
94418
71636
74693
93263
81943
75085
88581
81165
83422
79220
76186
74156
74861
90630
99233
84960
96116
99720
102362
89724
84043
93821
90889
88643
71548
86748
95388
85243
73601
71617
71565
95940
79055
82275
96906
88488
91923
73542
95060
92019
83899
100530
72037
82373
96696
81251
95189
82021
93826
81538
81534
78296
95325
78804
100959
100915
96732
78130
81214
95277
76451
94265
78993
96376
84336
86594
102303
77650
93021
81556
91363
77911
96351
78041
91825
79001
70931
101327
80668
73458
88506
99392
101142
89753
96897
79924
101593
90100
83207
83557
101766
98221
71449
96755
81420
78856
78528
89689
83788
90228
70525
85920
92539
100192
75987
88787
76487
85583
72198
98994
88381
100399
96035
81066
91114
80358
97088
80389
85824
85295
82949
86367
84156
91556
74347
72793
73158
101403
92356
73105
72153
74806
88572
99025
102371
90166
73246
87942
70383
75536
90137
80756
74241
73923
96453
94633
84801
89320
84769
89007
100956
83851
79327
79110
91688
90169
81442
74449
70023
91994
87942
93136
70541
95682
93537
93326
80613
78466
102728
72668
90224
72452
94933
78717
81200
102743
99496
86307
87909
74951
94892
74651
84725
84145
85403
96324
94481
93589
102341
81093
76566
77933
89869
84223
87217
70717
77876
99649
74055
96748
77658
82107
92308
84562
70081
85046
75410
99986
79061
77058
78492
78506
77417
97327
94675
85576
78404
83456
100545
85984
94428
97692
86076
87547
86881
88327
102797
99026
80125
76113
85458
79387
72027
99085
70817
71971
77926
84741
77294
78109
71507
97068
72495
93113
93921
78804
78781
88569
98015
93473
90238
101697
93935
89278
80577
84653
97419
91086
70249
100518
86597
71974
73550
92856
91219
82873
90592
77726
95818
88403
96014
83359
77354
87435
90982
96542
88219
97523
72061
94572
82550
90257
81809
94176
84871
79251
96365
99626
71314
87358
78733
78052
96915
96552
84099
73578
72010
100263
90521
96748
81655
99465
96696
97473
94051
96773
94600
83966
82975
93682
98265
73288
98320
79671
98626
99814
97324
83843
92935
98330
86398
81214
91456
84658
91248
86463
86072
90074
79177
96191
80148
75828
72181
81421
98741
70443
83205
84612
81887
100740
81398
98619
71578
93749
77494
76795
70872
74107
76388
79350
84057
80423
86359
85941
76748
92472
95843
102227
102711
80815
76119
90345
74136
77471
84682
88905
77517
84356
101656
85231
89265
78549
100007
70964
91528
94941
80239
73157
97693
88262
78777
100436
72233
79351
77350
91277
73591
91040
84724
98892
80454
83602
88701
78861
92271
83285
84224
71076
95431
91252
72100
76590
92743
97564
70330
93255
82538
82405
98115
102269
86743
99824
76210
76293
81472
96818
95219
96173
93322
87311
77995
89874
85550
71723
74178
99859
93919
92285
81951
100997
72557
76965
78002
78632
73449
91519
101048
77018
88842
95480
86842
75787
81871
83744
86487
92785
91750
102785
74436
76029
86861
72880
76305
81421
74679
85025
85038
102371
76337
88127
102317
80726
81541
93884
101449
87751
83166
77094
84776
90455
77870
76220
97373
78423
99277
97919
75185
97537
71779
101004
77475
80997
75783
89512
93613
72613
91560
98845
72393
77413
74668
71877
84788
101758
85464
97124
88690
76786
80496
88378
91282
96293
71327
98777
79283
73034
94744
86581
86727
96539
77310
96250
98199
72141
86786
98082
91656
88131
70347
89542
82588
90754
96410
94772
80443
84581
101678
75587
81204
93329
94693
78563
72575
82860
79653
74488
77381
97226
94714
76905
80545
88616
87296
94323
94633
85277
86148
76868
78248
79949
97766
100037
93358
86304
88641
94391
88139
73587
70734
84737
84631
95885
94598
83784
92277
96852
102023
79553
100633
99520
97977
80707
94920
98193
102193
102049
87263
99901
78038
87094
74519
91181
85442
75969
79367
82728
101867
91252
87275
73232
85762
82759
101539
84940
86939
92050
96255
79493
93583
92891
89401
103189
75678
94444
83139
76988
78425
94505
93507
71957
71744
76321
82141
92233
97575
95075
77744
75139
93406
90515
70563
80804
97552
94397
98657
102967
83564
76008
76450
95911
96515
94447
79277
75183
102385
99212
77338
100627
92224
80566
94941
97678
81673
75053
83328
79115
88796
72275
89776
100632
91234
81981
76795
86423
78401
79882
72408
70582
101440
91251
70888
72994
76204
97956
102779
89976
93946
93514
90198
73725
77485
102894
102836
85902
94587
98433
73610
73434
100779
87352
80911
74446
95681
72858
92540
73041
87645
98775
81680
81458
97121
79707
98136
94302
85074
85411
91053
100183
102401
93263
82174
90337
87914
74105
92624
85759
102364
80710
94594
89629
98394
90042
79062
84879
79426
87761
84909
81978
75052
80587
83986
74641
97813
99015
91770
72388
98749
72595
103242
100403
86605
99011
92570
73513
100413
71680
102201
90055
102005
71843
102897
102206
100786
96643
76300
98370
85804
103178
99862
81851
77430
86927
99301
96701
103077
93151
96983
76474
81588
76317
97115
94454
76071
95949
75699
102972
80623
75819
100856
100816
95630
73665
101214
78500
83067
91704
94393
90574
97736
80239
98368
99642
87554
82122
78993
72348
84825
89037
73974
103081
84992
81641
92903
95367
72663
86677
97488
87426
81224
100513
87572
96512
90478
72647
72785
76983
74621
93572
86502
79133
103262
95782
87474
89632
86937
97061
102431
99352
85624
98230
94559
76026
83562
74654
74998
92622
83365
91204
73337
92259
78095
95243
91029
97601
98911
72670
79698
83423
93567
88845
101017
90902
95541
80215
87541
97238
78595
98120
82070
88088
87628
84165
80027
75795
73399
75237
90257
84915
87513
81410
95798
77383
101390
76048
71299
100986
72871
95022
99050
76420
81227
97915
84957
96417
72855
79659
99471
95170
87048
85466
91134
89219
78107
93215
96049
77406
72114
71525
84158
80158
102330
79350
74128
93846
71691
92761
83687
80018
100495
80094
88480
92942
98727
76663
80567
75430
71370
92105
71946
81742
92784
93059
101472
97091
82222
90863
90537
81474
86050
85447
97416
95479
84625
91721
94734
87224
94927
97933
82121
82803
78431
83991
84477
97253
97628
80297
94257
82445
99607
100186
98029
80865
97794
90348
81859
82495
97485
92763
90252
81446
77518
74418
102132
91686
94630
77090
93497
94229
101922
77909
82991
101124
72287
81920
71304
79217
83762
99512
96594
82879
72902
71174
87489
76515
92807
80573
96303
90975
93759
99211
102497
96372
95871
95183
100108
71571
99393
76970
85143
78870
77771
85593
99619
103213
87255
99266
79305
87067
84464
93260
87842
84130
75551
88052
94477
78267
90055
100766
74668
78987
78798
95144
82352
72595
80893
74437
90071
79911
71082
84745
97714
96289
94612
76608
76716
99286
100878
80516
86600
96329
83040
87055
97962
102815
98666
87373
88153
88531
90506
90677
74819
77739
98240
82906
96514
80363
92176
70973
100445
72392
85288
78438
74258
96159
82243
73139
86995
76007
95821
85871
84622
75365
84296
74662
88305
99230
72942
88632
83758
102546
83864
89389
86011
94887
71774
82248
93917
84452
79744
79071
91047
79455
91653
86250
102205
86521
90273
98393
101790
94792
92636
94635
78114
83669
81777
83644
82688
75656
98036
95966
77074
75616
81336
71468
94429
81767
88048
97563
102348
75238
80660
94034
84156
75221
77703
88252
85693
101013
91510
78299
89367
95202
84227
103519
85132
75267
90531
77047
101853
76355
82116
98151
77200
86949
82868
78043
83183
97236
76990
85114
97364
101465
87958
79423
98980
75792
101623
81924
73242
100573
80266
103648
80454
91547
101386
93875
71509
95317
81574
84479
97938
89273
102310
101370
73773
77513
77138
85729
97851
78292
71951
84110
100607
73637
83404
98125
86120
73722
95644
82156
93914
71736
72356
102417
102706
74588
81720
97232
81924
83509
80193
71037
85542
78801
77026
96447
102515
79413
74331
72166
82633
102224
78637
85631
81492
91698
103039
82981
91407
103546
95424
88474
91783
92173
72334
101910
82403
77070
99030
96990
76065
103434
100413
101145
76194
84082
93631
91615
81385
84815
73366
81556
76960
91697
75102
98164
88283
84584
73334
98926
92065
77943
76201
85046
89769
101318
73486
97686
73825
75415
101164
93957
92468
80443
79458
76410
78349
87942
80775
79746
72727
78720
94669
93585
84424
76893
77291
82069
84253
72368
73339
80849
95015
82651
83872
73449
91334
96970
90605
86329
95413
88033
73858
73579
84678
96562
74360
96073
97391
82420
103296
103887
86662
71728
81862
88965
72777
97214
73500
80652
78753
100720
72532
95734
71336
81549
71149
72667
80488
102529
94451
98216
96998
77010
73504
71483
85087
95574
98119
96557
102865
101540
100083
93423
81085
100040
98379
82201
72235
102971
89912
89086
94448
77074
94666
80516
87340
80501
94168
86323
87318
101459
77287
99211
90876
79188
96077
75163
73861
79631
86935
80847
94010
90238
80679
93450
92740
94382
98082
88820
77175
86459
92297
87190
101776
98300
86693
71460
75195
94587
83113
102681
89689
102824
85651
88969
86271
75086
77139
89523
77250
76485
96815
85719
99762
100970
92518
100935
73380
76620
89107
92607
78901
81960
84309
72185
84491
90264
82605
73085
95070
82567
71591
94647
78775
75752
89277
100939
89336
87207
88440
71341
102045
73952
74200
83436
80449
97104
89846
97486
86372
94217
101096
78370
98411
100201
74725
91474
72424
102732
72361
90936
72988
77953
98331
85298
91835
80507
79406
71289
103150
81737
75781
93102
102814
85449
85338
80054
91632
83992
97568
82120
77324
89164
86887
97476
88099
95590
77441
78791
75952
80002
100195
98812
95742
90705
76109
82357
81130
71881
101550
101050
94954
99611
88386
80864
80206
84454
86909
82654
87494
76202
80172
104029
103461
94591
86362
104014
95588
97287
78704
83584
85994
90273
100769
71538
83210
74463
86661
78182
77774
95803
91652
95670
94451
92677
82294
76395
80948
102816
89864
99340
84684
97518
72802
98740
71478
103689
95367
85863
99895
78132
102652
74406
74014
96273
95788
83265
83275
90388
85771
82541
93422
92727
72698
92694
95505
87535
84203
73335
99545
99679
93893
73703
96776
82636
82954
84726
97991
102482
98487
97464
76963
85717
80235
102753
90325
86330
95692
78098
75206
77782
99878
89843
87506
94246
89174
97922
88908
87233
93159
82731
78275
92556
87418
81432
101508
73773
90475
97866
83552
102594
101809
95977
97968
78546
78598
73688
100246
74371
99657
99469
100741
83470
95008
79136
98307
92017
76001
85409
95149
104036
80563
100271
103804
91789
80368
100934
73544
89591
80334
93145
73098
75713
100159
72353
99942
89875
71701
73524
82409
99926
95594
93529
100239
97957
75071
79643
79112
103294
87907
95772
98875
93886
88471
73516
79500
100556
104175
78874
82778
92436
75387
75722
92108
84663
77095
84104
82382
96640
104160
74908
94294
97051
92920
72991
76524
88193
81868
72461
94825
72631
102820
72347
81663
87480
98522
98506
85881
82096
80703
94012
97732
86634
103610
100934
81071
86796
103218
91464
74479
84994
94638
100665
75622
90936
89787
84358
94885
95884
96783
88861
92591
101251
87403
90564
87551
91962
97478
92080
85709
90784
84391
95059
83854
85731
99795
77685
92090
97832
74024
88454
102353
83071
97993
92723
77728
99606
73083
76855
86465
73645
73551
79220
98401
86601
95362
95810
91973
90925
77217
86791
87823
75526
80112
97288
101822
79718
102157
96126
92277
93555
103121
102893
90749
95457
75895
75953
99724
101149
83968
99033
77640
81611
102101
76857
86023
82803
103599
100027
100057
77175
100276
99830
81608
76361
87011
84226
78174
100570
88497
99978
94824
75350
96244
98082
92410
103182
93441
92635
88499
99254
86801
102165
91714
90832
80874
99733
75305
104040
77755
83416
81089
85506
103239
100262
102527
93393
80197
73194
100213
91177
74503
83136
93468
102967
78939
103888
91472
96496
89775
104155
102556
90439
100216
104083
83384
81571
77268
84912
99408
91792
103277
92736
99591
94388
93345
74558
101052
86790
89057
82535
88332
101946
80983
89673
95256
97919
98252
85661
101768
74861
74696
89302
82640
96825
98811
90874
102577
76076
98267
85169
73731
78675
90511
77468
85939
91511
82956
92135
73736
75087
98942
98850
90922
94197
101097
82764
87780
72855
91664
75313
101289
79727
95894
77047
81109
100597
78691
82419
97846
73043
90441
72385
90827
90137
102375
86419
98507
73778
89550
75977
95977
102423
83939
76994
87767
104002
100357
75762
71945
98790
83695
73013
97723
96221
75103
80995
98101
76769
90232
99621
80206
80384
103780
101383
92719
78922
92223
103886
94297
80077
102960
97547
92650
74691
72409
103920
88347
78345
82162
99427
94734
75731
87600
79953
95687
85919
103020
99397
81528
91495
74241
98873
90369
82459
95094
80556
100279
88910
100445
82420
92772
92976
85370
81878
100240
87228
81448
103764
99071
104498
87801
103622
85371
93128
72605
98348
96724
85148
78853
82371
90916
72686
91335
103126
100439
72844
91845
99543
82155
91277
90634
73902
77557
104258
102388
102481
103013
97130
84120
99989
90506
82341
98146
88388
84697
102188
94972
98671
99306
73918
103537
95749
100803
72158
92563
103589
79449
87099
93850
101553
85844
82800
80653
98468
94739
82157
93670
86437
98544
87093
74993
84316
95685
84811
99189
103940
81327
79718
101398
85185
98833
74220
86522
91700
99036
101790
83243
92493
91662
104464
73276
79969
73849
85853
77104
78973
89030
102424
102295
76537
97721
98182
102906
82256
79031
95754
82041
86831
77189
93664
92851
95947
87634
84494
73446
72568
86776
100760
90199
95864
99967
80628
72949
78352
87522
82877
75321
103137
100374
86188
78160
100214
91977
98755
74364
87578
100200
75467
75704
89324
87523
73729
91803
104501
87732
79629
82302
90872
78494
99379
96225
75211
96946
78797
75275
92134
83224
81913
92145
95866
100108
94863
74585
104004
86055
82774
81215
95073
84704
91767
81528
82788
75346
73521
76693
85414
85312
76495
103434
85469
101974
88023
72848
91376
72113
73093
100551
101386
96162
83831
100384
81390
89263
100778
84474
84618
98011
102565
72971
100558
86056
90612
73218
88766
82521
73944
80234
79814
96252
101181
99538
78158
100008
82668
78635
75151
77444
79618
75889
103589
76552
82337
94350
84965
98568
85477
73083
88944
93678
72218
86184
100872
89159
92716
95134
80675
98689
81502
91107
97086
100594
90687
103965
75380
94237
92123
95355
89423
96305
90926
97361
80862
86227
96734
89858
100104
90141
72489
76323
82975
84967
95259
80605
93881
75845
95237
98451
82107
94032
95532
86725
82102
75306
89534
89653
100983
86844
85258
93512
99801
76226
76015
102318
98270
102026
73621
91461
88574
88568
94556
102459
82879
97102
104210
103028
78470
90410
104553
72235
101293
84817
75432
98779
79061
92586
85920
100192
97918
93326
89314
97881
72917
92735
78639
98770
74444
81333
83504
92448
78704
82593
95335
99339
89464
103084
89958
90675
87321
75775
103487
76204
98338
100617
104507
82156
100420
90492
77263
85991
92081
76953
91595
89208
74730
87214
86229
99843
76497
93149
91414
74841
99846
90654
93235
85467
88176
89223
101759
100579
88602
102860
84079
76895
83521
86018
95054
78783
94123
102312
102961
100882
94010
79847
72238
102507
73920
96281
95433
91018
90645
88713
87983
74936
84071
95353
83111
84467
81874
87914
83397
80203
84272
75671
80352
78732
84531
97219
83271
86557
74673
92724
80560
72744
98878
91904
102513
95995
72960
87943
79347
95663
87743
98113
89443
84999
95548
76218
101802
92314
90820
79322
102560
96821
77316
91754
102780
91259
80927
72660
98192
92110
90366
88874
100659
98419
86504
83562
82686
82160
75346
92673
85819
76729
88824
99213
104858
86028
101164
75239
97062
77338
87150
89697
88696
75367
104510
81740
72746
96371
102446
95166
96143
103578
92219
82066
99233
83257
86877
104111
102459
94994
85597
72334
73609
100594
99559
83190
103356
80529
101600
98570
91394
78521
93177
93062
95157
93354
72581
104262
84690
81086
97928
97032
91822
85065
97808
93298
87012
101571
81864
85079
80530
91689
76490
84022
76229
74912
77493
87299
79665
92508
98559
83754
83750
74432
83085
76754
102591
85958
85889
83806
78429
103074
99156
89402
92755
87714
92964
74964
83939
101721
103503
102376
92266
83708
87360
83457
103639
76300
95881
96573
86881
101941
94770
96336
82298
81527
81233
74187
84478
75395
85979
72863
101297
94056
89786
96732
99304
85870
97312
74687
86406
102722
102938
81388
74794
104020
93032
88824
76711
88190
81548
76586
72629
77542
93985
100483
104422
88613
96622
99323
72667
72617
80955
88078
78775
89175
103651
91255
104660
75381
98731
104252
100021
95944
81490
91882
89148
76025
102122
82466
89373
99134
77030
104532
75667
75062
100979
90059
78418
89620
90124
81130
91836
77311
79944
77493
76631
95929
93687
91283
94847
73599
86126
74065
74072
77873
90655
85867
90887
75699
91501
76423
80930
102803
76734
74307
94820
73452
88785
88624
72870
83594
72786
92958
93962
77902
93099
84379
104314
94164
95774
95670
81489
86612
82192
88073
98135
82886
101032
94198
93939
102218
104601
79664
98204
97990
92476
89725
88977
73169
96994
83899
100042
74704
73064
90401
89390
84318
98828
83400
82182
101618
97662
83818
101810
76475
77883
83305
74394
84943
100630
95507
105064
77957
87575
98084
98933
88607
87945
104076
75392
96173
100687
93299
83110
105006
104055
75131
81294
95223
76562
78917
103653
75609
104514
81206
87562
92286
97940
92027
78090
95892
94864
81738
91086
77869
85903
101739
82835
83686
77005
83960
96923
87623
75967
98401
85538
90603
97959
94898
98452
98017
105061
104985
74749
76881
73360
93859
94401
73571
102597
77894
95373
99932
73791
90916
77197
100107
80552
90382
91616
97379
90927
74823
90953
79721
98267
77707
81703
83793
102687
79696
96935
101603
100270
94284
74552
72996
76944
75575
105279
79667
85878
99794
88844
86385
77643
76072
81421
98788
86283
93460
77890
83422
80088
102659
86001
93401
80203
104955
87963
76454
85256
103901
91182
103623
77461
74727
93052
102169
74348
91772
95980
93110
75598
82472
95856
82457
98523
101855
81847
82307
86112
104581
101795
98974
77808
75700
103421
72800
99254
86969
97128
98355
95625
91359
88467
90451
85697
103921
96691
76663
74825
90106
100657
85171
100598
78671
97439
87709
80407
82383
82161
80559
96846
81514
101610
75244
102046
79328
91860
81862
102852
91339
78452
86080
102859
77536
88893
102736
76763
105330
93892
77703
105042
97079
80756
81395
92437
105295
83843
74053
82985
76162
78884
79407
103549
77258
90367
79632
89866
81169
91102
74963
104990
84283
75945
79636
93429
78439
85396
104325
101770
97650
102295
93329
77996
86973
88863
96063
82004
77873
87299
84056
85046
89472
94137
86220
92310
76205
90314
86354
94045
94926
100995
93519
87916
94481
77293
91385
103984
90621
96512
80572
81783
96506
83220
83933
87938
80148
104856
99421
101211
105468
83718
99872
82793
76367
77334
97102
83009
92443
100147
74746
86463
82080
81451
102145
100438
82003
79402
73269
90276
91177
100841
103867
102729
81681
105507
80562
82682
77506
101449
83221
84689
97464
90998
76003
89831
102521
101797
96893
96549
104221
95010
94799
89175
82957
83518
86962
94082
102155
88391
80657
91000
103283
102583
104267
87721
95424
83372
86617
92988
93265
76952
93489
99167
91246
103482
103146
104411
83078
102605
91936
89323
86714
92031
103322
76110
85664
85540
88362
86939
76096
86828
75733
96725
97891
98770
98868
91967
78606
104087
77850
101489
89417
88047
99448
81324
88356
91962
80509
76651
77564
73205
77313
84282
77563
84786
95011
104139
91614
91461
102705
98119
85755
99265
91337
82658
92034
79267
93502
73394
100099
100300
100669
75457
74032
85941
91825
99937
87269
101982
76259
105151
93285
98183
102374
105403
78567
76067
102450
83703
82769
98058
82319
82222
78915
93934
99893
74184
83287
92304
82737
89259
94631
79411
75530
97875
101264
80209
82853
93733
83382
89998
98150
76544
85320
91114
74136
79382
88454
77882
97807
73722
87168
94937
99339
93177
98592
81051
78944
81326
82538
80642
82644
99537
92163
90805
91849
105296
74736
73261
73500
100769
101793
87218
93516
91478
87598
89478
84959
97778
102880
78688
91137
84987
80627
97307
83567
87632
86426
80048
76691
98749
81220
78178
98032
97997
86814
94776
80321
84447
75225
93104
86237
94588
98989
101298
80350
104168
81822
90819
84866
89335
81662
76155
97618
80162
85043
80441
84609
88794
79290
86805
80918
72989
84076
78870
89678
79430
102400
93606
75067
105001
98514
95042
99506
82527
93922
83574
81764
86239
95776
85513
78155
82126
79847
77173
104776
104857
102855
77977
75274
88128
78215
73650
84529
99061
76394
102280
105395
105189
94130
98789
82559
90198
88163
92747
80481
105714
102473
92902
93222
92258
105020
89536
90624
105247
83875
97844
105260
91013
84279
83621
82641
78122
81162
87664
85548
92781
89543
95262
83434
73810
79675
98271
81621
78989
99348
92724
83379
75228
104681
99051
82539
95898
98427
78928
104042
90514
77115
97954
96837
86289
91148
83908
89760
85055
83017
86837
87118
85678
102666
95810
81850
81460
73635
89210
88965
94966
102254
94307
85616
99782
77515
81003
88189
88239
78180
88097
88913
101837
105398
79269
82397
90210
100301
90973
101181
103463
75598
103914
97504
93920
75451
101979
81898
94259
87539
77984
93654
80826
80376
89665
86112
92503
93173
92496
88226
77768
92544
78748
102781
105851
80412
85543
102714
86947
101890
77018
77425
96139
80417
82552
97322
85546
79203
104657
86339
79353
97074
80184
89874
94977
96059
96566
105290
98616
89713
98176
98595
90381
104789
103719
93621
102978
74613
104207
105381
78074
99379
105378
98820
92435
83144
73925
105076
78773
100233
87563
86669
103211
74856
87849
76927
82162
93885
92843
86776
98832
100423
104677
74824
103847
91501
77611
96451
94666
91850
99141
75878
82575
76777
101149
103358
89958
99149
105659
78854
76457
105397
92787
95888
102260
88734
102237
92006
102838
97288
81926
94000
74888
89981
95077
75864
80574
75344
104465
102253
83388
100131
76209
103109
104076
96939
80563
83303
87341
75192
83521
80167
98861
74863
89712
82963
79482
105178
101051
79118
103797
77476
92849
80827
75080
85533
94442
100253
98681
92292
84543
90748
105408
97158
83258
84490
98070
104962
85452
85190
84239
86031
86334
77345
85353
100416
73322
103903
104421
87591
103979
85697
82005
84503
81938
88161
83191
78382
104283
86109
89857
93331
74783
95927
99709
77565
79051
86396
102999
92021
84944
78756
81333
105052
103836
76602
91014
90543
96970
105149
83806
94602
74389
98757
84609
83435
96659
80105
84030
89529
102560
74977
101502
75525
92183
74984
104604
98447
97097
82020
76407
95372
73767
88009
80326
102566
102210
89275
90028
98117
75766
87411
89229
83469
83169
77667
77855
85416
79002
75037
96196
104133
76448
80753
100119
82016
81041
104917
93892
82756
81821
82443
91550
100047
105017
92925
83947
78582
89624
99052
73986
91016
81495
105673
95001
73911
79352
85219
78168
82132
94865
80067
73778
104282
87877
89684
102388
103726
76788
87624
75166
81445
85167
103862
75251
104391
93551
94984
95948
95571
83462
94740
84657
83203
80469
105353
76458
82576
86720
91021
86611
78585
104671
91044
102959
101761
76918
93140
76862
79350
74920
77575
89810
76857
102759
102064
102814
87291
78127
84401
88336
81861
77556
103037
82913
101947
97369
86137
75498
90273
105506
102569
88889
93086
94444
92552
74340
105280
91163
87607
75037
91969
96533
85210
81927
81033
73902
103488
103112
73715
90338
105666
99680
93780
74954
90221
79801
89530
84169
101987
102270
74737
79623
99710
88113
91724
75808
90679
76152
87713
89117
74694
100280
74134
90019
76939
94949
102939
78186
74157
87961
101944
89073
93697
104035
86281
87920
93229
103777
99847
83983
97293
102417
76168
93269
100181
104804
86666
85987
80248
99348
84396
104034
93897
75064
102781
94906
106208
75030
82937
106116
83520
86584
92497
91587
103223
76482
76779
105166
88581
102402
101802
99985
103488
88137
98927
76021
94070
78585
103392
89501
77589
103136
94824
80083
91528
103108
104318
78018
84131
100415
89387
91877
75073
80078
77510
75199
79403
91428
79619
91853
90684
106180
77612
95417
75203
105422
78765
97744
76585
97561
82390
76470
87764
80515
82653
101720
84554
76165
84002
97315
74394
86539
89271
77172
95736
99714
102432
75599
87207
93234
106071
87891
86300
97486
88340
91885
86880
102985
79434
73677
80822
103404
75765
95382
104574
91046
74003
98778
95065
100003
93168
105285
96654
80927
79271
80152
99244
95869
94950
88537
82033
92819
98801
76873
100075
76105
77290
103831
103389
96098
96079
92115
79460
87961
83396
89253
77786
97008
91923
75839
84731
101189
98161
80016
93766
99366
85763
95419
77222
101862
94368
102599
106322
102128
95705
84376
96242
91996
99382
105758
78339
101056
88003
86732
83068
93257
85707
92236
76978
94474
90852
79473
85881
89235
78635
90733
95628
93126
99281
94020
91951
102886
87767
99200
92946
101361
98837
79655
76921
81456
91777
97770
85146
102412
76974
98719
74566
80419
76435
98545
94924
80539
87694
99926
103195
91062
93097
101186
88102
80039
74523
88987
79757
101541
75538
85356
94585
104509
74415
73949
82119
96492
103250
105571
87658
85741
81689
80180
74762
93520
95395
95230
80369
86092
96282
103896
80936
85462
82288
100729
78557
78962
94184
102567
80392
85066
104153
93683
87119
93821
83887
87716
91430
75449
97586
82161
103994
103180
85003
90739
76816
95735
97411
94937
101865
77509
94607
100062
99562
101402
98570
104312
95865
77007
74049
100690
105962
90877
102324
84093
100699
85336
87323
85091
89564
105151
84648
104444
75476
76817
99468
100932
79008
100417
83388
103148
85628
87725
90357
106319
80807
86955
76541
86953
92098
95077
90669
91267
75385
75496
77612
74866
88678
96119
74493
104961
99122
93221
87612
78316
95998
93603
101796
90511
84737
105558
100309
85405
77682
85164
88148
84245
82600
105905
95188
82034
106368
89565
86452
91427
76543
78384
83656
77114
91448
78722
97628
97128
82288
95764
77430
99113
84353
77674
98396
81212
102524
93789
77398
98390
80018
104812
89525
102935
102453
75603
82964
83005
100986
83423
99038
94744
104130
90880
89105
94782
105369
85024
74817
86143
104670
87987
103903
91163
79141
85263
92603
103987
80473
97918
88264
93310
83366
84370
92959
76861
77461
94649
79943
76145
92537
100625
97460
104011
92427
88958
75917
91876
82769
102393
84915
105774
105924
95275
99070
102699
74929
75322
84682
100700
102880
102627
88754
79741
99956
93641
93851
93551
80914
82444
73973
106102
86341
100638
80445
98468
79137
98770
104902
90773
95783
86454
105402
100701
96361
94883
106587
76479
87791
106130
104591
87968
95320
77233
80796
92858
97988
105143
84528
85909
92914
74100
98980
79283
76454
76716
76417
99339
74318
98341
86340
106682
74212
92159
77918
90356
91414
81476
85119
79168
89765
105920
80916
91621
86795
74003
79631
95135
99936
92420
87014
94359
98686
89368
103902
91538
78436
88676
77961
104297
93144
83103
74893
82105
100433
77179
104872
103387
78867
99893
104945
104727
74396
102251
103009
81172
78655
97071
81041
74643
84239
95577
87493
103005
88574
99873
83754
100474
96582
99053
74588
87460
90376
98663
105771
83452
81715
98515
88991
79355
84392
81312
85818
74410
89500
90940
93308
100886
77373
102445
94125
77822
83608
90206
101846
105168
90810
94646
79633
89300
91157
104175
85506
97702
91430
76966
96422
104425
77909
83118
93771
98106
106013
105386
91872
98915
106092
101595
102255
105937
94541
96310
75752
78409
86724
85690
77344
103382
105977
80128
80409
99590
76697
101396
94084
94805
94074
98435
75908
98794
104830
90037
81333
84865
81337
105341
102253
85161
83926
99311
78914
93487
81334
102258
94412
75738
103771
92438
89260
76632
74245
80167
88268
100217
89242
89090
80617
80539
101195
97063
86607
78694
101493
81040
76260
105145
84165
97345
76648
96739
102560
82977
100347
102679
92354
95752
100832
94746
100901
89113
78720
78655
104740
103250
85938
85653
88032
99425
87865
98655
88035
89785
85902
81860
93955
84454
100065
102600
95113
82205
86362
91771
99219
85272
76708
83568
89015
102433
91820
87665
98537
88172
82086
106865
82335
76969
102226
75970
86579
100058
89981
103817
100488
78178
77258
106094
97008
96863
105650
95640
99917
78138
84938
86744
98167
74365
78916
93732
103390
99812
77497
97864
105841
103094
99878
102360
93630
77397
80948
84073
87130
92436
90812
92672
91267
81226
77450
76491
81412
83109
75617
79119
89433
88000
104768
90978
79636
84983
76516
101658
74367
82810
81294
96005
87939
82848
96774
80987
99272
99710
77536
82928
80670
79033
91134
103854
83740
102552
83798
74819
104966
74589
87797
89879
92404
99286
93252
106625
78129
87343
101515
85050
77026
96522
74419
78354
97000
75729
99920
100577
97799
90955
95199
103873
79687
96110
88651
86906
106394
97653
106935
77374
83136
103730
85879
75671
77160
84132
76639
95901
84120
85452
84545
96364
93262
105149
106929
99541
75624
98291
100619
97108
92865
81125
84920
105538
85405
82653
77996
98892
94535
104968
105267
86052
83960
105673
76014
91766
82683
97619
94488
79390
76815
84343
84238
98968
77325
90298
78351
75960
86218
102571
87104
81307
93247
84852
76531
104925
87783
76974
83496
75020
86889
82042
83284
95581
98679
82125
94050
104350
87542
81163
101368
103276
89695
90072
90619
98214
86885
83755
98133
80674
81624
74403
77302
105886
80073
101407
80408
79097
98287
85641
93640
90787
94537
102130
91554
93522
74501
101348
74460
88822
75425
91891
97926
75504
79440
76950
90639
75902
86431
101941
92428
81274
101720
98947
86069
101701
105126
81934
87472
96254
84347
83477
93843
99831
100911
92057
95652
93033
78442
101558
79715
95334
100675
106036
98122
93456
89769
85850
100947
88585
78338
80386
99003
103722
76819
98547
92421
107128
94240
93290
101955
86355
100436
79098
99217
97777
94563
94358
74466
100107
100717
87533
103679
84950
91686
84470
96460
83509
87604
93131
102349
103725
102872
103098
103402
101273
89809
94873
105071
104223
76669
88667
75863
103266
91458
82145
89034
89465
101932
103442
85732
80801
87511
97838
104376
93486
80272
103775
100757
95944
94135
76178
105352
98003
107111
74884
104481
85551
81242
77856
96890
84258
86790
104200
105590
95378
89356
103282
105031
88952
89043
98357
102195
92305
104816
106531
102295
100439
103370
94106
99372
75567
86523
78934
84617
90084
76025
81801
81641
93780
78709
103982
103215
80489
98563
95130
104231
102219
82044
88660
87567
86740
92576
75558
77142
86341
76288
88692
82083
94519
104732
101325
93977
91092
96200
80832
77274
75078
98004
96241
93129
90480
98539
99692
90773
102620
91068
99640
96499
90613
78936
83760
105002
82551
88795
81678
75477
105763
78159
85961
90852
106423
98765
90401
99557
105757
77797
95095
84610
90083
102721
75235
79434
98539
80260
90753
88756
104036
81272
75019
87648
85752
78185
102317
91553
85319
91852
82452
77113
87957
77093
75465
107107
77759
104999
76477
78871
75636
105756
103205
104841
83105
90503
91527
92659
100909
83208
103957
90516
80103
91265
94267
96248
105661
99447
93556
76667
80430
88251
93793
75273
94210
94025
100892
106279
90424
82544
92106
106295
80704
79411
87663
100343
76906
99568
104199
99916
106143
89919
101586
86334
100943
82717
83951
88643
95658
85578
106028
86720
95251
102383
83485
76493
80337
105860
75883
93497
104456
93937
88943
105677
95464
83443
97535
95957
103461
74946
89736
81629
82855
104433
79709
96185
82050
87957
86351
77256
92200
99241
91006
79481
100830
98225
102255
100621
93292
78238
78942
103583
89113
75762
101589
79714
87254
92964
84605
80683
105658
97862
74805
97071
90798
86757
100961
104205
79210
78897
95620
87823
91808
93533
99090
75180
77430
77641
87167
82514
107322
96607
91292
102755
88401
100795
83747
77182
81777
104590
99984
105983
101137
90820
103475
87753
84253
83940
97924
91459
91885
98104
90550
93856
83832
75823
83599
90980
80069
80383
90998
101411
89507
104078
95182
86924
90010
83091
104834
94631
97569
103672
97505
89179
83985
79748
106157
106803
75866
98998
102510
101474
95989
94964
100108
82180
83226
74981
97181
75430
107442
85787
85628
86025
98063
98037
106651
81699
90843
105667
87834
76391
80462
97068
97560
75590
90276
95693
96201
89590
103887
90915
82120
76402
76649
89515
105135
85698
97772
75847
95206
105084
101925
78308
93112
76683
85734
97370
77228
76847
97020
92819
104210
78405
100192
80368
88796
107465
99762
76520
104367
83097
101090
105715
103482
86395
93745
106918
103879
85090
95320
84767
99599
89581
80646
80291
87379
94257
96400
76934
90536
91832
91108
105035
78995
104393
88256
103437
93653
92906
101409
96286
80520
82084
91389
79853
103275
100230
85300
79149
79227
107117
102085
96819
100547
99330
102717
86432
92532
107395
101238
98625
100152
77511
97661
76851
85700
105852
100052
106571
102828
100788
93402
103092
90236
94624
91527
102362
84740
83610
96860
107143
97011
93545
104346
95820
89256
103361
105395
96547
84548
98058
97022
82002
93444
79970
84910
78995
84174
80357
85509
84337
75273
98604
83141
82933
85426
76563
78312
87170
84908
97472
84880
100350
76632
97761
81217
87090
90726
100404
100686
82804
89579
94285
106129
99203
91571
76692
95839
89010
84440
104333
85691
85577
102035
83548
87242
92456
100947
95368
86920
100781
76300
101375
80568
104408
85970
88154
102945
97453
98214
86115
77047
88026
85648
104660
78232
80026
83950
107618
84345
89561
81163
103674
101727
82329
78579
82507
98770
95124
90758
100740
79822
100131
97996
84575
91581
104542
79240
79198
101538
76933
106000
85844
97687
94623
100955
85544
86905
106848
93788
78550
79074
101200
86414
83126
94807
100906
98001
86529
87235
92290
91764
88465
77860
96427
91795
98792
102021
91096
93603
98676
100140
95361
76619
89106
103956
90121
82805
104912
100254
86941
79782
88823
85123
84063
96906
93513
84493
90820
90580
83591
96903
90426
92741
100406
94706
89615
98825
94371
105209
92302
85322
89381
81959
80235
104704
82338
79192
99937
94214
80212
79213
80153
99955
103629
84036
101710
93991
100665
83176
88623
85924
91364
82948
101124
99872
93436
104094
101141
95704
84119
103681
75975
93606
105719
88571
78857
89302
81677
81481
89070
84534
106045
75856
102299
82284
85089
99342
91748
76428
83728
96079
86834
81898
91680
75300
75560
103981
103273
105361
75654
92837
77772
76422
80589
76767
84341
88848
94500
94326
100188
79825
93178
86059
93714
102318
92397
86840
90554
98247
95210
93154
100693
88492
99478
77390
96068
80334
101101
80533
80647
90675
77609
101658
81995
77166
84198
76060
106276
77263
86403
86407
82327
85207
87499
82960
98907
98030
76501
76416
76000
89944
92712
79440
91793
84070
96547
105079
80215
80873
106397
87936
87902
77804
94664
101855
100379
103331
102747
84613
102030
106654
100848
98738
100548
85058
85162
76811
92321
93562
102172
80364
92636
92842
102758
86271
76107
99301
102305
100366
82273
101727
90750
103701
102389
77349
103209
106908
100676
96011
91764
80195
80954
91622
107313
99999
93165
76028
104415
86596
90731
79545
107402
96291
90293
101796
83436
83735
86027
77969
96984
97978
104554
78615
91353
89981
82004
92740
101142
98552
80335
103824
77432
90750
98480
103440
96783
92661
93721
96748
103090
83172
91457
104979
84454
90062
81267
88109
96258
92095
101722
87762
82320
100900
80763
87545
84981
91871
96259
87475
107861
92315
99267
86297
91057
96093
92281
107906
81746
80220
99921
96762
76907
87571
105131
80624
79866
94100
107551
97839
76783
83487
83902
90896
81552
80371
105371
82669
86300
106340
96907
83416
98734
104750
83240
77709
103525
93449
78876
96422
96194
99966
106396
100366
92241
105464
90162
106680
96140
76318
76992
87953
96764
80224
104898
107955
106657
106960
105939
92891
82324
82228
81779
95261
103403
87897
86023
88790
90845
97450
88097
85987
97319
91904
104706
75536
89517
94396
83805
79571
91749
103956
90974
90171
102001
89258
86507
86819
92811
88419
105258
90795
97958
84086
94787
97769
107474
93123
92775
106715
99681
107367
97553
86432
96584
95373
83339
97768
79816
94854
103861
85162
79437
81437
83970
79893
76182
102180
94915
99272
94998
97363
90280
90949
97690
95571
94851
91299
85293
107285
85584
95108
83512
107112
98163
100423
94190
85195
93248
87935
79335
99199
83136
103843
93451
78049
85682
107271
106418
95223
78545
78858
91402
76361
77653
84369
83896
84978
86972
101813
98242
85494
76234
92345
99244
98006
94159
90687
79073
102754
84008
107195
76629
84431
98824
76071
91241
98569
89977
100601
88335
94794
97437
83026
81710
100076
80954
104056
96840
103548
89461
82566
98138
82191
106206
80482
77827
98777
103085
78320
94441
92155
100427
94853
98137
77725
77589
98975
84525
83261
87644
95699
86515
79174
93872
96518
87115
80357
77918
93920
83601
88856
101175
77950
91068
87304
82835
83559
86406
80024
90262
77250
106702
96830
85938
97734
77114
90898
90477
98673
106528
104484
99173
104829
105127
76819
88977
96912
84777
93915
75977
105395
94684
94191
101513
92421
104626
91784
106994
102064
98941
95292
99857
94237
103767
95698
79204
106340
83009
87637
90778
92423
80906
104551
76443
83935
87923
100824
84424
87382
106128
87415
79492
100823
87409
91944
83187
90499
89602
87607
79873
80166
94512
84460
91047
96105
95053
101472
83050
87625
92086
81806
77860
90311
83891
92333
99334
96481
82078
83390
95198
96706
105800
106849
89750
84534
89752
104684
84989
95072
83829
100542
96203
102319
90086
103121
101855
108046
78712
95119
97226
83291
85729
104679
97169
95259
82146
77727
80815
84076
107122
105196
84058
80954
92696
100928
104967
102838
102041
106851
93488
89092
81107
91845
83797
98356
107753
93203
85313
82548
107168
91400
85646
78724
83209
106630
76395
103018
96609
104421
94621
95846
89397
100491
92612
87336
97225
84924
87520
80193
96955
90292
75795
81112
96740
89331
98473
105630
76415
79577
106069
96004
90509
106098
107453
101291
76152
88211
87609
102171
104182
86054
80344
91833
91440
86466
77477
90355
105764
107903
95016
81342
85063
97032
77871
105282
101999
89073
94670
105171
93937
104523
78244
86564
91398
90486
87648
89271
94068
100151
85124
106904
103274
101130
105577
106827
82603
97722
106883
90115
93422
88878
83687
81941
82053
88198
93450
90283
89662
88167
89292
87229
99463
96658
93109
83517
95701
95164
79230
88466
106054
79514
102099
91464
81029
98107
103767
86534
102894
87962
98537
79552
89586
78964
104998
99629
75965
107863
96814
88700
106775
84732
96171
84035
102792
100310
91408
76216
78016
106219
99359
88355
86325
79075
86702
88467
78862
91998
103594
84176
99136
93835
81756
77202
79607
97527
76267
95728
92727
86434
108323
80411
90819
77912
93300
104268
86078
78910
92734
79611
99984
77996
96588
87634
79755
103482
98718
90593
94159
98846
97899
96659
88810
103861
99174
94433
103108
99423
108353
106309
97851
102800
96111
103666
99082
100644
88367
100290
102127
78835
97222
101488
80909
96934
81931
94215
103567
76489
80169
83354
80270
102945
76449
97334
94516
91199
108430
102677
90146
106069
79661
78356
94736
89417
107164
91239
79283
88584
85986
99212
77796
98333
85552
76925
92670
86658
96103
92458
81800
103093
84697
77862
77588
89615
91476
101537
78438
79186
80477
98966
90585
107137
94905
99141
91903
94452
103474
99812
98952
76715
87703
104594
76133
87523
84485
97676
97581
102887
78437
75939
107455
76329
80950
78062
82473
77969
93837
101052
106184
108565
97881
105932
77489
93322
91884
101313
102992
85177
93111
80592
83279
101046
91989
96444
99769
79469
101324
84484
79456
104062
96271
80219
82044
103243
83655
80728
80020
88142
96850
96879
84642
106417
92684
106272
78194
89112
103630
92270
81227
79042
97461
108691
77265
100304
94245
96754
90922
91876
91149
81997
76384
82414
82796
84536
76038
78915
88084
108237
76831
108528
77998
99234
89659
82765
108542
108280
76003
87253
94568
88629
83255
78132
85683
88213
81878
79778
86798
103964
95230
94320
87888
94927
82421
96736
99204
77347
99495
79674
102821
77494
101008
95772
77222
94781
103900
97810
104117
80317
108493
81510
91585
83455
105310
101946
105786
79934
86822
78547
91672
92962
97918
106552
106014
88050
80358
108540
105312
89093
102053
100952
84227
94841
103856
105853
98628
79400
82381
98087
84155
81880
103672
99446
85729
79026
83206
89082
88017
104694
103304
103948
95051
80620
89330
100197
107774
84510
107261
80361
90631
93892
104009
90052
100277
95616
90951
97464
77711
90955
83542
80309
99480
99759
76588
104107
97745
86840
88952
93852
107008
77861
98501
98805
80048
93026
97698
97054
101497
100283
90624
106832
107137
107850
98011
77223
101187
106289
89373
95864
77967
78223
105407
91364
83154
80812
96561
92333
79768
94839
101372
89673
86863
104243
93862
105269
92238
99949
90837
103564
108822
78641
77752
87000
105431
90749
81827
77352
83254
80630
82169
94563
94285
97498
85583
97243
79859
95798
90574
94757
79166
100185
104409
100137
96071
84872
99568
100981
108589
80371
107221
78039
99165
86760
104685
84778
98576
77127
91112
89968
88853
96310
106661
88097
85712
83221
97871
81347
82051
77237
105421
77499
107468
76484
87129
100707
85359
77452
81774
97372
102998
88030
92136
94502
88022
86344
97895
99565
96564
77966
101108
99238
108136
92760
90599
104795
106528
77353
90119
77251
95496
81552
78324
106006
107593
104866
76482
84255
84303
99751
93671
106899
79056
87572
94295
80545
104202
97466
103661
99018
106316
80700
92173
106739
79031
100550
81544
108473
76870
98300
80831
103172
106508
92465
99084
82911
84925
79066
104541
93831
103024
96834
78882
77505
102819
85631
101994
79473
91520
100260
91464
84585
98911
81976
82556
98687
83851
77543
83023
96738
77641
108152
93631
96430
81942
86527
82396
108477
107313
98644
77426
91585
99417
104899
100840
89231
106200
98053
108648
86462
105408
100463
85057
91505
107893
87658
95625
78705
87147
105507
87302
100991
88369
78212
91727
77288
100271
98658
95534
87385
108460
108536
102985
89845
77459
87444
80641
92069
83574
84368
80027
81327
83539
96644
96925
90507
98198
80058
94331
100594
99552
95202
108147
88119
85511
87303
108982
83418
89438
91074
96200
89179
84534
95662
97577
85580
87204
99099
91957
102570
91781
78855
85321
94061
107968
80202
95527
86110
97227
83472
79516
104489
79473
81292
82528
91571
107986
92395
86077
104365
89003
84359
96371
86122
94167
88926
80988
93165
93718
89026
98892
105543
86286
92242
100539
106528
77455
100904
103590
83859
96539
98644
89906
80703
96934
91273
99987
80282
93338
92439
99884
81545
86302
91929
96759
84270
94616
93680
78120
78849
108144
97520
87053
86819
85016
78936
106809
85231
100681
103048
99809
90321
84623
102766
103814
102491
104199
79938
107732
89749
107111
95603
101323
104853
81984
87265
86812
90704
105600
91724
86230
91824
89403
92172
96321
98791
102827
100867
90378
79618
103029
89297
84385
80321
79661
82246
104672
96678
99613
93213
107245
90956
80706
86503
79201
84986
90008
102213
77482
80760
78232
106842
107694
100385
108030
98944
89776
96570
85967
98106
108152
91010
88731
87915
79022
95242
96767
98245
81032
105799
94831
104323
88741
88678
106290
91739
92984
81119
104878
95918
101224
96333
91622
106499
84471
90237
84033
103859
84770
101829
108685
85477
91081
105367
108099
87229
94160
79189
82445
90065
92101
91495
82053
79325
96707
88716
109120
81591
108950
104301
101643
85893
80927
82040
90740
100141
94714
97259
81805
85773
87391
104495
78316
87021
106310
93288
93686
101169
96207
108362
78430
104531
103904
98350
99560
108177
98832
97893
76915
101091
98500
84684
101430
82480
92055
81824
83018
106433
90624
109204
80744
81910
92463
95521
95733
103224
95031
108318
89659
103726
105842
96144
90618
99380
87585
90051
100639
77065
84308
91290
92627
106183
103690
100899
105911
88857
100504
107886
105582
87720
95055
98464
106333
89558
83545
99651
94894
78255
101860
90336
87963
94492
99715
88016
89065
107098
84944
80463
84658
94379
96599
77778
105064
94796
106159
85147
97303
101030
93674
107914
94186
81096
103216
87606
99057
98837
98470
77116
104993
96570
78228
94935
93853
98660
108744
97713
106292
103855
77365
100857
97066
97505
102368
100022
92731
106840
92669
85339
103901
107841
80468
96155
79814
100107
82666
83838
78254
92699
98270
87477
86614
88002
78993
96811
93129
101484
87049
107228
106209
107802
84120
101610
98318
82194
89784
103405
96595
93140
87866
101259
101777
90961
91296
87882
90376
101976
104391
79009
109339
79697
98249
93013
95571
89901
98593
88067
84903
81053
108560
99576
82427
80770
96832
83273
94950
102565
101288
99873
89016
79273
88751
84565
80316
90430
79764
99390
85178
85911
80653
82375
107200
93981
102446
89797
86306
83301
103821
78215
81600
106591
104868
91566
91015
92113
79478
96575
106811
107268
102518
102391
104819
100030
97444
102623
107749
106351
86521
82464
85987
93103
92677
87831
98342
97000
103639
107692
108491
91216
99357
94176
108955
109083
94604
101030
86671
89326
99458
78580
101523
103318
80618
92185
77451
101114
88417
109137
101780
98894
108182
88215
78732
108426
95735
106682
89812
108571
83338
79283
77652
80344
95000
81974
107712
77879
85137
81287
86554
94657
98220
82063
92793
90563
77006
84271
101128
102983
106797
107988
91729
86594
97333
103244
79036
93199
82987
102104
101970
108572
77328
102018
102855
92132
105672
103344
97464
93469
105339
84986
104753
106802
87868
78905
107634
94451
89064
94688
103155
102540
104529
87696
87461
80819
93596
82406
99451
83494
85480
87448
102953
102485
77361
77760
93484
78939
85875
106359
78346
98099
107282
100262
86747
100905
85625
91161
88072
100494
102913
107733
106067
105904
104213
86956
79383
85770
92565
79886
83921
91831
106615
93474
106976
88621
96692
106005
86921
100647
93538
89267
96574
92387
97309
83508
106016
94094
81068
92760
87746
87037
93410
108726
96560
95645
100801
96336
103984
98477
78566
85356
104391
107178
89377
102815
108799
90891
104547
90667
84712
95279
93405
100491
80605
102548
103270
90443
101896
79945
101661
107805
108073
90790
89680
84010
91026
96314
94365
91046
79990
108805
90199
89511
98660
94951
80172
82743
83727
93273
91652
100519
85328
108379
88107
107559
103278
82093
108979
79508
108956
94018
81684
79505
98243
108530
109590
86489
102786
108911
90097
96468
103284
99450
89266
84072
99761
95319
97760
83473
85911
105342
103008
107060
84170
96403
85398
95408
86905
108440
86989
108471
93155
82786
91609
99548
86298
97097
94202
104556
109319
78116
98308
89858
86447
78709
91837
94550
104884
92128
100487
107094
84511
96738
106815
82808
106332
90559
98148
99150
98182
87996
96892
105051
82918
100239
108723
80421
80822
104468
104390
94859
85034
88897
101663
98649
86449
80476
102722
81946
108152
78443
84583
107565
94767
95469
92776
99611
108305
98503
78814
105768
86046
83841
88711
96296
103595
78514
82668
83092
103709
105913
91456
80605
99570
104366
87946
102144
108033
98713
82695
106587
100610
89313
84169
89023
79696
89607
104869
99270
109038
104339
83276
86887
78280
86351
99512
77511
79164
90036
99274
87634
91865
102306
93745
86027
88423
96852
82829
97056
103719
87442
79572
98754
103004
103464
105717
105779
81161
92824
77500
90145
91645
101388
106998
97074
83213
78734
89557
77792
94369
85371
85654
91527
93810
87349
105568
103612
82321
80665
84336
97505
104876
91825
97139
88054
100237
108842
95283
98482
88803
78856
97654
81619
101701
92184
85027
77234
89716
102566
106151
94490
99808
89841
105111
109658
105838
80348
77207
94105
108921
79334
95610
102250
90647
84316
95147
105121
106909
102606
102347
90724
105573
79807
77211
84101
83406
88480
88605
83983
99973
93952
87030
93214
108547
105213
94999
108788
104791
93438
78748
84810
94502
92836
92148
94692
86256
95741
87619
83304
101780
91131
83204
90736
82199
87845
80627
109022
108961
78477
95786
93040
96712
80130
89738
106132
97809
109702
96092
105853
80820
98819
103480
104054
93344
97593
87334
108406
97471
84219
77316
88053
93307
90011
97576
91391
81025
87971
95558
103303
83653
92357
89747
97533
108742
81173
95018
100899
107283
90742
88751
102428
102926
94290
100659
82885
91120
79247
99672
96073
77837
99006
88502
87536
86874
91285
79229
102968
79404
90783
98395
80423
106306
103986
91552
107999
79878
109986
105120
78963
108048
77748
91224
84729
89580
103253
106581
84449
103197
98188
87250
93317
92513
83886
101409
83712
84791
96209
98124
87620
100767
99714
87035
87655
108833
96443
94616
86846
98320
106767
78258
108333
100880
109352
94111
89149
103638
109171
80742
107375
109103
92954
78812
87633
88900
106547
85004
79566
86300
82487
98268
90442
83554
78261
80878
107759
85609
94791
97477
79425
101741
102854
92457
94201
83484
102330
93132
103952
90196
88340
102445
85786
85295
109600
108221
83925
93245
96437
95297
79106
87568
102575
94327
108403
77822
81054
88060
91750
93474
100544
103789
82961
106660
89645
83404
106622
83258
80978
89126
102041
105967
108192
108659
85896
103460
105093
83390
104506
79572
106908
78726
87363
81692
87073
106083
90343
81402
90023
105453
89972
87893
91661
89561
79318
110141
84142
106597
85605
91765
78808
88055
106497
89902
97920
90624
109409
101142
78387
81191
90792
100753
85840
101540
77625
91462
106869
92905
100813
105438
79927
85896
88259
86792
88086
101457
100535
89793
96175
107962
103253
97490
105780
100997
92271
92570
77850
93852
93518
78349
103185
85312
99910
91901
105017
87650
89741
103833
78227
84817
90702
108851
83894
102038
106232
105030
86211
92956
97756
102071
95642
87701
101623
85851
82766
78616
84492
79546
93911
87055
107511
97554
98567
84560
108093
99743
97984
80778
99047
102682
90467
84195
93841
96640
95115
84191
99006
88852
91644
88196
105070
85671
78038
100284
89331
104727
103695
107770
92928
95254
86559
93216
90627
87084
91133
105633
108980
86015
89419
80610
81902
101587
78285
98535
95935
87117
99616
82475
88251
79740
86441
83663
108437
90906
97227
90615
108784
100622
107869
83826
79218
99126
87387
91289
81434
103268
83931
82041
80852
91302
96835
108340
81227
78283
83898
107684
100095
79138
109020
102978
96663
83333
94642
80966
78456
83094
101601
90640
105110
82505
109345
103879
87946
96675
88049
81728
86758
101057
89226
83489
84933
103963
97809
108358
108198
105738
93200
96611
94074
84872
95015
107755
82427
102199
83967
86833
101440
106406
97920
88270
89998
89039
98628
106306
82802
106724
105803
86494
81676
97867
95728
86497
101550
92903
95515
79329
109478
90009
101305
88172
83031
97030
87657
80368
103055
103067
96888
80344
84500
87247
85776
92920
108928
90280
108204
100139
77647
95873
85199
83514
107831
108042
101366
105472
95672
105872
85963
106956
98291
97919
79771
110343
89535
88869
109834
91415
86010
82360
86790
78466
83229
96411
90361
102743
110099
85981
81475
99530
103756
109571
94695
104990
109581
110087
80516
94408
82442
105632
90760
101841
88886
94916
107680
97916
88026
79723
78963
101929
90852
98967
81807
103289
105090
86929
96931
104627
108272
105589
102128
90982
78735
108272
97274
106320
97846
79433
82307
77951
94412
101022
91577
94390
96535
108913
109487
89106
103119
102243
101898
94445
79863
110398
86525
83715
109421
90681
83575
106963
86463
109944
99226
98889
101440
98515
81520
97177
84571
86744
99545
85870
83240
81427
95688
103748
104765
99213
84399
94482
78535
104082
81720
105773
81881
103863
81974
84841
105731
87324
86747
106881
94247
89583
109355
87225
91528
100145
94384
108737
82724
101309
101488
87517
83524
82310
103196
105027
98129
87584
106378
96964
106473
78978
78181
95919
94002
96266
91172
78579
88174
102593
102968
90243
83920
97505
80010
90623
84366
80788
110116
95376
106296
89343
99374
90132
81736
86911
107037
94843
94970
92722
94759
84592
99934
99514
78330
79164
81579
101437
80813
107496
101078
110000
88823
97186
107107
85334
98975
83299
99964
86915
95795
98510
104768
79526
80893
106074
81757
91782
92979
91315
81889
97484
109166
83294
87629
87746
94813
91292
109291
97370
92347
88210
107874
96370
92030
91046
85384
99926
99410
110124
110199
80007
109637
82754
94179
97467
108484
87288
104875
106788
105158
101301
79277
81653
87367
91350
82911
110115
100344
91287
79004
91752
78133
106295
89403
94606
87607
89431
105190
86762
89227
90020
104361
100391
104386
99765
91594
100165
89963
89142
91481
89568
82238
87623
108551
87478
107418
79391
83772
82532
93234
92405
90211
89200
98051
88608
109449
85388
108937
98685
90150
86553
85554
78097
89146
103403
91155
91631
82332
107084
106201
106588
97679
109379
86787
100146
93847
88598
92751
88706
105611
98061
97394
96637
79594
91257
90124
98197
85362
95477
83931
81119
95983
104172
81967
101820
88658
90459
106654
87480
85506
101848
83448
106930
98679
84948
108670
79166
91396
88349
107086
100167
82932
99238
96802
94713
83161
96395
99898
104925
82977
99408
97175
86086
81130
108650
81258
95469
78872
109056
82124
105176
88484
97778
88239
95360
87094
79387
97813
84786
92919
86995
92288
99766
98720
107448
101033
98863
105176
100015
83828
83778
87228
85029
95012
86138
103359
98715
95435
96747
85940
88929
105477
85782
79657
105121
98022
82189
105719
103584
95281
100312
91159
81729
97739
78614
89527
91851
79727
110055
85389
94443
105890
80394
100460
86269
82154
108099
90389
102791
80187
82944
87887
104198
93618
90171
81210
98286
99462
82850
83680
83436
102203
97782
79885
99438
83736
98481
107617
100453
93660
85227
95651
101705
108205
79998
109656
84830
88913
101993
102036
80695
98720
102002
80145
78456
87353
102416
83582
81376
88437
85127
98585
89222
79769
103509
86656
98402
85328
95181
91588
96272
98136
101122
110528
107985
107643
105702
86441
108499
105665
104883
100838
87474
92388
108682
108321
79678
87556
95322
78238
88191
102812
81924
81611
106230
80309
99773
107289
99366
81241
107955
95755
88403
106827
92147
105612
96394
97525
87434
85382
100065
82850
109802
83120
109568
110061
95632
104360
90848
87929
95972
90433
83923
91363
104033
79646
100293
83445
90357
105856
87233
92189
82859
93532
99255
93469
79751
90289
79740
80387
91313
80152
81170
94812
98519
79005
97578
78757
93388
83149
108263
107778
87413
80912
96229
110387
89061
91449
83322
94403
100551
80220
109371
82562
102140
108511
99010
90166
106886
107732
100527
100750
90277
94598
86765
110423
107071
86866
97335
98546
104837
109753
108762
93702
106964
109747
84156
94322
110809
100421
80541
78470
78841
94805
79005
91506
89328
83390
103934
89086
106936
103840
99884
81276
95148
104441
99578
91387
94701
106106
86063
82110
105221
102803
82497
83437
82378
106961
101984
85129
84357
107369
97718
92069
93524
83989
102894
101844
104141
109342
110835
107998
100324
91066
81402
84919
89103
102809
82882
90545
107688
104379
103450
82416
107666
96644
98469
107550
93983
101906
102618
101217
93745
97742
88398
86154
103328
81473
88118
105616
80348
98346
97063
91964
96212
82893
78369
85541
93206
100237
78796
88031
82743
83133
87809
96112
97653
110260
107916
91139
79771
92191
101425
104673
97061
107164
84973
102812
88485
89220
102525
104077
87909
110855
86053
109953
92494
93823
88234
98992
100872
91902
109984
89583
109155
110377
105452
96294
98550
81738
108161
83203
97542
109216
110701
99568
90281
90362
100377
78659
83498
110212
79820
107701
103600
93664
81778
92694
108571
106616
105372
84799
110639
90387
81351
93767
101108
91303
88545
98042
106076
97646
109833
92806
95527
87100
106903
99192
107268
85008
95324
106983
78841
82921
81707
103407
109316
109275
101527
94818
87043
105057
88319
110009
93393
92917
107720
91985
92594
95966
97258
92884
88305
98122
104110
89076
108999
92060
96182
93280
88703
80647
109373
110064
86488
110684
101280
87331
92075
106528
110365
98252
90317
106722
90843
87048
90679
81355
87851
101235
106340
97143
90382
81564
83963
106243
95479
99510
96430
93032
81618
80784
78690
84231
97092
101319
107152
101253
95797
97594
109547
84440
86668
110526
104003
97442
98105
101395
83625
87742
97657
98583
88276
101401
89173
106810
104131
96964
101740
78898
103332
92743
95987
102640
93685
87351
91898
86994
97513
94475
84977
83226
93453
92203
87658
99231
102443
96842
92193
83906
91246
95990
95289
86692
104136
83565
79048
89494
99473
95411
88470
105937
98417
94945
103458
110696
89727
99008
107750
98938
101290
98454
85468
100780
78937
98112
85569
90326
81486
92801
84889
105725
104912
107418
84979
93826
110089
85019
107886
90776
91309
78584
100092
88315
104668
104415
97894
98784
93514
80073
106385
96295
85405
89552
110847
84952
106262
87872
98712
102605
91252
106992
84907
83372
88341
107987
84272
108313
83807
82634
89424
82729
106078
106428
96039
90393
101038
94185
102856
102720
104092
107131
95617
96578
103816
110686
106081
110727
89742
97362
93176
82155
105061
96575
97886
106423
108678
101064
91255
111313
90001
87074
98164
79407
109805
92455
81821
103825
87983
103846
106062
102000
92862
110334
96576
110129
100916
107499
111370
98463
79879
81567
81128
98968
84968
85269
93626
109830
107115
107426
84560
109586
83817
110029
107236
104084
106403
98656
109032
80333
87463
108479
92163
85336
101880
102777
110934
107358
108137
92189
98307
108810
99530
111183
88048
84796
80070
97818
104392
103298
95500
99720
88899
102724
107437
98672
86696
90942
104901
106128
78736
95539
110174
84187
108268
83424
80017
82196
88137
84272
80110
110748
100947
80558
111135
110473
87192
95295
95431
94455
93839
105745
90800
100771
109529
83151
93478
99510
101830
81687
86686
80606
101915
86829
90012
106403
100115
103409
79571
96505
89251
95246
91277
79121
84738
92789
82253
86645
97897
80650
92083
101972
88088
79772
82337
85274
99481
101659
94364
94532
83784
94469
103797
103539
106259
82722
80680
87743
108671
96113
92420
79949
90347
89186
106508
110884
110361
102725
83870
97084
87274
82179
85330
82648
110185
95500
97317
110870
90635
103568
85719
99525
91702
91122
82321
109942
98303
104570
91851
105686
106296
87114
82797
82491
80810
106131
79412
91260
104351
109576
93784
85510
101284
101267
79212
98092
81804
101191
102533
88767
95416
92567
97438
98527
83350
108229
84539
85008
97896
101021
89165
107665
95047
111202
85590
105961
96103
80649
83405
103106
88476
88997
94916
111354
100893
99363
99272
79864
85385
87095
102665
111420
106791
97942
82619
109370
78962
93286
79547
96873
105429
79090
92534
107671
106675
81315
108039
104063
86698
103980
82335
99229
81433
91396
108074
87617
93151
96281
94255
91619
101990
85443
107512
92086
98273
109046
81396
85375
95697
101309
107097
100008
101838
104163
110605
87952
104324
83443
96967
80678
81916
96356
94322
98998
98845
110861
93650
108547
98418
104671
99945
99733
109613
104914
99228
92500
89452
108064
89874
79190
82108
98226
80989
99062
81371
103383
107996
97318
80835
81724
102623
89862
91619
101913
93453
90037
87728
85160
82691
89190
84828
97243
108094
104375
83173
97870
97851
93503
80466
102779
92892
78950
81978
91949
83982
83322
84357
95031
103593
87295
91510
82277
82072
104774
106218
92083
108089
93761
90330
92349
111366
93077
99367
105079
99190
106737
92823
91422
95774
93342
84762
93806
96796
106584
103251
99606
105653
92253
98899
90217
105021
108739
90280
100438
95799
83214
96662
96666
89790
99842
80292
88628
89892
102838
104027
86553
107992
109034
107338
89130
90509
107674
96333
107363
96664
86740
85263
82005
107930
84422
93646
92886
108640
82459
93534
95223
111111
98696
79985
105526
109924
98977
93717
104949
97443
85746
106878
91179
92461
81739
92422
103770
84688
104027
89714
96961
109082
108928
95351
107474
90629
101342
83325
99814
99546
94127
81826
100400
100431
111065
86530
101359
97522
82886
98102
83176
87243
92016
96538
95764
97597
94651
109011
91798
86062
100104
85521
107247
106600
99847
99474
89717
91454
103628
95976
100610
84338
99366
98171
93417
106838
97580
94417
92462
101426
109848
90637
105462
83174
90969
107702
102716
91600
87523
83898
84422
107504
98250
84915
110167
83274
85519
93288
82727
87692
102074
107415
110480
91121
87592
84210
93706
80229
85671
95079
79961
93674
108096
98212
99333
81466
102100
90075
107275
96942
99435
104642
89298
101470
85448
102367
103264
87434
92993
102146
84174
94521
92109
106771
104697
103967
82015
109581
97147
106692
87410
93259
90586
100579
105189
111875
99838
83472
96778
104976
97513
92062
104954
91892
90530
91072
98859
100125
109682
90606
84804
82791
100947
99467
86575
96483
84134
95684
106864
109783
108836
80827
99510
107013
111127
104421
96944
86832
85706
95664
96546
95965
87102
109674
79672
94295
81438
104542
94746
86517
79861
85824
90048
87199
83615
95179
82952
92303
108030
93352
89094
82773
110318
98962
103323
102174
88442
108984
80201
106293
110416
96866
107589
85450
82546
105688
98510
91891
97327
109696
79550
83184
88146
87622
106079
98739
90265
79424
96127
90528
97384
80018
87751
88977
92351
98704
97608
90653
93290
106787
85591
86554
105591
103790
87963
109152
83181
90289
106340
94416
84411
79469
109886
92309
103407
99273
98503
97706
89896
87860
92861
100764
97102
93004
97371
87442
87680
88318
98534
97674
90958
111855
112003
104677
110377
105499
111435
85030
81175
95165
81825
108535
96428
90222
95939
96621
87349
80016
99488
94092
93494
95725
90090
80398
79383
92828
80747
99680
105498
81189
106908
96238
105104
94180
93812
103584
107597
96179
105342
108196
94297
107971
102958
105071
98024
92363
96373
92158
92812
108901
109459
94818
88490
83380
89389
98427
107563
94283
99999
111364
98675
95818
108179
105423
86679
110794
97491
88658
89290
107900
79963
90467
100377
105100
84915
84544
95833
106956
88955
88274
99933
89870
97095
103731
104300
101841
109742
106093
106737
100897
87198
105093
94837
90296
105202
92088
110539
109161
92231
94980
89482
79551
95755
88042
102849
84449
107734
109939
105701
94648
101630
107633
81678
79444
97638
88839
81251
108940
89238
100715
93139
104933
106513
93163
98055
93366
85474
101934
80532
91017
81017
89021
85876
86211
99509
104897
97975
98184
88642
110095
87158
86745
81445
87905
102153
90111
81813
80614
99961
100397
81677
92926
108600
87393
92063
84798
88848
106123
86667
95675
89946
79601
100624
99717
98160
109778
88194
92785
107621
88905
109725
109084
107251
86901
91161
111148
87220
90327
86910
106457
86421
109819
92730
106669
89481
83547
110065
86151
89722
102016
98324
80102
93829
86890
90549
87396
89702
104498
108954
82305
80945
86254
90256
95138
111172
103893
79873
108890
86649
102820
85705
92391
106912
110400
79942
80896
96044
84636
96686
100302
99628
92381
94630
108088
105597
80828
89616
107619
98622
95276
95268
84601
91013
108605
81602
86186
86096
86081
79622
91505
110271
106285
84766
92441
105856
80450
83800
98943
83082
103404
87423
94489
93966
93674
99944
81975
98730
83631
104904
81801
106721
112136
96328
91362
105416
97536
103388
97083
93953
85249
107088
82683
95213
100923
91684
92022
102430
101705
96665
93619
96523
108562
86028
98418
90120
94702
90499
81261
105077
106251
111750
92127
105013
91918
80432
107587
84578
81661
110725
106846
107582
92764
98054
86655
102509
108438
82307
106246
92258
97183
95537
109347
109592
90328
97276
105952
81922
89395
92702
100450
83780
82839
86513
86635
93731
107654
98817
86052
80058
111101
92518
91418
109039
105115
104017
88198
87718
106502
99044
81617
80181
93323
107591
105559
88343
93188
94200
107884
105188
109567
84834
81820
85120
100124
104882
108599
82323
106423
89062
91150
103482
93639
104230
89207
89597
91142
95576
85399
97536
94291
87023
92640
80253
88916
111875
87768
89969
84831
83623
91932
106646
93851
95351
112037
86674
102498
79728
99915
89454
105962
104453
102279
93769
89637
104046
102781
82510
90341
93508
89658
105955
92484
90699
79674
82979
87875
104847
107565
98959
87217
106162
108282
107776
84303
104580
94469
91617
88625
88788
97710
110234
96359
84614
112154
80975
82653
83942
98869
97483
81792
103228
92919
79799
110498
90017
111079
88080
99232
100368
98782
92632
111042
105152
105742
106507
95330
110257
109634
95956
111441
79749
103271
83457
105590
84882
94028
87989
110520
102453
106662
87900
82463
82025
100439
109796
80949
98712
88304
104491
104371
96945
106868
106675
90201
90490
95583
109981
80926
94760
87526
88533
81545
99629
82049
88202
101215
112465
100007
97761
101502
88068
86744
81898
81673
102898
98017
82899
89029
98777
106332
84827
89795
110487
92278
104074
111168
105864
86005
101791
98505
90638
102521
83787
94883
98161
94721
81692
88681
93674
97202
86076
103671
101370
94932
84059
106631
92416
84766
108266
110362
105995
93235
89226
79898
108781
94316
106180
85309
97681
82136
107514
112300
82318
111233
88989
105061
91643
100593
95905
111325
103302
98805
87086
88298
105664
85665
108185
91361
92859
105876
91282
109307
104407
105086
88735
104190
109785
100063
94409
109337
111677
86033
96404
91663
104398
83592
104245
87192
97395
88665
106496
86532
102476
98553
95008
80929
98045
108615
111754
106079
98378
88781
94004
104498
111845
96579
96385
99000
83331
109909
108544
104860
96309
96679
112471
109370
110582
101141
89722
103427
100992
110399
98337
100643
102501
103493
96888
95842
109402
112079
94232
95048
87766
105297
105782
103301
81628
84877
101658
104080
82196
104793
82899
80525
99361
109986
110634
112244
104751
94897
96724
106352
89035
83117
98284
81285
99320
101217
105376
103286
106111
106816
97066
105958
89990
109478
108802
101821
99172
84065
103249
98765
111028
111728
108457
99254
104104
86026
87796
84998
108193
107491
103851
102821
81916
84906
109641
92273
106286
92630
93182
95013
88339
100514
105383
93311
85891
101462
110846
84898
87079
105161
109070
100281
93578
105508
105195
81629
94835
80104
82847
83001
94067
96563
82535
88427
101050
92479
112160
104238
88622
91947
91388
84278
90047
97790
80761
82268
106484
94697
112532
91643
100042
90572
103481
98202
102079
107004
84223
100811
89642
111684
111122
101202
85709
98601
95344
80266
103341
112242
94809
92933
94498
93928
91136
105843
80682
100187
92295
103109
101890
83173
107306
84370
95480
110707
80059
87225
95099
84864
82254
87624
107636
98852
98869
106908
91097
97870
99375
84170
112254
81997
88540
104766
91183
106646
109172
84898
96253
106177
87225
92930
105173
106964
81450
112429
97367
101828
107130
99934
81380
86585
96064
92699
103417
87698
112624
105310
102844
91945
110090
94707
86741
100312
100753
92961
96127
85948
89535
99212
108255
111160
87543
92250
101268
88381
112379
82837
97935
95433
98399
108496
87077
107438
82494
89870
98146
88469
97067
106719
98209
91714
103018
95180
85081
98842
82529
81397
111418
99298
100169
84217
89209
107465
91689
81174
92520
94121
106501
87954
90441
87178
107858
90201
90212
90472
89518
107239
81239
108342
104398
93800
104622
88610
112056
90398
101043
104475
92466
99076
91015
96400
103546
95153
110962
84347
107319
110462
98680
105887
94128
110571
101933
102413
100412
92991
86218
90349
92409
96111
108671
85883
97729
87105
101387
87376
98394
106673
96651
108259
100077
81812
104591
105807
87738
110459
82547
93527
85769
104922
91373
85927
98404
89450
94946
97884
82947
104395
87934
109511
92040
94830
106371
87662
82157
112306
85217
106068
81594
93517
100488
98171
84091
101614
108154
103846
99185
97313
110628
85347
85896
92786
92398
108105
102537
83157
98577
92799
104337
84293
92840
98174
82114
97708
99595
111639
104760
101891
103000
110519
106814
87482
109394
91882
97986
104538
107887
112926
111623
109929
106284
105386
110234
107406
108196
95758
82567
106229
110177
103292
91596
95989
83058
85400
81934
87792
81853
87165
90763
91771
87959
112640
80976
81087
88466
103992
106156
107295
94614
103230
91620
92956
112692
97841
105000
88949
97078
83837
105670
96402
95355
109661
112030
109602
90882
80799
103638
102404
80452
104360
105679
90211
89031
104887
100439
88358
102128
80494
82208
98951
109337
91022
96880
110849
108515
102146
91163
81008
100301
87839
100783
111220
86278
89130
111086
100374
100480
107290
86657
102062
90950
86432
93162
110596
107023
93029
90555
112053
84755
95379
107269
106456
112157
105878
112404
85730
106210
89124
98905
99527
110993
103802
87976
98658
83371
81385
108964
81431
80661
102802
94327
101559
109932
84590
104390
105891
94616
96145
100579
110901
102820
88495
107845
96347
80588
92383
83254
92293
86488
92063
102092
100034
106921
108312
112922
93733
88082
90276
102311
103790
83177
84110
84512
104422
102237
81433
101449
99723
87433
81091
107065
97901
92746
94922
85191
105816
107854
106736
111168
95667
96622
108411
83803
108712
83262
91265
83054
87430
102882
83810
96993
92515
111651
81302
106211
102917
99266
89257
88413
88067
105739
93571
112164
107559
90286
81133
82547
111639
107979
87377
94104
82484
86604
99777
101869
91331
85367
88635
95242
92235
98499
92460
108089
108861
88811
105010
102955
110810
100674
84518
111337
104786
88902
94298
110860
97577
99447
108831
86833
95711
110698
84363
86696
93648
105753
90233
92268
84313
110461
84176
108120
109372
112223
110857
94359
88134
85867
80875
109405
97839
107142
106137
94420
90561
92001
90063
90970
112700
92494
105577
94185
110586
97619
95525
103638
93263
106109
100777
98495
96435
107639
107720
105919
96035
84059
97793
89315
101828
93128
111688
87522
88010
87605
91658
102152
89496
89221
100971
98676
88104
108251
94162
109955
82862
100527
99239
86924
99704
106274
83803
107726
108825
108942
104105
98470
96454
86114
107292
102918
95488
85549
84178
90402
94068
110328
106623
109932
85279
104921
94900
107459
111541
88261
94306
83175
108100
103078
87194
102449
87316
93101
86934
83585
107731
98282
97021
88439
110830
93210
92003
88806
85314
88256
94991
98437
84724
80759
82434
102376
99485
82566
85813
83631
95659
106165
89889
103166
90372
106335
97156
110637
84716
87241
89187
97216
84520
109746
90699
104089
95331
81195
99805
108140
92626
111017
90250
84852
82964
101977
111258
106084
93276
81331
100979
84641
105681
105554
94488
104622
102709
96003
81904
97511
109253
110364
99273
97907
101217
96527
102684
100980
93165
92478
109970
100224
111095
82705
94920
81237
100506
81478
85583
91336
98466
112265
82680
95231
97264
96581
85838
96992
92193
107961
105827
107465
101482
86862
90064
109698
93894
94760
98295
93040
103508
104955
98699
111883
106746
80672
81747
112018
105039
91624
91434
103165
86456
105520
84811
92979
113105
90421
104139
98941
109326
97194
82791
112186
88994
105992
96896
100309
102047
92454
88932
87029
81503
97545
104655
100851
83492
101373
102322
96145
85755
107492
80690
97513
99302
106959
109044
81059
86329
99275
88216
105579
111429
101630
103811
108962
88116
94194
86498
112212
104756
95024
99307
82539
102104
82961
97894
99618
83130
93137
90477
109244
86118
105189
100464
105077
85875
81550
104828
88249
102643
103599
104892
88468
93710
111068
109376
87914
103913
110003
88061
98792
86221
92527
101909
104762
97925
107706
110937
84350
87047
87235
91660
88697
105559
94609
96490
100233
98473
109975
100457
103387
105414
84872
86847
93918
89264
99948
86052
97528
97417
81908
94937
88183
101297
92426
82537
106186
88623
88237
107695
105969
81746
99580
99096
95794
99479
86672
109739
99342
96206
93711
104774
108147
92281
91134
94762
111923
103541
92887
99257
80821
83932
103260
97407
84971
111657
86826
105840
97667
82589
105873
81776
93538
91618
97955
86553
86350
110319
93323
112568
95210
108843
82721
107160
109800
82389
105915
87940
108922
81571
99141
96647
104713
100265
104596
82678
102954
84093
85239
85936
82894
109721
111887
89253
83640
113408
100321
106645
107317
103717
94762
107034
89863
105736
111602
110313
108450
83618
80996
88149
93339
104579
112605
104725
97885
106426
83011
100422
99614
88821
81816
81332
91153
90345
91343
84821
89309
83444
109278
94230
100175
99585
104980
92122
94539
94125
101293
97472
97033
92584
100260
81317
82814
95069
111816
97771
112919
83925
102162
98936
107181
102872
88118
98305
111798
97366
95864
85640
100024
107014
112065
95779
97540
106573
106226
96512
96928
86369
88440
97958
94085
94638
84769
83069
104202
111737
92717
96145
96929
101315
95657
88979
101569
108400
100344
90913
94243
94120
112563
105798
81713
97918
113331
105541
92092
89295
81771
113042
93933
99949
94331
88866
110974
96637
87683
105956
95273
87326
101429
100752
88161
84812
96431
111007
100673
92675
99335
92058
111810
98215
96807
90776
107824
106147
102363
98307
102111
99409
81448
98714
91674
91930
92128
93372
86364
94174
97651
93923
101315
90773
103176
93039
84929
113207
105676
104101
98837
113626
83338
82423
99577
83226
103293
81285
97181
88510
85858
94949
105941
111769
90576
105759
105486
90029
105164
82428
82823
104343
104345
86145
111294
97831
113357
100534
111144
90190
92842
102572
99620
103229
100778
88765
83762
109771
89436
82198
108896
105239
87919
96883
107526
89967
95500
85034
94387
94321
108650
105835
90215
100208
98460
85958
90627
89370
99245
98541
85245
104791
93934
104892
83032
96884
86415
85622
83412
96128
111981
95314
112994
90614
84523
86070
103642
84637
83588
82626
92144
109997
95199
95632
91237
109107
104484
93626
112250
84150
111055
108445
82346
103707
113219
106461
103832
102342
90720
93610
110407
113154
97623
86593
88713
82339
101821
90549
83898
102378
108767
108783
108973
81832
107606
95475
94183
81574
82395
106342
94475
106053
85340
99405
104854
87906
90447
99608
94924
99708
83270
81119
103923
89369
105155
84459
90046
90469
85070
86136
96268
105757
94918
105145
98771
90795
107765
96797
100182
87955
91494
85457
95903
85773
107131
86662
82473
112627
97466
106356
96733
106974
83816
95391
94271
105869
96089
81497
81898
97414
95238
94728
83258
111615
98016
108585
90184
91902
107748
104341
103195
89024
93808
87555
86044
90200
82261
98767
101579
90776
108845
112890
93361
81716
96751
98673
104597
101413
98496
99986
103923
90700
112396
85996
111274
92760
109526
87366
88309
110825
104268
103395
90012
99829
85151
100613
109164
93036
97809
112048
110308
87831
100176
102320
110897
84934
111106
99294
85341
101802
108705
93598
106691
95744
101257
108460
108486
109039
89167
104985
107458
112820
111445
92560
105795
91388
95131
109534
87669
105873
94424
83377
82396
92473
113610
87456
86341
84444
100554
86124
110845
88804
91299
111238
82752
110313
109476
92881
94196
110734
95988
90792
105624
101030
95270
83747
90231
88988
88845
96150
84257
112657
95698
114011
82715
82118
94019
110802
96982
85949
88942
94117
84446
98459
110191
100433
99412
104529
103814
81634
113310
102395
91757
102141
82781
83720
104680
102180
106911
106652
97949
104758
105303
102450
109862
89141
103434
88454
85605
113484
98250
100274
84759
106001
98920
90007
99244
103943
102118
86398
101207
97639
105259
110079
104801
95008
113658
107043
107714
88092
113957
81605
89586
111045
100862
102206
97021
103880
96783
99137
100822
99096
87563
110595
113901
85047
108804
109727
91651
95921
111069
101818
103229
111593
100611
83042
98936
87831
85592
91196
89821
93330
95088
103647
97461
87627
95744
111227
100222
102810
106131
90558
87614
100926
104319
105208
88599
106143
94232
94333
88860
112981
90147
103499
96099
107502
89998
90348
104539
95980
91742
92574
86624
84750
92392
87474
90765
102353
91204
101170
81618
109365
102143
93382
93254
83652
98832
110296
102334
93649
93709
100343
93342
90366
110751
82041
83439
82689
89652
91493
87474
98983
103411
107152
85620
108056
108021
100357
105251
88926
97714
81578
86304
94753
113849
94241
100501
107188
96165
91629
102153
83542
105804
107478
108594
91313
89657
98702
86282
113319
108637
100244
112933
106062
101121
103257
91713
91193
104191
100002
112159
109050
102194
99885
111249
109028
97579
101271
93141
97302
97829
85629
85281
92341
89147
84194
106367
110456
83929
88784
110299
92266
83313
86338
83290
90603
107375
87106
94446
106488
101486
98383
83752
90285
100780
110337
105293
84488
100795
111344
88747
107760
81786
101073
99117
84342
93508
85986
92206
106586
94311
91017
113035
89553
106712
106551
98556
88453
88357
102803
100772
108510
113322
96213
91622
88192
98824
105071
100219
97813
98259
110067
105921
90956
100747
86321
110166
102689
95950
91551
105446
100960
97995
83711
102209
90212
100858
108091
95921
99621
85003
101268
102282
97906
113180
82939
110082
89722
110894
114111
112451
107921
90330
104553
98751
94513
85568
93157
102340
105535
99137
101090
88144
111760
114158
83066
102950
92588
111679
92438
111905
88274
81929
104076
107977
88636
100138
102283
81700
111523
95238
107065
110287
87046
102968
90650
87884
97448
107393
112948
109726
97112
98564
103537
81683
88564
105654
110404
92258
108336
112400
82575
85749
113812
105735
105157
111496
107972
98877
88396
113907
101636
84857
91429
112196
86267
89429
85710
94993
108471
82742
109415
85517
94962
82561
109333
95704
108948
110092
93860
97308
96889
101843
90224
88789
101491
93933
103557
91120
98195
94142
95237
85784
103332
89197
112586
88525
104441
94104
95821
110006
100457
101191
84166
98616
97175
97823
84885
108103
83575
108761
97761
97148
96525
104434
83071
95080
104568
91555
103445
108073
113200
96275
99967
106810
91276
94156
89969
92560
88199
88683
83038
91106
108739
97692
109465
104264
82382
85574
83643
97799
83877
92163
93252
88235
93302
104659
83077
112471
107690
87313
114109
109914
89123
108454
101250
90882
102594
94844
111970
96693
95789
103222
96459
95805
100047
81950
98856
107876
108064
110942
82253
110273
112678
92788
89365
84433
86588
112608
100937
84298
92434
111903
84420
94379
106485
93917
86485
83992
105808
95591
108261
90725
100467
95071
108378
84337
103572
105651
102075
99509
113939
100815
111636
93724
104195
86802
100252
84245
89061
98431
103317
85991
102838
106934
99444
109382
95277
107042
97346
100387
99134
109939
111938
81864
88802
112719
112596
83491
112666
98628
108441
86626
85809
105986
93144
95681
87874
92359
112416
103584
93947
90650
111151
95705
114336
88764
85523
89168
97107
96732
98703
89804
110482
95114
95680
94725
93441
99182
91648
88318
84842
98234
112395
94100
88322
104541
100705
99159
90094
104058
84715
110234
107781
110616
101344
92614
99288
82971
105194
83700
101359
103027
109701
101306
99158
83091
102824
105796
94809
88612
82344
94887
105611
85499
113497
98675
101133
100169
98678
88199
101388
92946
112195
89386
84876
106977
105072
89687
92516
91577
95041
94807
110730
93262
105452
86678
86929
82293
83523
108975
86640
107994
110226
100297
93573
83441
83659
94502
84442
89391
105696
113401
109222
104825
98417
109176
91159
86749
109479
100915
93006
93056
95072
108964
108460
93143
82572
97031
92492
110362
91350
82796
108752
111606
91272
102666
95329
91523
98216
93142
110065
94325
96359
95316
97987
96406
83133
91309
107566
82548
90445
108547
96670
107862
84878
97281
91099
88437
91948
86198
98702
95849
86700
88739
83201
112098
94032
101138
88870
85656
106554
90794
99291
97157
99539
86593
114540
99153
111214
105969
95577
87054
110889
95854
96346
100133
114708
113814
101281
90512
107670
107338
85343
107594
100620
107389
109193
82180
110258
95882
114652
83738
95943
101067
85023
105669
100076
108135
104360
88210
101582
109675
95521
85779
91396
112669
114572
108756
108859
98957
96645
103568
92560
83564
94663
92581
103741
103969
102642
85702
87672
88090
111756
112880
91544
89440
113477
87711
104314
83567
108159
113473
109347
109124
95501
89835
105126
111543
105275
83531
95048
108811
113679
91870
96483
102852
100303
105314
104584
93880
91075
113807
93800
112745
114492
111106
90869
104338
113110
102266
107332
101376
98041
102982
96438
95651
96934
103166
82903
111589
84848
114546
106118
85818
103880
110816
92503
90361
105598
111210
84021
109930
82565
84934
86604
107552
88567
91192
96550
113289
91224
102845
92947
87235
108575
92297
95439
110769
114546
89780
108127
100175
99378
104497
114492
88130
97591
110335
107955
103348
110813
84899
93580
104030
98495
106965
111082
109542
94914
107898
83570
101228
101206
101330
99247
98912
105720
93427
111285
82326
110843
104822
89093
98460
93577
96368
97713
93003
105701
98724
93377
101788
113138
108534
91604
111037
108025
84003
102667
91236
93095
94128
97570
103268
111445
102432
87520
96894
85133
94826
88498
86649
94409
97962
86675
95860
107389
109591
103982
95100
86872
109877
86343
112218
106695
109644
107095
84910
93628
109592
83830
91714
105133
90306
91006
106392
103647
103695
106094
108229
104932
94168
107788
86402
87139
110010
84943
82817
112151
107278
88315
106493
111386
104987
113166
96661
82532
90507
108635
95322
83854
106268
98549
85543
84444
113304
86990
82225
105595
95495
93728
95454
89095
98339
91148
94427
91473
109068
89474
83561
108894
94525
109152
91127
98995
103615
90590
83702
94159
95388
102697
98281
87802
87703
113998
113851
112445
90906
113754
85334
92850
93808
108991
87665
89598
90676
96762
108201
90395
88842
94579
90580
95579
85645
98981
95890
113833
85384
87934
102948
93714
112232
100873
99970
95109
93169
86090
87719
103639
91185
106346
89392
87050
107442
100884
114981
89807
96500
89630
109847
112969
101402
83308
97387
99860
104164
93713
86773
102278
88285
97720
86729
95797
105430
87107
91213
108729
89234
90545
83091
100531
93123
103237
85478
90382
105269
105444
110243
102788
84810
105408
98891
103268
93350
92979
98517
113555
84523
101613
112713
89553
110376
101202
99466
111934
114125
83230
113011
112157
100835
93515
111398
109783
84922
82484
114849
85571
114530
114682
105619
105764
99357
86567
92269
84212
102421
84113
89531
92640
101451
103298
108981
114195
109776
101141
108305
85047
88375
83427
92700
102201
112970
82655
86793
102221
96764
92799
105097
101427
89759
109341
101532
105656
94807
111772
91558
92031
93647
104270
99781
88321
107818
84501
93794
96979
102973
89033
114182
86056
85755
87002
106095
88982
103472
99895
88292
111133
102515
89710
99525
114533
109397
91668
99430
106311
100575
100967
82973
110735
90428
91442
94106
83200
98482
101617
102775
103065
99287
110646
86288
84503
107521
98379
82581
95931
108542
110361
97630
101197
85253
99400
93310
114785
113645
85416
101786
108505
89757
110288
102908
104875
108996
103429
103907
89573
110282
85085
90653
112622
100870
102179
93144
112398
98609
94334
100022
94256
91674
100686
97567
99559
102812
87639
99035
105392
101069
103073
112096
109943
110201
102686
106856
85084
92879
88462
96071
83894
90969
101536
95100
86360
102706
86874
105990
100372
111475
89530
89849
101246
107502
111774
104656
97522
91167
90849
113925
102873
95839
113095
102111
105255
87899
111771
100492
108072
109509
114582
104047
105085
95817
91651
105659
96610
92611
109473
97089
107058
109487
103753
99206
114732
105184
107728
103705
83319
93814
85039
87075
104292
114954
105441
110144
86004
89131
110733
106893
112794
88078
107493
96771
90689
91009
99534
96515
97937
84001
105153
105265
89710
97997
96369
94342
113090
92250
106926
113313
107645
97928
84105
83294
87258
102709
91577
109994
106211
91089
110653
101014
84279
114450
112707
109738
106251
84713
108873
92027
90991
83124
96130
104831
100818
91573
97403
91681
88009
101827
83710
87569
87052
99903
107063
86494
108225
94538
104469
109254
85758
112949
94963
107981
86409
103481
98936
113932
83170
94313
108475
101196
89731
89060
93355
103891
91494
113999
109231
92286
110024
94339
99465
112656
98861
105346
112512
97994
105892
85936
100286
83772
105292
84800
84983
104794
98071
93932
89163
114130
113614
113641
92270
84893
88661
93722
96518
111572
108081
99972
106580
114630
99143
88578
106007
111943
86246
96313
96941
103755
97800
97999
89468
108723
111317
109784
107152
85862
111465
84625
95109
83364
90071
112977
92072
86935
95598
114620
94041
105259
95547
91706
102068
96288
86990
96168
109424
108126
87617
96845
94726
107144
114807
111887
103958
96467
112802
103654
94727
95769
99336
99986
84463
93993
98566
104585
112050
103010
98901
96564
95853
96128
94092
107866
113429
90549
85734
88797
104539
92156
105542
107428
112595
96170
102776
101592
98902
91461
82874
89683
84389
98202
113275
91733
111950
88330
90978
109945
95956
113445
100242
108264
100618
96378
108077
110797
97984
102572
88086
96521
107681
88777
106748
104999
96860
109016
86420
99474
83714
106417
89893
100357
85167
107026
87114
102724
89965
108014
114420
94218
90965
83208
114606
112962
95736
86465
106021
104825
83709
89390
100071
109460
91147
90990
87659
108478
97257
102971
103762
97957
89315
89534
100844
111846
111216
87976
99070
103109
83475
97406
114626
97314
83839
92980
104752
99497
90110
113406
86140
103496
103699
90979
108256
110566
114270
92819
107163
113234
103105
85498
107834
115065
102593
88341
112406
109533
83503
89733
109598
88642
113415
100194
99798
102826
99224
109777
112288
115076
114149
94169
109115
96801
97868
99186
112521
108391
94053
89311
90005
91081
108845
114238
97748
96119
99172
85854
85419
88017
91955
112848
92466
113442
91154
95553
107832
103563
101353
85255
93831
101437
88693
110585
101480
83947
109550
90500
93290
104320
100071
109307
88928
88589
114037
100399
85929
110341
108947
98880
108724
83884
100549
109746
100290
93389
113404
96451
108014
101547
92346
86780
84843
91451
87158
114439
85006
106128
88898
91584
109836
92567
92331
84366
88068
96004
90593
103668
98112
88716
85016
112483
104248
110165
111149
83027
100695
101035
101773
84114
99330
108020
112211
100827
101335
110822
106160
91306
111154
115447
89488
113743
103670
92949
85114
110913
101258
112792
113848
102838
107809
86133
100281
112752
89151
90804
97971
85466
107385
103460
97676
106323
110460
110669
107771
98506
107088
112550
98283
93323
97246
105992
104480
87384
95152
85347
114204
89788
106489
114864
100420
94108
101845
84774
85311
86799
110289
90033
105887
88944
114606
93344
98499
113585
101474
106397
96507
101105
111968
108003
103150
108113
88601
113835
99385
91396
85187
108007
105817
86694
111449
87347
103115
91087
113123
92425
90481
88295
113143
115764
86584
115516
97152
88967
90360
90193
94910
101326
101020
114554
106382
101381
83586
91557
94700
85960
110373
91003
87990
93707
105977
102824
87986
90123
114326
92022
89555
109700
89369
106401
105656
86821
95175
106343
108662
101441
113652
87006
110231
110791
83492
96650
94051
89716
89455
98863
89182
109639
113194
101604
98321
99126
83907
107625
103181
93983
98797
112570
90670
97281
109821
98532
92701
95084
93588
85528
85016
101942
99199
90366
98294
93808
109531
88139
92005
95640
93821
87958
108151
84752
88721
90472
91485
108239
95872
104338
89970
111703
91928
87491
91003
106983
102887
88665
108844
110577
114407
94584
106479
87246
97633
87641
105186
84145
86027
114405
97822
101850
91251
83331
86335
84236
88481
107822
88865
97856
88568
97226
109287
99739
101470
100024
111170
85150
106653
101800
87280
112541
97032
94126
102786
112498
115553
99993
108387
92018
88826
87168
89622
83872
97819
110493
86463
91937
103588
90206
92389
103152
95731
91578
87926
89299
107528
86978
86795
102030
115175
98424
89198
89430
84286
94947
115290
94600
115528
84067
115073
104091
100593
99395
91603
108372
85563
97677
102654
100920
97504
89890
84529
86599
107065
93705
113446
88039
95326
100872
97887
89631
111247
105585
107184
104453
91347
92479
100349
107130
114398
95841
96581
83476
109112
97622
108511
103772
113564
105210
93188
113466
104351
111008
93838
101805
101010
110944
106495
112831
87976
113331
106693
103865
99164
85821
97981
98963
105741
99561
93173
85422
84971
94011
86710
100806
107287
111330
92866
89634
98566
96141
111578
108301
97831
109568
96643
96906
110277
86119
115722
91460
113710
113386
88774
95172
104725
100993
113565
89062
87349
113674
109513
88718
87095
103833
83420
104855
93142
89103
108802
111116
109889
100078
109959
106139
89536
91755
115353
111174
90779
94149
88398
91996
107576
107478
98537
105128
109699
115688
104537
100072
99474
84169
112898
103553
103818
86050
114368
86384
102588
95236
102697
107908
107284
114884
102931
104138
96180
113929
87383
111177
85468
112675
99796
93424
108045
86686
105398
102605
84590
95511
83960
100992
112238
108879
112935
109294
106923
100734
105833
110906
111123
113130
99775
110833
104776
106679
102023
108676
106825
86017
94533
89084
93264
87592
91042
83945
93174
92267
92085
114843
86941
105401
94594
102805
100879
106435
99776
110911
89699
110678
112096
89307
99361
110824
105802
110778
105126
108145
115690
102576
115657
99196
100843
95429
101822
96893
98498
93741
111675
84581
87407
96379
97498
113012
110591
92945
111295
111182
109654
106203
99706
112466
86059
105533
85806
106535
107092
91465
99827
87447
83780
110646
89210
98209
83666
108045
87536
88521
89916
96678
86308
106931
100715
92883
85739
87024
103032
100827
96196
109336
93808
85802
107704
103705
108628
88902
94084
103118
103268
94981
101882
112084
106909
101374
97445
110745
99201
97597
113836
109749
95510
108603
108792
88958
89137
110093
108185
95446
105460
99547
111718
104520
115094
98708
105956
115796
93794
109024
87402
88070
107267
90710
113026
86734
86014
85232
84369
83595
85888
93115
101819
110569
109658
89043
112129
108781
88650
113807
111788
109006
115580
104185
88047
84999
85840
88449
108232
115626
83550
113650
99623
99063
112568
106404
90962
113709
115566
114676
97416
112032
93784
83697
92388
107532
90895
105048
99973
98089
115773
95427
97772
99455
95255
106269
91557
89212
95527
89689
84266
103876
84047
92515
104196
92872
93195
97111
113203
99738
90358
87538
90832
112128
87952
84038
115185
85447
92990
101809
113869
104281
102034
104719
88865
105106
101581
106543
95442
107472
115874
97156
90835
115017
98365
110109
112457
109218
102020
109015
114925
83645
98717
107474
89522
115666
112304
101665
90281
95681
101102
99270
102177
93862
90578
85981
96530
99758
90278
114967
110780
114730
99146
98410
107915
86242
93745
109063
108094
106924
106924
115597
85576
105277
94827
90748
90742
106302
92992
104172
90323
92323
97319
93823
83913
116280
105092
107412
88200
91004
112299
85181
88236
103347
109221
106612
104217
86839
99890
106761
112682
94991
89098
115935
101644
107202
95336
93912
96868
85101
100553
84750
111160
96020
93425
91076
115980
107318
84272
98972
85579
87460
84451
111114
114665
115859
92221
94984
102727
88815
110664
97035
87383
99826
108582
101942
97280
98550
113821
84430
115396
103303
87763
94959
104608
95677
98133
105853
96563
85704
111198
114524
99107
98765
84311
99300
85437
113905
105882
95119
115163
97971
84091
115701
96779
99710
107657
91131
93677
89470
95249
104519
93405
98484
86244
113655
109522
113989
84314
96658
92806
87576
85655
102462
95192
102815
88077
96564
97646
109301
90178
98674
109214
88362
106196
109487
112271
90331
107450
93844
100763
91141
112588
107305
114168
91162
108166
112526
87960
109141
87305
96747
111437
100939
84578
102313
94513
111300
101647
93411
89669
98504
96703
90135
106840
100605
96090
99874
110379
84784
109633
113259
84434
115761
104663
87902
102237
86500
113472
88860
89016
105877
106601
115824
98768
98444
99912
113670
106487
104161
95077
89559
103306
95378
92057
112360
85969
110803
100885
84788
105510
113573
96423
112614
97626
111018
105529
116172
85588
107064
108187
98313
84987
97196
105858
107274
104535
102913
104144
96187
96498
95137
100885
93946
87173
98426
88918
102732
111568
96085
99086
104142
84426
93539
96115
113519
116474
91161
113402
107357
97317
94526
111645
91069
102441
109891
111196
99231
85289
89042
115842
100657
84202
98985
115753
91954
93309
90793
113280
89770
106271
100138
98892
108761
104541
90002
84781
97645
105852
104230
90659
84216
110103
106272
90960
108448
91146
106241
112896
96281
101007
114472
101350
105168
110759
98724
100520
110953
113340
105799
106143
94828
112516
102139
105432
91451
97320
87385
84574
105032
84902
100984
94907
111492
101748
86019
92092
86299
87910
115087
98165
112222
85713
90411
105861
113408
107761
111160
111259
89222
111240
95867
87353
99321
95944
115056
87992
87006
97651
87521
98189
103016
94273
98744
115146
99307
87938
93202
108776
84372
85508
100756
116675
104536
109623
109314
89574
89130
93839
88589
102665
105329
88874
96365
90072
110265
109235
87344
111094
106664
112774
109650
108866
84532
97812
115853
104537
98068
89481
106354
115292
89716
98221
94137
116723
105453
84232
84438
91537
87220
109130
115405
91898
115986
85994
94534
95235
94740
95500
99556
105113
105347
89512
92115
113157
100886
113641
106144
111470
101863
99539
88654
99232
114980
96297
94374
109068
90887
89998
110286
98575
89864
84202
113181
93047
87121
114703
95022
97091
110962
84893
102195
95658
112726
110882
88972
88159
97909
115846
90009
115732
113996
116391
86220
94269
100106
104256
101634
101398
111501
114191
102163
110823
104844
102199
102823
84358
92182
93923
87116
103198
111675
96300
112326
105264
102153
101181
106150
89815
112570
100020
88863
94032
114219
110668
97044
114617
108944
102585
84341
98329
96103
116436
91084
108961
100010
103928
106259
106546
115529
111532
110281
101663
107991
104578
115269
87859
88963
88127
101449
89078
109131
116027
92378
85548
91500
90891
103759
89503
99869
93278
110249
101406
113788
94245
92706
86982
101577
84471
113673
98944
85202
96691
90316
93899
103854
106087
97367
92604
97710
104560
115612
102978
110225
104163
91251
93615
109559
103468
106405
92532
89625
99829
84291
109100
111798
115786
107325
84957
95825
93178
116271
96122
102297
114752
101502
94636
96041
85922
111524
100049
96625
90138
108488
96326
98548
91764
109970
85729
110261
101623
89661
112322
87787
101703
109038
116812
112124
90506
87108
90734
94633
102602
106288
96807
113286
105114
104455
99145
106926
116221
113365
87677
95924
87939
90101
112775
115165
94901
108510
91851
110220
109235
88384
85264
96765
99868
91472
116869
113206
96814
99935
105473
102715
106799
109746
96655
106626
110603
109966
116010
86182
94014
92306
95429
115039
113396
87882
110991
95666
85615
113408
106100
102501
89770
89301
92135
111798
116796
103441
98527
89933
87166
100024
110879
84846
88560
88158
88251
112755
113625
113467
101592
107386
101678
104322
94643
84315
88757
113903
95717
99549
90218
86687
86757
89385
110114
96549
95950
88190
98158
86746
113506
91943
84674
91764
101967
96938
84951
102363
93874
105795
101709
95032
91098
105872
112021
108110
86350
107150
105230
99341
85009
113604
90990
89700
87332
115134
111204
98904
105805
105149
109436
115283
112151
112557
84802
96958
87066
89431
89002
115921
99964
101848
100271
84906
100280
108114
86587
96157
101278
99553
95303
91084
110236
84689
91715
86519
92731
102158
104632
102549
111340
103643
106540
100131
107269
88775
88134
89276
87815
103901
115250
93418
89890
93468
107079
97980
92667
100647
106727
94744
101548
85053
94887
87891
85004
116330
84912
107775
84786
113151
107110
98308
115508
115777
99655
84467
108596
97886
100373
92566
106398
109221
101431
98764
109483
115189
92253
101011
110634
95606
111459
98407
111743
96392
112248
105931
100076
108281
84607
86821
107791
88955
107701
94414
101804
100949
87700
112490
90029
95320
99576
115317
92775
99861
105089
98591
103199
112461
96568
110938
111565
97961
94069
102705
87839
109995
95232
113243
95681
116965
93558
89104
104668
110697
100590
116507
99805
109696
91101
98353
87927
111263
101687
85121
108523
95894
106967
93324
110727
105483
100385
96567
98924
105511
102118
104222
113813
111503
95111
95276
90901
93334
103262
115561
113568
104881
85081
109330
86861
87083
86248
88303
102810
86809
95002
110817
97457
110225
109315
117179
103146
90903
89184
109650
89488
108888
106366
100568
106728
95771
102743
87653
85359
112244
93950
102615
104036
105530
98366
100572
86406
102076
103806
96845
99359
103344
105704
89278
115009
115820
103115
107091
114000
107353
86333
88277
113344
91556
99076
90372
111648
99638
114103
110639
91992
110311
100128
86019
108079
90350
117221
102561
102416
85404
97639
106739
104717
87627
99563
98623
98852
111249
100856
99324
108225
104377
87551
86245
115589
95347
94018
106061
105030
103626
97518
103602
104279
115287
112266
102548
89097
111796
90773
112263
86641
91700
108651
101768
110188
106705
113001
103309
98273
87910
103761
98400
113222
106271
93680
109228
87398
89389
93694
115544
93025
97470
91973
88853
96244
114988
109574
91699
105722
100468
104344
111289
102451
102891
100946
99508
104005
105772
89259
85199
110336
95573
101792
109860
87782
113779
110678
114770
98795
101178
89345
87760
111481
112890
108804
106113
87991
90062
92762
92296
115211
94487
117300
98653
95454
93736
92899
85792
104095
104771
107769
109102
112650
111301
106411
107507
85930
104093
116858
110591
102044
85506
93715
90971
94871
92518
98931
114205
112937
112293
116814
111418
104515
108419
94130
90780
90104
97365
91624
113012
92546
100094
89243
93394
96134
104989
85051
98931
93081
96389
95652
89049
95490
88302
108283
96161
105665
86506
116697
89362
86737
115226
94380
91634
90283
100513
102746
88733
91403
106969
92967
103512
113910
97349
90584
104930
97788
104903
92184
92748
91579
86291
101148
92683
90788
115556
90499
108108
104962
88686
90496
90759
102199
90771
90682
107607
86089
103769
85107
110985
84894
108572
114280
111730
111364
111360
108281
96902
102389
99370
105482
98599
93464
111408
94249
115899
112906
100557
84849
99841
116319
102106
84910
96677
101604
89209
94146
103954
102439
94868
86599
95111
102202
113798
96117
94829
90547
100631
111174
105448
108023
102318
91353
94380
107705
87490
106516
104978
101821
100498
91790
110954
94690
106262
104108
102803
106079
88117
114698
91850
113997
92472
92188
94400
89958
94335
98837
109295
86796
98418
105991
85805
93325
87739
103244
91778
107429
103347
109094
89143
109124
99865
100514
116527
90258
89866
91842
89467
117296
90669
85466
116264
92353
91695
91963
114011
106410
113007
105999
114337
99605
114426
104580
108928
115772
87993
85037
103506
95460
93161
111013
115027
101415
108748
88949
92664
117367
116382
95287
87170
117472
92875
92156
92116
104333
96863
113900
110977
92046
94398
89900
102954
92633
102037
91141
99335
115086
95504
100418
110531
104319
98638
93657
115597
91375
97298
89294
114796
88986
94651
101205
111058
102134
116342
110903
99189
115385
88754
92790
92506
98971
86996
109876
101938
91997
89388
87761
97258
109834
95528
103508
94846
97917
105160
109068
106766
104995
94034
89719
95539
111618
106567
101474
95379
112890
109973
106578
87219
87883
90126
99619
115981
94296
99353
115695
106339
87979
113832
88881
94802
99128
98922
102698
105002
102630
107329
116100
89085
116043
87542
99894
112374
92087
112172
93095
90092
106357
113810
98326
105271
112205
100189
112185
92355
91213
100086
111396
112227
100554
90863
94061
101479
95393
109372
95118
92272
108994
108960
111498
113283
111600
92005
85460
112733
97986
113488
110956
97030
85230
95188
94027
105129
111814
94598
113409
113827
116227
116177
89757
116698
113858
109035
107981
111440
91596
90631
99398
107256
104474
90317
97126
116424
92057
114439
99096
110607
95530
88989
96761
102665
98285
112579
90297
105136
105407
90993
91331
93398
110849
101907
97824
85105
108956
102275
107672
103478
94017
97588
90139
103273
106230
106416
112736
85747
103886
89156
116684
88245
113399
91897
95637
110876
109306
86215
105255
91893
108607
116230
104647
92547
95440
102693
105846
114895
96606
112030
108056
106560
89481
112425
96213
100203
95580
90417
104896
91436
108567
107140
102838
94454
111666
86350
92297
110183
95390
93000
112990
85792
101198
108077
86100
91859
103670
91246
105575
107933
117267
90662
96403
101527
110891
110160
102460
86184
116310
115768
90829
90013
113661
88367
109216
113531
112866
111235
109342
106515
112480
104366
109095
108248
92661
111822
104628
89326
116989
98645
110266
98179
110016
98050
97874
86626
106159
91408
115224
115909
110827
101293
92880
88171
107271
109485
110672
98027
103695
116352
108954
90440
98761
117345
110664
116165
89402
116433
103213
100347
97388
116036
89145
87848
109167
104986
109981
110282
102046
115152
96816
114029
116771
106104
105745
110017
90814
108902
103566
99823
100546
93485
91205
102701
104032
89034
90761
100241
94759
87326
95496
92194
85708
94626
98474
112949
113191
91478
102588
107255
105855
102138
96589
104518
103175
100225
96472
98757
111784
116163
105764
106287
116737
109170
94057
103147
93101
100431
109492
117729
108996
97437
100236
115085
103332
109526
117718
112209
117489
112286
116214
95248
105434
97013
87095
112376
101534
95664
102765
113311
99919
88106
91097
105810
96983
108087
95052
101802
109624
94297
117391
95839
96536
97847
108547
105569
86652
97610
115077
90917
114388
100314
98196
109373
101944
104489
95158
98092
107505
113646
101911
98936
96571
105476
87668
87809
113993
109668
109623
93328
112266
104529
86500
93875
117035
114386
116659
115913
116445
86885
113023
88153
93144
95986
99294
103848
109855
89342
103570
88714
113670
86305
109088
116600
90866
110778
112318
108259
106337
109793
92786
89800
105770
92317
108665
106629
96005
116567
93158
117483
90189
98191
89995
111252
105477
116174
109852
115830
91418
107484
116626
112313
109543
86066
111822
113606
118014
104882
105087
93089
107814
113558
102981
87928
108192
109991
100631
97148
86959
115887
110050
99055
115287
112432
111474
103038
101732
88662
92566
101586
87726
109355
94591
99682
114332
96266
102762
87435
95463
114262
93055
100322
116384
102507
105464
101833
85365
104405
98949
95040
107568
100289
113391
99582
115840
103344
100604
105665
94716
114291
113556
100322
87653
103763
117537
113708
111403
109456
112444
85742
117811
92685
92037
90703
94168
100169
103378
97506
114736
113553
96141
98170
106896
99700
87127
109888
94802
103032
100337
96770
94165
106507
112989
103118
93382
92348
90432
87232
113822
94635
110987
108056
96364
117822
106586
91535
98517
106518
104989
91116
90457
102722
106229
105426
96472
87730
85857
105436
101204
103662
109593
87788
106744
86280
101690
85695
87641
102350
103588
117957
98813
95557
106400
105776
86810
96339
97223
98379
118175
97980
90911
116238
116600
95568
99206
116719
117518
112738
103764
111866
99086
90235
116028
91172
103276
116560
95603
106717
99239
88306
104980
108004
106062
99653
111812
113247
92611
91571
111506
107819
106047
92961
112416
92785
113942
108578
99336
100218
109885
101227
107385
106692
98569
106120
96033
87637
117049
105677
115792
111183
104759
95886
96858
91589
106651
103571
112701
116685
97777
94150
87427
117462
110268
86319
94826
89148
114875
85538
86851
90650
108650
87223
101144
117600
90316
89211
113041
91685
112744
102245
90136
94270
94097
98060
102972
103951
101355
113174
99667
86945
99627
87540
115556
93173
110366
114893
99652
92824
99565
94135
96254
91000
113055
113965
94584
91382
111071
101310
88148
86076
117504
98562
115477
101329
103230
93394
103043
115818
87879
110776
101200
110596
108794
113573
111355
100143
115566
93666
95221
108717
94262
96585
118019
105275
86499
102837
102371
90543
112587
98743
95026
87363
89865
96139
97165
96817
115909
106058
98295
98944
93622
87904
118138
95005
116452
108609
110097
106285
99251
110680
87750
93602
105757
113472
98584
105740
87615
115511
111519
96690
92695
96208
97779
113122
116364
105704
109513
95365
96430
87514
111455
91638
110144
110839
90907
96021
94324
100144
103023
113303
97269
99350
88575
87200
88618
92677
104198
98451
106426
91803
114165
108841
95307
101231
114782
116416
116624
114432
100881
96246
87938
113132
88453
100471
93165
91235
96121
88595
92975
108506
102874
91156
109628
100612
114152
113870
109030
105982
91541
90487
97116
111818
107565
110649
112112
114174
87612
116870
105501
85949
90285
116140
114120
87271
95023
100265
93638
113805
117213
97856
110751
114088
111133
109132
100497
99082
87752
117077
115416
86932
104332
89953
109101
101034
94095
103180
115341
95460
110421
102363
94779
91398
101860
90830
113672
103731
87334
99636
93906
108637
109966
100803
93771
90112
118014
106472
96507
88592
101609
90460
102281
92976
109493
105976
90422
92452
114019
104906
90538
96649
102257
94568
93171
112835
99327
104580
104139
118072
108594
108225
106009
113340
100822
91845
99771
100939
102471
88976
88451
104958
89233
110604
110207
108856
95446
115941
117118
95520
114416
86170
102095
96597
101976
116181
106316
108765
117062
95224
116376
111454
92442
103928
106148
109200
88571
115566
101496
105458
97726
96235
96816
94908
87561
107660
94788
112149
104888
98255
98317
96135
113023
100261
96645
99760
104401
92617
104015
112442
96257
116303
96247
90637
92328
98432
100218
86722
109894
102885
117769
88155
92972
103330
106250
112690
105881
94726
90464
106032
103715
97887
103916
89407
99928
86803
99667
103426
93094
114156
118530
100803
114296
107700
101232
87981
117666
104450
91043
111163
108287
100435
115190
91888
98904
86364
98329
90697
93064
102303
112217
86512
112094
95293
102434
112434
103107
101131
117186
97715
105885
108263
113519
92768
89843
92237
103820
95910
101073
102949
111144
93153
97902
106719
106440
86808
114956
88002
117094
101607
101408
112769
90041
107964
106163
104720
92087
113223
90120
117685
103001
98347
103807
101730
115102
116474
110521
110146
89810
99680
94973
108690
91664
116382
98010
104882
117510
101434
96526
86396
105208
96245
90023
93140
98311
86526
116328
108672
100788
114533
99182
95547
89760
113874
102164
89604
113557
110967
105235
87996
91082
110147
107758
104688
91747
109913
100237
95476
89400
91584
86055
93489
100567
100188
88678
93375
93644
95005
96198
90679
87840
115574
108095
109506
90655
112913
104995
100726
96094
90049
106313
100835
87293
98232
103787
107752
101930
110330
101325
96460
107494
104209
114719
89481
105228
115458
99493
115307
111503
100737
86421
100826
107779
92001
99777
87924
99423
89678
105077
99424
112385
109502
118435
110046
104178
93221
101693
102946
109676
97896
103139
110434
106649
113557
104126
88366
118174
87761
96940
112640
102360
96658
116381
91924
113765
94222
95037
107641
90343
96755
116691
116585
110724
103256
118632
94422
115250
117235
108845
109125
99377
94861
112663
91871
100568
86708
95692
105157
102549
103088
93378
89253
95536
101304
105893
116107
88655
116325
87034
99065
116543
114022
110083
118585
101873
112758
89058
115698
107331
86923
88576
113402
117889
99920
109232
110955
116268
114646
86800
90361
116730
92806
106288
99202
100893
93275
94583
95463
110536
96078
106818
108315
113392
114193
109773
105593
93520
90367
115287
89179
113327
108372
91265
103912
110693
88217
110072
91437
95772
117347
96339
93808
117716
95805
92735
115648
108842
109539
110809
116945
90585
111537
92251
100615
95105
95578
96251
111569
90279
95965
91408
111416
113917
116661
90487
102584
118500
109648
104757
105550
92720
105923
99165
100818
92203
94652
113205
96391
90332
114360
106132
104689
100745
86134
117390
91366
89210
114859
104275
105960
93696
100343
113237
99762
103094
105240
114089
99601
113415
92254
87984
111861
108528
117086
91638
97736
89351
113899
102234
114942
95165
97602
86384
114926
111584
116357
97571
113376
103780
90475
91807
92007
102242
116277
117870
87281
88161
93156
113120
86172
97237
104361
92337
86347
92389
114845
91622
104698
89713
89010
97784
98382
88148
107497
111668
106608
90598
111302
117090
118556
94661
97538
103845
106741
111318
100223
113058
91676
89734
92289
92900
87296
101462
92442
89983
87928
105110
88806
105716
110095
103536
95737
110165
89502
112937
86806
99754
105249
100516
87585
101522
108995
96552
105687
108590
89915
113250
116157
111674
115291
108974
107350
113021
96230
88978
110489
90980
94627
89739
86946
96490
103343
105229
87976
89274
115735
95429
102191
88216
104614
102689
103807
112637
104188
91922
110164
95745
113376
97297
106199
98942
112344
94816
103117
90739
107254
117906
90639
110502
101876
100941
117306
113550
107652
98895
94375
88431
90849
105903
114846
103367
99498
88165
96710
119017
108272
109325
99040
109288
118926
115176
87221
97974
87224
107812
102733
95885
115671
112221
105314
103310
89748
108387
115220
96937
114483
118334
87263
100540
109859
96879
111561
94719
118483
110457
110560
94367
110023
92320
118755
116393
114922
117233
118080
104234
94502
90754
89406
88725
117810
91131
105084
94820
88491
95061
107162
106498
116327
95970
113718
90857
88582
99726
104730
98823
92873
88932
100531
115815
115624
96084
110278
105741
110750
116275
103006
118306
107848
98051
104713
116561
111022
103541
115267
115568
112993
90028
112435
92515
106694
92228
98965
95293
91313
93587
99576
108201
118837
103726
96553
101769
115899
90799
105711
87516
116818
89270
86520
113125
118342
99118
117524
117130
93684
96978
104865
102906
97244
102895
110406
92306
112888
98923
108517
89346
101453
103686
94154
104107
96959
100832
105001
106828
119081
92732
97223
93406
111789
108419
89591
99516
101705
109452
89544
115207
97963
114202
117629
97609
90951
91046
106045
99160
97702
104799
118796
119166
87041
103024
112122
89302
92686
88705
108698
92409
118042
98688
102582
111066
108120
111777
109633
93423
116601
92323
106381
91538
91516
96598
108223
112806
95688
90714
97151
95101
90488
95529
115444
104953
99062
110679
104431
88050
106955
105497
99686
90584
90293
118789
99621
116890
86522
99864
87744
115910
108029
89853
115404
113905
108559
113548
106062
101209
97671
118674
107124
116425
88853
119248
93315
103101
107603
93510
113169
113351
108957
87985
111988
105777
96291
110930
91770
108772
94268
102897
105307
94856
103934
91938
89579
107757
118795
100295
117012
118954
100525
106710
86660
89860
91430
89948
89251
109585
100161
97218
107720
101405
101677
100943
90540
114764
115595
111855
108063
106113
114118
115251
89081
94335
116899
101784
93012
118350
92953
87308
90616
96225
92514
98222
110359
94709
97874
115158
116539
92732
114408
115285
115836
108219
89123
107774
87798
99440
112406
106085
104826
117049
97087
95462
106116
118001
111381
103145
117101
114140
101088
101989
116706
99397
112077
117155
114581
100709
108866
102725
99378
91527
107119
88966
92565
113002
109094
101571
99898
112359
101100
91451
96757
105683
93520
97299
101603
109095
102011
93085
113312
117854
115977
103129
97722
101663
116759
102460
94054
99100
93341
88497
102258
117306
118015
103902
116859
116466
102110
105128
99424
112887
113460
111865
91382
90393
89248
105920
95486
114281
88062
114746
91476
108190
111419
111985
109161
114103
114279
104706
101874
102626
86796
105250
100578
88221
105919
95203
96662
108059
108020
105396
100944
98281
100375
93479
89063
111057
103896
103416
116925
87039
118982
93514
87024
118114
95007
113971
104661
87381
96998
89467
118434
112767
92983
117153
111722
91383
112600
109599
96591
98732
102160
119023
95475
103685
95676
106830
115759
97988
92575
101568
105992
117040
97786
99156
95454
103795
108124
91433
112615
108353
107452
101169
116956
86970
116677
118069
96754
87954
98929
108826
108556
88175
93657
94050
116015
103826
117836
104694
91958
101306
109726
109090
110279
102469
108738
116449
105093
108441
94875
89179
105095
105154
107280
99244
96266
102492
98143
98791
91490
109748
108723
100698
117303
97578
92664
106516
106477
111322
104430
118693
94820
94331
112508
98853
88290
110470
89672
110712
97101
98459
98692
116175
96158
109346
108299
89202
113554
94254
109740
112574
108194
95398
104901
106345
100406
104102
110356
98318
118294
111139
108747
95461
96033
104654
91874
106193
106049
115003
94129
93345
111006
94531
98494
112783
109074
92071
106964
89869
87774
116981
93781
111298
102811
86960
100560
94671
93811
106411
93398
106582
113808
93366
103178
93245
92885
115836
105336
97839
107724
95148
94760
89060
113632
106071
106994
114595
110797
95130
117139
100613
94548
115836
91905
109307
106035
98841
93436
113426
93524
91905
87782
99830
97349
118747
110292
118069
108264
100174
113125
102982
112236
100641
114387
103114
97403
98464
105159
88593
110261
99906
104562
101344
104030
90250
114009
117874
92243
117803
98672
92604
88387
102255
107755
109046
115227
89305
104529
90966
92354
117002
109266
114975
114951
88033
94938
88538
113112
91366
107750
96995
92852
92905
117911
118056
111970
93926
105476
112430
110564
102956
116053
106581
92839
102334
103054
96604
91900
108794
110504
110119
119244
116088
88806
91328
87686
117301
94054
109981
106077
93169
97783
100641
118705
98517
92202
91748
106954
103769
111020
98103
88268
116837
97234
111971
114151
111286
89974
87346
92111
89476
104706
90417
92012
101474
113354
117555
109778
89701
88479
114329
112755
101000
92064
90065
93331
113487
110932
107805
103165
118187
110838
109718
92917
96030
109584
111472
119661
104223
118604
103039
91516
112576
113798
91130
103179
98702
114469
112256
105938
108217
105132
94552
96899
100725
108428
118269
95300
106911
111165
101082
107619
91556
118924
113490
102981
113311
106807
88323
102304
110529
108983
96844
107754
100598
116317
119308
107026
89285
90272
89261
108397
117112
90038
89698
113395
99710
100193
104108
114091
118541
112908
118051
87396
98060
117526
105331
106150
115503
92782
104613
113384
115556
113248
117152
102147
112238
108206
97007
116199
109007
105443
92100
93069
98540
104932
119357
111661
94060
87240
94439
115632
94945
88041
87425
100712
102314
89915
110850
99327
87320
88797
104669
98733
93391
119022
110979
110766
113007
102818
90665
103412
116852
94613
95692
110617
105307
97887
118131
99479
101383
90472
100277
107835
118882
91390
115066
100311
90439
118692
119814
88632
116896
100781
111667
95319
105163
114954
87805
113363
106307
98145
114500
99743
93308
91743
104654
89848
97038
99918
99468
110235
95254
99050
96798
107828
114393
96880
90776
97305
102827
90873
118919
89400
100880
119302
96559
100175
102432
90716
119575
98907
100656
109586
97736
96338
105902
99048
87761
99860
104013
93914
90126
104607
103522
103157
88874
109187
108942
95850
114275
95639
103070
91105
91789
93417
104879
119567
109146
103163
91030
102539
111320
98348
109695
104413
113979
109940
112595
119768
109021
87892
96096
112939
97411
101645
110004
94002
111074
114705
102345
97042
101986
92087
109032
106756
117281
101682
101319
94193
114235
119748
98293
109376
96073
119087
119415
100076
119079
117357
92852
92633
98299
108704
113806
109160
109170
113228
87250
96585
96589
103620
99538
93840
114717
109026
94544
93451
107338
91643
100510
118739
89946
92690
107524
103970
103792
112204
88162
98660
114963
88228
113174
88465
113457
95200
104480
117689
93796
111300
94852
104161
106611
97157
110576
97037
95516
96129
87711
106142
101905
115500
117885
89566
93248
88654
90764
112858
95831
103532
110470
119664
116872
116099
97732
113576
110986
87805
118878
92744
98528
93405
115604
111010
100957
92989
117869
102065
99048
94202
105373
102500
105085
103598
108460
117050
96116
101598
107093
98063
96006
95349
89389
101686
87821
90737
90501
109767
109835
103389
114576
104250
118382
115455
88265
112437
101906
98002
108943
88995
94984
104119
87570
106758
117910
93799
97907
99598
116606
118316
106023
88170
92291
99153
96925
99038
102442
91350
91424
118166
93118
102505
119806
108474
96150
95122
104170
104770
95899
95534
109215
88076
99076
119582
94150
111403
105572
100416
117018
116867
87783
118430
91338
112787
102360
102886
111902
117905
117607
91675
89182
115388
106410
87689
102384
111854
119009
106750
112320
118128
99070
110903
116453
114195
107621
94361
108161
109948
95728
114210
103400
102080
119862
107166
88325
104241
108045
103710
118266
116343
103501
91046
93959
111842
93911
103462
100781
105470
90838
119211
115987
118120
91717
113111
100776
101345
97458
106127
101386
96929
112961
102387
98087
104173
106995
115347
111010
94188
88104
107999
105080
102583
109155
114400
104675
118959
95054
105254
93054
97811
92670
94210
107178
104146
116599
113141
102961
99229
91507
94311
99882
100673
113247
106908
114461
91188
87719
101093
96615
115309
116531
98579
99295
102265
98610
113969
108985
116428
113430
90483
95147
114773
87775
117353
99407
109397
115101
98424
103369
109424
93232
89483
118441
117765
115027
113414
105491
114107
113881
113660
102173
103004
100405
100257
100216
92903
114752
100354
116051
117728
116791
98547
95356
101355
118275
103241
94920
102553
91070
98378
120246
118146
119410
115042
95055
113044
100900
116760
94800
110250
119569
96831
107915
92000
107575
114289
112267
102182
115479
109753
90999
104596
102586
112528
119864
118270
108530
90379
117470
118855
110818
118866
111424
96250
101824
88916
120291
117910
115930
88249
111134
99882
117719
118296
115579
118050
104512
118379
112223
109665
104767
105664
118766
92560
97958
91953
101673
112565
94514
110101
114009
96263
106514
109432
105393
97537
116643
118473
109615
99253
103806
106707
90051
87907
101812
107503
115635
119626
120152
99447
114750
112318
99902
109949
109184
98171
94211
103869
109973
114233
92749
88273
118529
104832
105556
94372
102991
94910
89506
107305
98297
90519
103447
96333
103304
96636
111407
117802
120060
101759
114824
119165
106862
91749
98718
104538
91892
106237
112345
93470
88005
105137
100299
107430
88222
117339
99506
107198
110180
111450
90437
115676
110346
93412
117933
88847
96693
100253
101073
97074
96798
103273
111318
117349
113464
112511
112358
96958
118036
102592
104753
113467
115201
117318
94770
111867
100087
107583
109620
92334
105270
89340
104468
98379
92970
110661
114504
92417
119442
90352
104224
117103
100833
98482
96588
108567
99044
92724
99743
120336
96422
106857
119059
94716
112273
101920
99852
104250
88789
115925
88545
101725
104462
119245
97176
101340
113185
113250
90097
91658
94822
108699
102055
111433
110349
95487
120050
116603
98746
98987
98640
102330
88435
106915
101509
108361
103356
93030
119776
112842
108800
118213
116929
98225
96307
112628
112984
97784
95670
105954
104111
113173
115067
116166
89067
104745
92265
103418
96975
108922
120066
117005
94593
94499
111427
91668
93585
103690
117707
109376
106551
93203
105024
91318
108508
119443
107247
96666
111324
119304
117682
94573
114571
94471
113687
91034
105846
114549
100542
99659
103403
94970
110083
117121
119227
108467
105949
116580
100926
104743
91398
88792
91032
92029
109405
111440
105019
113900
103304
115943
97709
92018
114141
118701
109196
113353
94851
94526
107983
118423
112340
95386
113998
93413
119302
119856
119173
115922
99595
107068
93332
112008
96693
117587
117387
116080
109854
91964
112357
104866
88391
101378
90962
98720
107007
87879
105402
92995
100615
106971
97150
119541
93555
102798
100353
99361
105043
97602
119911
114152
108691
87876
103068
102422
112672
102876
112024
99412
115788
111138
100578
92063
104308
99604
90451
116728
106976
109286
117533
96861
112618
93337
88332
113913
97123
102351
96523
117144
95282
105694
94697
93277
105534
117539
93789
94903
90767
100249
112968
99985
92592
117161
102203
117193
99671
109124
108857
116196
113479
94512
91326
99328
117622
101535
109823
90377
99179
108294
100724
94768
90347
118572
95636
101785
116692
91778
91616
117588
118601
117170
106018
103055
92687
92026
113911
100106
93751
113083
106635
92875
114686
120013
100516
116754
107505
98582
104930
96143
97365
103131
108101
120531
95685
95317
89839
115461
91933
103944
119595
109526
92311
112976
90287
119478
91700
117053
96542
100937
110942
112032
90321
100884
120267
99430
117463
109181
112036
101669
95802
105714
110823
103157
110724
95336
89098
110721
90498
102919
100833
117342
99400
117283
109761
97179
110965
120175
119526
110745
106169
90733
115218
91164
112532
88873
95863
111267
111456
111399
100567
112629
117905
119194
114666
92925
97596
93142
119040
93143
91350
91144
103399
96299
113471
98341
110095
96698
95486
101664
96492
90934
97487
115296
108444
118615
108123
96625
94154
103979
114246
101882
113106
117934
88942
96751
105509
90778
120178
98823
108016
119424
99442
99953
113912
104472
110102
117699
103112
90326
115666
118835
95503
109245
120424
98569
97604
116088
90798
91220
91019
92583
88977
101084
96476
88695
103770
89689
101474
116085
95792
106466
114721
119972
102366
109224
102620
108236
100055
118500
103734
107030
92791
88334
112663
120022
90764
104784
94801
88232
120341
98106
116612
93118
94026
105911
100927
111736
106716
109376
109415
90933
102525
119375
104669
108138
101027
91671
94043
107761
91017
118642
99231
94883
92535
116251
100044
111400
117828
109085
117261
89870
106009
102795
91515
89881
119159
89714
116289
94682
88188
94476
92157
102275
117090
117302
114026
114682
109640
111140
101437
104236
120373
112468
114764
117668
95578
104896
96757
105308
111255
95832
89022
94931
101441
116399
88889
100959
118307
100597
104747
93637
117442
107557
99564
107015
113126
89215
118545
89469
90197
93241
94025
99879
91362
103538
115077
92738
95910
113255
97884
91929
108686
91369
103085
94750
108054
110095
105094
112697
107859
97576
99140
116576
113207
105715
104700
95848
93969
98835
99098
98075
116307
120253
95304
97930
100760
104628
102802
118693
100837
94839
120007
95240
111919
98488
93730
98072
107806
113425
92457
112463
101137
114419
104662
90580
105826
104415
102133
93263
92651
120792
107213
92411
111049
103448
117506
102653
111199
104962
118458
114932
98206
94296
102911
107473
119684
96430
98661
98281
95971
115998
90348
88648
108388
95806
98855
91208
106187
111951
107934
92003
106365
106167
101234
107334
109119
110770
96063
119334
115008
102980
109382
116567
89178
116338
106188
89115
94869
106417
95165
106168
113901
100255
94101
96205
104021
93937
97152
113125
105723
96684
94144
118605
96462
113561
110160
96803
92990
104690
118983
88752
101442
106338
93566
110584
120992
92973
112629
99982
95593
93354
98419
117165
117954
107002
120557
92805
92138
104692
120105
102867
109177
118111
119844
102324
119526
112484
102576
97723
91212
106050
99169
116545
89454
99140
94122
101372
90360
112881
93764
102612
111368
96898
95951
111345
110572
104345
109756
102681
106542
100399
95082
89913
101837
97486
101775
104513
97998
114433
117722
98869
112883
95754
102103
112769
94923
107474
106514
110734
103915
93734
108159
93330
95866
100383
113177
118956
107507
118754
88778
118320
112422
95370
118411
121152
115072
112739
109260
89244
115085
107353
101654
106426
114875
113072
116463
119578
97889
101109
98558
112340
117759
109876
104815
102259
97992
96363
115097
89349
105053
103999
106206
100467
104668
113134
94931
97039
95257
103557
102049
119916
119851
121171
103852
111218
100139
91805
119666
114609
108088
91795
108725
97270
101310
97411
119772
95004
98040
119373
104599
120357
112820
104983
101058
109194
107863
120897
98444
99278
100384
100763
94168
97113
91057
96726
113379
88708
117707
89657
110631
109297
99417
100501
115072
106781
102832
116347
112270
103736
106005
114860
89690
97844
120959
93905
99388
107292
110751
95085
109564
95911
103454
95247
121143
119053
102694
115148
91652
97305
98851
91628
109784
116095
108235
91876
100775
101233
118364
121221
95820
96109
96036
103026
116267
88921
100167
101335
115989
91345
99005
119640
114028
105152
90778
103496
108935
121133
94610
102940
103511
114520
119228
108319
93515
115718
102294
105319
119666
91161
91722
92167
105440
106339
104751
113286
104274
112572
99987
117904
88853
91730
120760
91116
102691
97089
94748
102062
103312
105316
101885
94126
120612
102506
103965
110392
92490
89900
111811
91141
99624
104509
111106
100458
99344
104131
100157
118736
109847
106886
117739
94308
108547
107079
90008
111888
104299
91987
95532
93097
106009
107352
90992
99178
119731
106358
89806
94113
93339
119705
98393
107176
104723
121095
114189
111895
90021
92981
112727
101688
95938
92895
98520
105147
90537
104279
114278
96939
119946
94750
119379
104353
107499
98481
90866
105016
115532
90277
94040
114112
104198
90614
118880
89399
105849
105373
117490
117877
111462
110176
104324
119206
96154
109038
99040
119549
102861
116779
101416
101543
90313
94921
107544
90878
119759
116504
94604
107776
95030
101407
114498
119551
89173
118507
95968
114073
111779
104743
118073
102635
120861
95725
99276
106498
116456
112860
91021
99474
103992
113515
120041
91883
92272
99452
112900
98856
110731
101941
92229
112810
115898
105995
96788
117957
99406
90911
113122
102840
103641
118478
93546
108771
96912
88963
118839
106292
102388
112080
92263
98019
106674
97214
104622
108895
109511
99937
103326
101768
102631
94639
103461
101918
109856
120466
98135
109689
109243
92987
119661
117627
100451
97722
100366
106180
105353
97483
115662
104996
102918
99059
101109
95574
112386
104396
117633
104427
98069
105373
92782
98692
106413
102702
112180
98884
112048
113115
90770
120709
114530
112614
94602
98506
93576
109330
109997
90357
102350
97133
104856
98235
106598
116333
96447
98132
111346
107070
120169
105079
117412
109403
108540
114309
88995
102492
99195
103941
97201
102414
93005
104272
99852
105929
112192
93069
112273
106494
107213
115168
98343
97552
98462
90847
107099
92773
103245
104518
115272
111036
103023
113899
101050
90305
92881
100596
104339
104158
107777
93767
110701
91477
103696
104770
104064
95628
112535
92589
92614
92583
90104
96236
92510
109404
105446
96889
103215
105731
94248
106386
91853
90349
119449
110383
118688
109303
99700
100663
96835
118879
112590
119795
104746
100822
102244
93891
89224
105430
98199
97552
106863
121141
102837
105857
105529
111611
98938
106866
98856
118897
121047
120994
95817
118394
121329
116011
114078
113958
97901
117688
97915
93317
117995
111602
102193
102841
114128
101691
104426
94543
101449
117663
101332
99280
104589
110855
114050
116882
114530
120496
103055
113364
117474
92892
105092
105738
90239
95944
101627
102006
102469
114909
94981
106232
92511
106282
98250
120103
112605
118290
89199
121504
118708
106306
92989
115359
100614
103655
116223
106188
119204
113949
97195
120407
96210
90538
119109
95046
102986
90092
100865
121358
108931
113936
96936
106337
99890
117381
93244
94280
117010
93872
102879
114801
110560
91618
103921
111306
109482
102279
98937
94287
109642
105376
100550
90399
116014
109683
93270
97238
102234
114816
103670
106263
93359
96440
101419
108904
102509
102122
92625
115523
94455
102526
95234
102249
100054
110949
95801
111994
97537
117584
103351
96963
112219
89376
104742
89431
117886
106142
102781
91489
93111
97389
107043
106680
110673
102461
94807
97460
92439
92480
106959
94785
90900
112866
103071
112689
107165
112565
100957
94167
109970
120490
93827
98257
117472
102535
106516
102693
121674
94101
113283
90768
110442
105369
113104
91674
98034
99334
117748
89326
91448
96881
119167
91497
100082
119109
119168
110449
116029
119480
91301
117512
106981
107518
121763
116000
112864
92348
107736
100017
95003
113343
111919
109066
120442
117230
96325
113253
104218
112765
101322
102845
118233
100196
117289
116964
96280
108304
92267
93648
107711
98392
109400
95285
94850
100786
96224
103514
115555
113831
115386
101413
117112
98180
107339
95863
119023
120659
101833
109760
93007
95753
96416
91850
90112
96513
94485
101593
99854
93097
90921
94198
92970
90748
104640
89224
93170
115248
111618
113444
106866
100144
108802
111526
116714
106828
96925
99969
99025
112559
114342
102483
107035
92434
109888
109501
117944
89136
114570
91505
111709
111738
106882
112268
112262
114443
97059
112935
102076
93150
120017
101160
97811
91967
105207
119646
101368
92031
99567
105678
115753
99052
90914
97351
103941
107008
104560
111677
112902
90585
115410
117460
113292
97001
120637
116282
104668
98287
111818
99130
102248
100646
94997
121358
96337
106428
94178
99701
91946
97669
90119
98310
90367
95473
92038
117700
120213
103740
97529
120818
114164
89828
105523
96553
99363
105568
101412
108455
104499
111375
113661
96234
120446
98415
97173
98686
107313
104335
103179
108563
89864
94919
97710
96978
104793
93606
117785
105969
107348
105260
94626
94853
92297
117817
98550
94360
110763
121414
105469
92028
110227
100947
105220
104542
98439
105504
110362
89886
99773
121248
99258
89439
109851
113323
107435
121818
106817
94451
107813
120311
95689
94265
90421
91038
113101
116417
113250
95562
103338
121347
112273
104032
117252
121763
94246
108992
89611
101027
107116
119961
105212
103640
120119
101249
114410
109722
93128
95685
106686
108224
105200
105213
96125
111820
100985
102116
108233
102242
107969
102247
111787
107775
90024
116988
117903
106727
93612
111925
95120
89695
114259
116629
119286
105501
110282
122018
112125
99325
115659
106299
111577
121589
92611
120876
100086
93515
98357
121856
104580
101125
111705
101143
118579
108706
93962
104440
101435
96263
121311
100327
96672
101820
114583
106939
101812
91736
117690
114410
92125
90170
93565
111334
92824
97658
90598
113836
112318
98847
108850
112281
93191
115347
93044
96384
119500
112212
102526
106491
119569
107243
102148
111358
122050
95010
112383
118962
107837
102002
97104
91264
89617
115899
97958
102251
116997
107064
92065
113572
118109
114609
114744
101976
94808
90866
91224
109517
90877
99197
115661
98733
89879
100220
97126
101282
114047
118009
100692
116258
91033
119633
106708
115597
120353
104678
90382
104309
116520
98581
95036
101436
116057
120424
119822
120549
94337
113932
117837
113956
120655
108933
122048
90551
90712
110496
106828
109305
94301
114089
94046
96181
100305
104415
111502
103992
115094
108581
119420
111018
119048
95738
102654
108958
118076
121515
116606
100327
106377
116167
91293
100525
113480
107988
99100
92353
99033
117056
104189
93742
97767
117659
95717
89873
115948
90883
114373
121514
116215
106975
91321
116914
116397
98512
90417
119535
116621
115940
119118
105735
109689
103949
98959
110226
118386
121298
111276
115570
121508
108101
100034
95847
107170
90421
97713
96734
115186
90020
90562
119562
113868
104827
97678
117558
97311
116093
104475
101210
117461
94586
97351
103916
112728
92869
102250
103160
99413
101096
113463
107123
96192
113813
110307
108749
118552
117984
113546
117189
104940
122028
118734
99713
111518
99939
120513
109534
112999
101355
97797
104965
106907
106709
108337
95807
120878
107735
100471
89610
99448
90748
114820
113260
121909
108058
90536
110215
108496
114949
112695
119918
121825
118018
118831
113719
93172
115710
97818
90449
113292
114688
94006
100888
117351
96093
99540
116135
103684
117035
98046
97261
109155
93687
113244
115716
97804
106683
99673
95421
99666
119818
118913
107392
101081
116622
114221
99667
121686
102836
120163
91704
110486
94630
121848
109244
96194
97658
105463
102349
93153
98472
104519
105676
99742
106178
95367
97251
116555
101983
103485
109721
95271
98393
111920
115875
105948
100152
100626
111357
109388
103149
103010
112954
113805
120004
116881
102169
102450
106388
116580
91224
118221
104504
101785
111821
121266
117315
102093
107186
103933
95472
105629
117569
111830
107608
92940
117121
98291
92904
111652
121695
112991
118545
114401
122112
96634
115009
118090
101974
110146
110099
112097
120561
106448
98499
109629
97304
106021
109028
97526
97561
113703
97877
114881
100829
113639
98929
117468
116671
102437
95622
120493
120990
104214
110984
112806
120881
94821
111367
104043
115611
106615
122207
92727
98112
113395
118575
120188
93910
97922
121612
100041
119743
98259
96374
112369
91542
111075
114954
98666
121096
106875
118266
105459
116965
100858
100795
110969
111990
108372
117245
91196
101906
92507
116192
113454
96492
93245
113765
97947
118063
121422
89890
116751
95053
105224
120123
117109
106387
95056
92813
102268
105218
97019
114476
115519
101978
101265
101136
110372
99191
101457
117259
101124
102624
114549
91134
119693
91038
95415
107853
110821
105290
115987
105360
110736
109674
113615
109196
120468
113918
102585
93537
117211
110421
120752
112644
106456
118565
117093
118000
101230
120027
100707
105241
94989
111408
101709
104482
111134
90877
100711
101071
100769
106832
99928
121277
99348
119743
99375
111185
118935
100092
118435
105454
121167
113578
91807
117611
104712
95599
107774
117444
95262
114763
96915
117007
104605
106536
94572
108210
108967
106162
119639
102868
113174
93032
104870
116497
121443
115187
100912
117362
114119
101047
107928
109724
113311
92585
117458
110663
109077
110432
111586
91122
92925
90222
110567
99285
101373
116464
114265
112664
90353
115300
94095
99138
100237
117179
110212
95476
106308
119727
120794
95447
112745
104791
115231
113107
114325
91897
105296
115074
90696
93983
114587
121828
116179
119789
93545
106324
94581
121521
96924
121018
119492
97724
93973
117763
117582
118897
108666
121038
103041
92571
92982
120680
93896
116740
99521
115195
100855
91459
90913
97794
91369
92885
116145
121344
110183
114031
92961
103282
98636
119443
90302
96514
118247
99426
120563
97533
94881
120753
106256
117767
116704
92254
112203
113678
107307
94180
98821
108412
103822
105006
106830
100529
92480
105641
96170
92592
107139
115613
120085
97304
100300
92605
122694
93527
95524
101885
106545
117530
97998
97187
122319
101383
108330
112801
106273
102575
109529
110114
98931
110782
110114
114531
116958
108661
113300
115396
113424
96859
95213
102687
117584
104751
91451
106328
104636
93728
114497
120373
112597
102209
99612
105584
91198
113207
93223
116491
98241
91956
95003
91108
98963
100394
95355
103049
114905
116792
112687
122701
108906
122729
116846
119964
90583
118429
101858
112267
91049
104391
96007
105651
98025
116313
110293
122432
91622
121853
108190
99397
108082
95622
96057
112211
111342
113702
122208
120137
91207
95969
120151
112749
102465
118849
104910
114876
106676
107596
100873
112255
117395
92851
113470
107807
117364
102732
112959
108858
117325
121538
113240
91382
119932
103820
117371
102038
96267
114459
111002
118091
98865
91992
104789
120908
94492
92237
112085
101416
99309
116258
95736
92763
101381
117580
97966
112416
91007
111873
95651
108935
109821
99311
122654
90567
114856
116013
103209
104917
92786
92018
101874
115766
122271
94341
106353
101649
98691
108276
114251
94600
97165
99337
98806
90440
105092
98810
100382
106079
100113
105056
117064
118607
122238
100586
106678
96096
103613
108115
101258
117050
120492
94097
90926
100274
109975
101712
104178
92389
109310
94110
108791
110467
93081
119272
94797
93806
105626
113445
94808
109188
91698
118353
109944
118456
122710
98077
122600
108136
93891
98021
98791
119275
113984
95714
95766
92521
105763
122017
115490
115183
101142
100787
114594
100546
109595
116647
106307
108788
93390
100149
109602
110390
108010
98748
110457
106477
92687
122863
118142
95112
90307
112842
120968
109840
119478
97484
122740
114432
117578
106848
97095
111192
95058
106652
106516
115693
100634
106797
95521
93187
104873
121490
96325
99357
122690
100745
94356
98068
92465
100551
95295
92007
94404
90604
99765
104402
98199
92854
101390
90658
117524
115317
109226
104519
92475
115647
113685
109483
115359
114276
95278
120514
91569
101796
93577
99555
106305
122528
108049
93270
97346
113423
110322
102062
104654
109618
103350
103256
122986
100874
113837
110709
107402
117448
118931
103909
108120
91781
121197
102052
101553
107315
110772
117850
116592
122068
95925
102701
91888
105962
104760
109530
95948
105518
109920
96772
116457
93572
106706
91340
116151
100655
99865
101281
118707
92481
98378
102745
104497
122966
102883
114561
102232
96130
119545
95218
92526
92296
119443
101541
109398
100429
108369
116169
122966
112012
95057
114194
122142
106442
122706
103763
111622
96909
119066
121167
114328
94409
90390
111821
122958
93339
119617
103658
91804
100153
104262
112819
109105
111914
103401
122611
120187
98994
115107
99914
95337
95377
120972
95103
110964
123117
103807
94743
91104
119948
121464
99111
119615
120902
110144
93798
119864
109242
122701
92550
107142
115265
118243
117189
105539
109344
106880
95167
115303
103938
93559
97670
107148
109221
100571
112372
101876
94931
105886
101440
115148
94612
111354
95952
91314
113314
112400
94286
97654
106013
117712
105470
116509
113792
121624
105039
99884
104148
112160
113328
115491
93987
115733
98212
101959
101680
99332
108825
110756
113509
91642
112886
93779
102413
114538
108019
114169
120515
122574
110765
104848
110122
98961
102138
117866
110047
112429
90489
90738
108716
123025
108398
105654
122623
94917
107725
102178
112026
105936
93845
117646
115851
94426
102751
114172
119391
112782
99895
106010
102291
105666
92586
104975
108107
115034
108832
106099
94790
93801
105069
122783
95506
99226
111010
100392
121468
113359
117033
110758
106827
97799
110609
99514
113710
119941
94886
112975
114418
109359
102725
112671
93176
97332
104814
107641
112103
104945
120091
105794
100766
106774
99408
122939
95341
120324
120052
111233
96900
94586
101599
111194
111019
106609
105012
95790
95284
113476
97777
105684
114734
96276
115908
111376
104156
105579
98849
103001
94310
94751
98705
105695
104397
99194
107085
96972
99108
90775
102667
113866
97278
98319
119832
100294
109603
120022
122279
110068
90759
90975
104553
121108
107644
119815
107101
109043
122662
110768
109034
94516
118063
99244
106795
91472
91325
122334
113546
96732
123297
100379
92560
113675
114642
91094
116475
120947
113177
114429
110353
110100
106765
106270
92981
103062
106050
116686
110520
109522
112574
98379
121585
98964
108460
121952
109200
111263
121941
101513
121647
121842
111691
96600
91690
112970
117479
110103
119217
98280
92406
120495
116507
93332
93616
120009
91005
106978
115690
110642
95868
113588
112524
91780
107359
113664
114500
122371
104553
111828
102012
98245
118885
119703
99210
113942
103042
110993
116263
99354
107617
101806
109091
92084
90733
119678
109143
97959
111211
103297
102362
114171
99409
118946
104824
119459
120156
116481
112479
114268
92509
102389
110364
113624
110164
116562
113606
110108
97855
103911
97913
106279
111412
116043
119558
102868
115118
114906
122089
109313
118053
108538
123004
95729
92897
120227
113770
116719
100111
98590
104293
100148
106517
121868
103964
121099
117795
119211
109927
97075
113930
117589
91333
117893
112210
106057
105737
116950
108934
100014
110416
97311
93395
119765
96310
110812
114642
108991
107338
122289
103073
97247
117439
104019
115512
107808
114532
99238
115962
114986
101590
108323
91787
109281
101875
93565
109026
115759
107923
119940
90783
92932
94067
108617
102046
114587
97650
105347
105676
106494
95488
114481
103993
97484
106707
105857
122223
92986
117467
97265
96259
104536
94841
100532
104041
98710
111340
96087
118284
104070
93708
118948
113054
108515
102202
96711
95149
116691
96919
112303
106360
98153
97396
109495
95232
97646
118026
107142
97634
107105
97387
103987
100451
101820
121529
117421
93261
102521
110742
95067
108282
108757
121819
109823
98094
93012
107661
118496
106794
97541
122381
120616
92541
99079
108686
95883
119326
109388
91852
98089
112056
111261
113660
113334
122181
101342
108030
93144
101342
101524
100314
98000
97489
115364
112746
109917
100341
120669
92500
104925
122938
107449
96828
107958
106628
121312
101431
100084
105146
92142
92546
123188
105753
96246
103796
91584
106959
110919
104625
114427
105669
106222
122273
117504
121788
122748
110880
92550
109723
98825
113527
123143
114183
111736
99723
106273
93749
108285
122453
120892
97276
116957
111762
117357
118319
115317
112828
108442
116009
118910
121656
92895
117417
91279
96977
105777
103393
110307
120677
118081
117193
95581
105694
114339
101305
121801
105060
103472
98359
98661
96722
96681
92174
104352
101222
102557
92064
120353
96700
107660
96892
94219
96765
92748
116019
93824
117844
118444
113000
103524
106657
104536
114727
110435
111474
123132
122488
96821
112431
108972
100403
95264
122260
102020
103701
119231
103780
122251
101396
92931
118876
103645
112880
117367
91494
101386
114699
115144
123664
117945
107642
108420
91708
122513
95324
107042
117017
100953
102250
107587
114258
120925
113616
97847
109701
118292
97596
108739
122358
110337
123444
109857
120965
115927
113580
118345
94685
94944
94936
120687
95215
104607
94527
111565
91551
100277
118545
111522
117692
102657
113594
107131
95798
93451
119991
103089
109963
99235
122536
98867
119939
120517
103591
113797
119325
103616
98777
105993
120777
103831
104770
105598
120791
116648
98270
112838
114736
118667
113901
114156
118084
122685
115854
94565
100675
100478
102543
104598
117648
102007
113540
96151
117875
96928
119318
109879
106766
96481
118430
102464
111506
114424
94963
94716
101298
99098
95359
92663
97112
116189
110233
102151
99223
95061
118543
115082
99810
106365
110849
92911
103803
123353
121334
120440
97581
103514
118057
100157
118078
96642
108836
110453
99744
101832
115600
109809
110695
100414
112460
110313
98432
118385
104636
92411
116895
122769
115812
96113
122489
96978
97205
121027
114228
99601
115750
106588
98843
94651
113799
116385
98967
111339
122002
113200
111194
95442
119492
104037
101086
108636
95339
107299
105742
106768
95231
98769
105027
117305
119221
109474
92529
112451
113234
107802
105635
103271
116797
101070
121508
111755
121561
121707
102655
120163
96273
107257
98858
113373
93237
93025
99327
116924
105476
103981
98923
117122
113930
99216
105066
93588
92204
109222
123187
116121
113281
100092
109487
113699
96355
98131
92720
119441
91846
108961
93280
107828
118473
102489
106872
96944
122763
122092
108722
123557
123456
101264
116224
108431
95364
101440
102142
104427
113902
95492
123941
92828
118249
108914
100930
115340
109247
105333
96295
103830
107255
100685
109729
96932
96225
122071
106666
107284
98415
102415
109023
99169
114502
113363
123188
93951
106261
110058
123366
109446
117030
114500
95409
114451
117299
109443
97092
97771
96634
110779
110578
105314
120339
116342
101802
115196
118402
104188
95273
95953
108169
105937
121966
117814
94016
102270
110958
108441
116071
93844
106762
106157
117242
94703
96574
110536
100614
106552
91547
121225
115388
115885
106743
120253
117443
106789
94051
97155
94675
98638
95325
101551
109952
103226
112967
94829
94803
108826
96280
109863
95263
116809
97874
97192
114834
108940
113716
97665
92171
102040
119856
119979
108715
102612
114335
100975
118703
118113
120244
113539
115965
103000
122286
118646
95484
94546
122194
114509
101545
121646
121497
110447
113640
108814
118694
123070
94743
112291
93178
113927
116969
94635
95723
98972
102770
98999
122962
119615
112510
95026
92293
109122
93991
95391
118917
97773
123047
109858
100728
102432
116330
109890
123481
111161
110952
94957
102126
98360
92081
105916
105210
120610
102729
112761
105909
101027
108343
113631
115065
105974
121049
110240
95166
99338
121722
100013
119112
109277
120870
110513
107167
120364
93117
121566
97472
101711
93511
97261
121362
106591
93831
104288
114587
100505
109267
116235
115316
108551
120867
102866
98682
109661
101991
102324
91975
104737
112926
121609
116833
113934
116516
120327
111024
104123
101579
119691
97078
93304
101422
101911
94970
105336
104386
102422
111685
123446
99118
94568
98065
109073
120413
101914
107455
103481
112337
105077
120584
118223
97082
112699
98870
94024
105799
94509
123796
92947
97724
113360
103203
118651
110277
92017
114574
122830
112777
108647
112480
116927
101379
99736
103029
95241
104461
93759
102318
114517
111806
116460
97001
105054
121078
104652
110385
118867
118327
116266
100657
98429
120503
92214
122351
100897
96691
113157
117175
94120
92677
111834
93012
95485
113401
115108
122759
97591
120669
107463
102577
93048
93911
98591
110291
101140
118140
109378
123832
115446
119197
101894
104305
104512
95204
91972
121090
115762
103840
109531
114523
123213
100702
114167
120458
95160
100793
120979
93486
119010
103027
119868
120367
109161
118724
108824
94892
114747
104433
119336
104501
97787
107297
95690
108347
100262
95597
96130
91588
96630
110390
120569
94819
122630
112571
98374
123752
107960
95722
94573
91732
101972
101239
121125
95120
123377
116268
103135
92766
93721
113536
107523
108815
101416
115306
106109
95607
112629
114551
101496
117150
96692
96027
117097
121016
108315
121412
93264
122967
114628
98613
108347
104928
92371
116882
114699
122939
117720
115895
99962
122319
122103
98126
93021
120494
117830
111393
105767
123660
108150
96812
118191
110070
92342
106999
99635
101441
101332
104995
108188
98240
117413
110914
100611
96954
108456
103404
117365
96154
95718
115215
114675
112873
92444
93830
108221
116090
94492
97517
96977
95460
124017
102836
104110
106549
114242
92275
98397
117477
95097
124029
100274
120841
107299
102328
104912
106441
108058
97196
93675
96532
115170
112857
94034
101267
99026
120910
100524
97755
98676
109431
111745
119782
104238
112183
95997
102852
116257
100150
107761
95886
120913
92797
105499
123804
96774
109120
118951
115703
119667
119290
119797
100369
124310
108480
112797
100788
110175
118734
96177
93241
120852
118375
113474
118010
96244
121820
111141
120842
106523
114410
119030
103715
116901
106824
107614
98527
119830
103041
104594
116267
111354
109824
121372
109561
92872
102761
111582
101174
99340
109616
101972
123132
107461
96612
95257
119048
119820
113355
114605
109678
114679
119860
120437
118923
91837
115209
103683
94780
100891
122404
118936
108877
121846
91875
102887
118837
110401
97407
93468
101376
110625
100505
105245
102540
91983
115734
112656
95480
101567
118573
117533
109658
93567
102334
97141
95920
92385
117222
104083
122394
116956
108240
117698
103494
96688
105934
114911
115755
124105
95144
124000
109562
94950
115764
106645
103249
96634
117286
119854
94642
104274
121130
111614
121141
115833
114224
96766
96633
104793
96775
99733
118496
102690
100910
119062
119292
117616
111591
123019
113476
102696
99724
101809
110348
106658
98854
120131
124340
99598
109372
100731
107551
97552
122089
101847
104550
111790
110641
98329
93902
120428
120725
94865
111352
112565
109029
105374
119128
107645
118614
106099
117992
101925
115925
119063
97566
106911
108954
107439
92187
100562
101119
101632
101669
121664
107155
106544
111447
98790
113258
110540
102551
103011
109496
107024
122057
124253
109470
121442
107842
93217
121412
121887
95360
100745
116776
101018
107032
94755
124342
109154
122607
120719
102680
100292
119213
123689
112207
124561
120687
115689
112003
106274
113853
119687
99223
101528
99003
104162
112897
110696
99491
105890
99033
110360
102770
99612
109103
100931
118242
107127
107938
113635
94873
104461
92462
104144
113312
121364
92230
102531
103958
124542
97827
120864
95526
111645
110683
122548
114486
105739
98229
111802
117345
116809
113468
123109
91944
120486
100754
103449
119908
120547
105607
122554
110463
115988
115434
117546
111844
104777
117920
98701
124084
108910
95474
121040
122811
123504
116523
96489
102562
105634
110947
94816
95590
102238
113046
93966
105737
108527
100601
122917
109959
116654
115085
118128
99851
109932
119284
109020
119139
101904
113540
119096
105649
106625
97946
103225
116324
106695
106800
94145
121191
101997
99250
92256
108696
109097
96270
101148
114300
95935
118539
105069
95537
114978
118747
95884
117412
95196
118259
109549
115972
113073
119066
117514
97142
111487
99264
93539
104202
116073
121746
101315
122861
114484
110667
100804
109281
123889
111821
105109
113387
103645
99952
123643
93003
107397
116378
97430
112049
102190
94864
114278
92334
110963
93579
93838
107113
106032
94479
115031
123795
113311
120696
117111
118429
118721
95446
114068
124712
105472
94714
112388
124349
108562
122321
118231
95166
123680
92401
112151
123804
117288
98162
115278
112971
106144
111871
94025
104179
94300
112428
122140
123369
97969
113162
121190
111581
111835
103162
122582
93269
116124
95678
110062
95834
109094
100310
123655
104048
100411
114185
109974
120012
115603
112706
101549
120770
114302
102301
111813
115325
101834
117442
99002
93170
107495
93298
106519
98838
112457
118879
113812
93519
92174
117313
98525
100393
92385
113446
106133
98123
110366
102665
106907
93609
93750
124071
124556
100603
123478
108942
121481
94829
110147
107639
92218
98200
118921
105429
112146
102321
95188
95918
104917
114944
106142
114090
124248
105108
99850
111210
94345
97846
100368
94490
99502
95899
102619
118858
101618
112094
94063
94969
110621
120877
122255
114931
112547
114370
114398
112990
124896
104212
121668
119695
109986
123471
104595
123426
115944
102658
96107
109641
113897
100120
120667
110948
97624
105482
116296
117458
110823
93011
122643
106503
112906
100643
97142
106719
102141
94039
113967
96818
112136
112297
111201
112809
107266
94244
104759
101840
113940
111324
100042
93036
121791
111067
95557
92430
124448
93790
97607
108520
96115
121410
114312
108768
109783
97977
113600
116963
98384
97089
110020
120700
120082
94423
102898
97189
104701
109927
96208
121565
106340
109448
119280
112250
104722
113254
118295
95041
118159
123391
96413
114484
96671
120723
110359
117163
96012
104021
108084
115110
102821
94311
100069
101986
109959
109573
124609
95786
107163
98561
106407
108400
94560
100975
117413
120860
111851
98465
123416
93988
95788
118614
118549
93277
115826
121902
124424
98961
112433
102753
104091
104401
113924
98481
119514
106508
121838
111261
94612
99809
116453
95704
102404
103858
93329
115449
112304
106234
123729
100468
116114
114656
120447
94921
93046
102156
121077
99579
109731
104377
114895
103748
113853
121867
94323
98823
110570
119203
110799
111366
116532
101490
98530
113365
121903
101322
97918
109711
110555
122299
117836
96711
106699
101532
104720
93377
101511
101096
109614
103138
122928
102732
105326
109414
105570
107261
101884
93777
118878
109647
110771
114600
118889
94084
114586
107232
109423
111585
116911
98967
107500
92936
101348
106626
110605
114817
105576
115111
115986
116634
108327
92876
94710
113521
98964
114991
101714
99663
93094
123767
96895
97591
103456
118507
117242
104639
124438
107746
112909
97311
106669
124026
119980
106888
111138
93325
115614
101047
94990
121313
97245
110793
108264
103839
124734
108113
124363
108551
113492
106408
119673
107361
100498
120196
116641
113463
115889
95692
117597
121793
119889
104107
102399
120225
120803
122852
115469
94673
114630
122469
123786
98777
93104
112158
97399
114757
121168
108051
125082
103766
108082
103088
99198
103416
125154
100957
93115
115444
107860
96339
113271
99943
123011
96686
119853
114035
104281
100547
112302
124980
105679
94899
125029
92661
107349
117569
93406
113572
95604
119520
123530
107140
106930
99088
110012
114466
105910
111851
120056
100490
107692
103931
94829
100282
120043
122703
122560
124759
118997
99022
96523
109471
124671
115403
110630
108191
99731
124889
110885
97446
97522
100576
122657
118009
120221
104816
96316
119496
114005
111190
101343
103009
118657
116845
108102
124580
113873
116151
120127
98999
103969
112812
92718
113659
114336
101842
105813
110654
117041
100238
95826
105522
115985
124986
105961
95773
114106
98935
97540
106707
94728
107461
118008
117474
99995
101713
97546
118284
112508
93965
102706
107258
118019
104710
122399
113966
120824
120563
116346
123706
96504
109065
122223
120623
112410
120087
103018
123737
109011
93902
117278
106281
96791
93792
100556
98419
97985
124494
102850
101594
96309
123258
106530
114568
110404
104068
105700
96034
97104
124243
95774
98298
95152
119538
97155
102023
118869
96158
123946
114195
114094
103197
123282
124852
108490
113489
123874
124285
114877
121100
95093
103925
116292
124710
115605
111560
117420
108493
123527
120253
99567
115741
109257
109288
93217
100848
121239
116513
107018
113656
93875
103349
94485
108555
112998
112731
123241
96189
112322
102505
108885
94004
107819
98375
97521
101944
94486
114468
98562
116618
122639
125161
124191
115319
104193
93291
125202
121516
95410
109029
119169
119372
115085
120229
102350
92736
113572
94981
106811
120015
101877
97181
125266
112238
105964
100023
101252
108761
119338
99587
100368
95330
112261
124045
106534
95113
106832
110827
116044
120014
114140
99259
104450
110275
106558
121165
113057
105061
116307
105884
95625
116652
109058
99715
99707
114785
116929
100397
95556
118064
115803
101582
125340
110846
98544
106640
118349
110205
123965
116945
110488
101373
104989
116107
115412
100741
98896
120851
123480
97570
109436
123399
98459
100735
98161
94337
120474
107190
99505
100241
119162
120166
121136
115179
99183
99334
117336
104668
105436
102008
110160
125059
109244
104417
123518
99389
111424
122553
103243
94049
119225
121630
110886
101934
96441
104302
112331
123649
100725
96020
107717
109515
117614
122786
120369
95171
100177
96289
103110
93528
117019
94884
98834
108650
101760
103460
123910
96441
122510
93831
111285
106654
107406
98562
102745
103417
108587
111265
109719
124778
106198
121636
94212
114628
107112
118285
111847
120254
97033
105463
118337
123372
109137
97833
103946
99566
98990
106603
122814
98280
118278
113945
95256
119090
116637
114549
96797
100688
93496
122945
94557
93220
93059
94350
106870
111202
108976
116431
107225
98117
112737
98865
124113
122496
108488
104495
120001
122488
100620
122976
101037
105136
106223
103060
106235
117380
98735
92960
101755
108571
113193
125302
117158
115607
104516
122105
124963
104078
116877
111631
98704
93118
93471
115063
111230
93948
114118
93149
122045
96622
95076
97195
101851
93690
98963
97059
110311
113150
125323
122027
123258
118338
103751
121703
110073
107563
106979
117261
124692
107313
96841
115701
124562
96914
105228
95344
100177
115528
97428
125019
98440
97849
125052
105972
99920
115375
114232
116460
119651
110855
125691
94397
98339
97709
104663
100157
117470
108616
121127
124275
111952
111409
118314
125098
105321
93994
104432
113093
108369
110413
100474
114898
116394
96578
123677
95970
99605
99765
109351
100887
94199
107783
116165
100350
124797
121924
95012
98847
98525
118358
123607
123091
122335
116088
124793
120918
105885
94445
101779
111645
117382
109297
104895
93290
125353
121584
111118
113181
102193
116726
112296
105677
105515
94055
101810
100119
100752
111600
124533
107830
124031
96445
112572
94676
122826
97516
97661
101664
106164
101186
96700
100897
105721
119325
97453
108106
120847
96170
96281
106318
105900
114264
123394
105270
107400
118157
109194
120496
117860
94871
117009
101802
114251
93669
107678
119327
110104
106615
121728
116017
99384
109971
110133
124537
114353
124090
102794
93595
111715
100314
109572
123421
105870
115141
115327
124281
99733
123106
120853
123760
100866
109090
99649
105634
101065
120886
117316
114524
110545
105216
123080
98993
124848
109383
118980
96204
115639
116398
117919
99716
120110
108519
104600
115249
94176
118564
98661
106430
95707
110286
108058
105984
102513
102522
104781
96070
96898
116249
105848
97074
114686
97134
98462
101319
104101
113606
121650
94402
111633
98275
112180
95534
115959
120889
122013
99123
125354
100189
121853
111151
121824
106682
96355
97032
106937
98182
104317
100032
94717
109044
124672
117577
109989
95403
115274
125595
103070
96888
105287
100357
101321
113727
125585
100288
115270
97592
125659
93386
119794
110423
107407
116977
119598
99340
100022
95022
95203
95533
108057
96309
100803
121393
115621
96586
113617
122270
114964
93526
102691
124612
111306
96314
113382
117676
104957
117859
114596
122700
100889
117407
125890
110588
114019
119855
109389
100910
122076
99101
110838
103257
98152
113872
101978
102710
107567
119517
106887
110895
109636
108064
97212
123925
104325
98316
107889
107025
100546
103999
123799
109277
120097
93273
123425
103987
107200
100367
124867
116870
121501
109435
95994
106481
94643
100790
98380
93549
118118
108969
100817
101958
116513
125728
94194
113104
103230
123424
107377
120662
102182
97403
100522
94291
113337
107937
121880
103140
123120
122041
114714
112766
111552
94449
120823
99548
122690
120850
103456
94524
120850
119639
103350
112587
125173
120447
114508
103262
115646
124193
98542
108386
104818
121408
114018
107542
97706
118303
94893
97016
104761
101974
106458
112508
94223
121894
121334
118788
114269
124170
111199
99085
110842
108942
119359
103590
97542
116324
94035
98343
105165
119733
97777
94751
108525
118453
115785
106126
111804
115066
111339
116565
98532
105742
108169
100074
125776
96707
95998
111440
104780
111046
96144
93511
104679
100855
117874
110528
98972
122104
113037
95123
122418
97412
118401
113524
118497
113923
103398
105508
117430
122715
105943
103652
123193
118024
108465
117807
120140
121455
105752
99496
101974
99183
111675
122450
107681
120378
97625
112639
101633
98403
101253
115979
108471
111160
105126
109385
112276
117841
120513
113982
97890
101225
108667
107661
104319
108141
109273
102579
111051
103123
110155
114164
118724
123693
93417
125077
113904
95230
119804
98380
115580
121548
100032
110581
124194
117622
97896
101766
105296
124872
125795
99909
123526
109901
113630
121657
103679
95588
125834
115166
120981
113558
98463
97565
107487
106023
121377
98938
106140
117995
111458
98192
123220
121435
98504
119738
120892
107240
100816
119316
118107
114320
123987
122786
122347
110766
111880
115150
122626
117270
121163
110872
95601
94561
122396
99337
124140
116102
125035
99944
121452
118443
94867
118961
112082
110906
99108
111555
104141
104246
114917
101593
110845
115664
100377
103867
109401
99637
124162
99638
102094
96427
104356
103369
100392
120028
99531
112801
98614
110193
112719
111304
120105
125667
122007
111257
107582
120206
117596
112503
101021
101128
105391
95678
114304
110256
119102
121082
121239
106122
102611
95831
119212
104778
97821
99161
124035
101038
108211
107725
97028
94737
106070
109056
116635
104254
110710
100398
107488
98690
117496
109117
94579
124165
99895
125099
98858
96857
93769
114118
117615
95316
94595
100891
125155
100379
104511
97584
111176
113536
125404
95862
125085
93582
107271
94841
114314
118113
106809
120922
114687
111420
108417
113535
122137
102357
123012
124297
105541
124403
115138
113798
112551
98875
111643
121192
108989
124231
107921
123575
126271
103417
125007
98178
95306
115215
99051
95899
105150
101111
120296
118276
104421
109796
113279
97956
111445
96801
97950
102462
114967
95398
123442
111012
108808
116713
96674
106792
97664
103670
104859
96596
124210
115906
110611
112091
121939
119996
110216
99534
102655
119206
125321
112659
122584
95395
102776
125716
110064
104081
108686
110772
112873
126360
104991
122247
97882
116995
120608
115266
123253
114511
105446
125552
114151
98946
115504
111463
94976
118463
117352
118651
109076
108310
125734
100721
121889
119968
93686
121911
121521
121804
105051
111314
122882
121844
124948
124055
125541
101684
120221
115102
124644
118907
100345
115572
93991
99810
104367
112144
106137
105789
110355
126216
115398
103664
122310
121093
125703
121605
116096
102773
105314
115835
99341
108159
108204
102112
97942
118588
95216
106530
94754
116772
111381
96418
126300
95686
115898
101258
104343
106429
121189
94561
125199
120799
101341
108764
112754
123319
96980
121335
115103
110134
107977
118597
100781
114597
102701
104836
115759
100830
95685
102773
105910
107196
98127
109547
102296
120528
122472
119841
106736
95829
111021
114768
112870
93798
100897
95361
124465
98927
102095
124832
114650
113122
99248
98003
115522
120363
112590
119562
119654
124133
106154
95446
114018
115278
104667
107134
124468
106488
110585
107600
99779
123842
117177
115509
103200
94983
104025
101768
116235
114197
114239
122408
119225
106465
103133
121292
113876
124409
116439
120471
96964
103609
94568
123373
109101
113602
123138
120964
105656
93864
98612
115902
101399
112107
120785
96054
106563
101417
122191
101784
109320
113553
111725
121783
113860
110491
99608
125657
95852
102134
97936
99157
113871
111042
115911
95329
110879
116736
118026
101925
103085
115783
126434
98836
126452
122552
108093
105851
113881
115764
122825
103002
121905
116172
110753
115316
96900
105592
122923
114850
123920
103692
111424
97388
118801
112745
115598
117722
103232
115696
124475
116616
121754
99901
124363
109817
121186
95249
103236
113453
96617
100751
94864
114038
103565
117676
99874
112775
112768
97761
97757
126414
126411
122914
118065
108804
106258
100628
126087
101378
99737
110715
117215
117974
114439
97777
109751
104982
94314
110558
102703
104820
105084
110244
114284
111763
99109
122906
105530
108569
120896
118588
101365
100614
94114
97313
116905
111684
116824
124973
103032
121982
110897
111239
108860
109110
112765
121037
121454
107026
117011
94215
108103
116087
104601
125402
114724
106841
117503
113151
126511
114514
94029
94195
101436
109809
113055
104687
112113
101716
106093
97818
121898
125177
111376
103166
117147
110545
96130
108600
121528
106902
126310
112244
126161
102495
106568
120217
116866
110962
99109
111681
101194
94297
116526
107372
119930
96312
102345
100981
112977
124765
108505
120645
115813
123161
105535
114374
99396
94670
122785
123290
126300
96586
121705
108814
103192
102227
102929
94281
97356
104067
112287
118218
104147
94551
122219
102673
102007
101762
109096
116891
101136
113031
106274
123924
104944
96390
94661
116425
116351
116822
100447
122460
108067
101845
99623
102843
121699
105340
98941
105554
119883
99895
124019
108928
116754
113779
123789
115784
112634
103288
111813
126794
96120
114425
94930
96497
98197
124649
109738
122861
102804
118673
113990
121828
126165
116704
118949
122468
105465
119298
113171
106525
105799
113204
98219
101965
125518
102358
114459
109691
107212
111809
118695
114280
122575
95964
116081
118339
125978
124906
113143
123676
96970
124838
97757
97179
97594
103442
104429
106738
114467
103436
111964
108048
96264
94242
126798
124695
122065
126375
100765
105745
95414
106502
102102
104927
111966
107607
126341
98417
109128
113456
96947
118077
109419
111806
97708
115433
124697
123668
108806
102219
115497
100034
107742
113812
121173
125354
101989
115400
103137
105487
102556
118130
108414
100335
96859
100757
99181
118419
95640
102373
121063
107620
115686
114487
123069
106240
107580
105271
101948
108941
116216
99161
113235
103246
126243
120338
100856
126067
109559
119879
103367
107830
120222
121094
100588
107299
101949
113012
124228
114871
105521
123142
125631
125741
122521
97780
125961
119445
101652
119275
109161
122918
107724
97027
117481
124629
108211
116976
108215
115239
101132
94844
96971
120643
101934
114485
113354
109643
113284
96610
101162
100844
119769
113724
108184
121652
100306
94811
111254
114596
100284
104559
116585
99207
126856
104496
110386
94850
106004
118680
106587
112747
123565
104527
96052
115806
107473
123751
111326
123406
123705
113993
113001
97626
115479
118255
108345
115745
94364
108884
109998
105046
104381
99369
115972
103511
115767
106698
111991
125818
119760
100464
113579
106729
122336
124072
117836
115377
111633
101636
113393
100117
122979
105744
116807
111144
115827
108167
121707
96667
114172
119751
125591
121555
95390
102019
120577
104254
111838
97976
114688
117480
97391
95714
102769
119113
105392
105071
119129
126050
102517
124788
94412
123400
97802
119967
107533
99199
124533
113261
99830
119626
100604
116380
101018
113986
100839
103652
99626
103654
116615
114658
115989
118258
98423
97877
102003
107315
110370
106636
94628
106393
114309
98847
116276
114062
97335
115678
118018
102534
125862
123399
114082
109783
122531
96956
115455
115148
96033
121011
109381
104948
95801
103984
118526
95680
97394
126000
95099
95309
106304
98791
109685
97919
96202
118893
98548
125007
102128
126645
120688
113766
117389
121278
126262
124394
114681
101645
122126
109720
102355
98138
96539
112403
110333
120714
97282
100219
114919
126429
120143
108098
124689
126313
103700
126779
109003
108999
113362
111860
122432
97548
125853
110150
110002
115194
119676
123434
107015
114296
112143
99790
121733
102976
94836
98537
119770
97752
97898
101451
119391
103875
105655
106168
95645
112120
119496
105462
95761
117139
123288
96805
99884
113355
116179
119119
95134
106276
99130
100672
126420
95205
114505
104856
103871
97997
126743
102430
113368
108290
105599
119127
125281
121418
99965
116568
110061
119421
106714
94936
111138
118587
112396
103049
104126
104410
112216
119977
110296
121250
123705
116435
98409
112189
97797
96284
110090
104041
105166
98651
110079
103664
110726
124872
94837
103898
107367
101833
124680
122337
118418
108040
124808
114213
119031
122057
103421
108577
106868
109435
108008
114142
110145
101004
109260
111206
101259
95618
116717
102012
95583
95560
125784
109962
108746
107717
101923
100059
120895
123827
125942
104202
114488
109487
119755
97723
104736
113548
95729
107400
98161
101613
119639
97343
95002
116755
111111
112970
103715
109043
113393
98414
119443
102540
107754
96953
100242
106871
102644
118709
122315
114368
97216
123106
125460
114164
125041
121187
118097
103803
108707
124408
122005
95272
124332
108844
103563
96015
118561
114640
121877
94615
103069
125351
121394
97232
98493
109155
123685
113414
99183
95952
114900
104598
117101
115280
121454
121600
117508
98439
98128
120126
101402
126807
121130
106580
114543
113935
117085
103209
110371
122591
112040
126101
102009
109456
100356
123835
104666
102001
124364
103065
107037
124565
123425
126685
97285
124475
110477
115962
120075
99982
103654
125308
95326
123791
108918
103576
96041
103503
105560
105480
94996
119649
101157
98070
107021
101263
109521
96502
97096
105676
118223
101720
122244
126314
95868
115518
110225
105357
105658
98827
103439
123616
116699
115933
108920
100998
103874
104477
120673
126804
126020
103765
110588
97853
121300
119105
95458
111373
125280
127016
109071
126811
126326
119916
121390
114104
100011
105313
127000
120109
125245
121947
117143
127205
108023
122379
124783
118822
96853
112139
122527
94854
125929
100023
126692
123995
111357
118591
123519
110451
112762
98810
105272
115717
109321
120061
127139
126440
126839
98541
115618
109059
127070
123409
125739
126981
102658
110507
122443
115798
116601
114057
114539
108109
107023
97239
109779
110243
113640
108855
96876
94759
124135
125716
112842
97460
98511
114738
109929
96352
123304
98698
106551
120055
106853
124246
107091
99240
114371
112744
111125
105213
98676
115135
122958
96017
125309
99420
121553
109053
110045
119634
98354
118931
101999
125981
123085
106319
97553
101172
119050
113546
123398
110306
127200
111857
98201
97361
117912
111414
112899
97000
96980
109573
114831
104918
121807
111930
127228
111599
122342
116561
120355
99768
125784
99357
108762
117181
124234
120253
115223
126763
118798
96717
117081
106138
103588
117977
107075
98603
97153
125463
122250
97747
115856
95061
110866
123126
98423
103728
113492
107064
102171
105351
103939
113808
124774
109103
97263
117918
101448
126440
99881
125246
119547
121232
115816
125533
122508
115607
111787
102923
95383
96179
122400
117714
102226
102613
103237
95814
118988
110427
106317
125662
113527
122759
123589
112642
119781
115760
107383
115045
102351
121271
103311
113301
112219
124221
119804
110545
103838
123923
95769
102682
110944
102258
114829
95116
118560
116845
113520
97519
99160
98339
116655
109962
107523
127033
116145
97335
115803
112520
102202
96445
105959
110354
116880
125017
101045
101179
117981
102558
95461
105782
113109
107648
122727
116925
122520
100267
125956
98821
102874
121881
98979
124913
111425
101859
97733
118406
121870
119127
98387
118175
99072
116556
120985
108513
104309
113586
103570
105970
120787
111213
109414
98790
124710
112228
122929
106234
124427
106196
115206
117125
103116
114411
126260
109355
111820
111506
127431
106324
120614
115594
99154
111580
104081
99770
120300
107021
99975
115143
117881
119754
127398
114406
121899
117004
96598
95470
117064
127379
121004
119730
106797
118485
118414
103565
103827
127547
95000
117310
105745
109452
97343
107254
97506
97193
112052
102576
106473
106364
110603
117697
122610
116523
125725
123824
106043
118161
98219
119367
123955
99310
101444
115946
118145
124381
125288
102440
98888
117127
125165
98704
102569
122903
107682
99270
118922
105070
106547
116950
111766
116247
115276
126663
109701
95869
125185
119412
97438
101979
105838
99479
110202
97653
109210
103719
98058
99974
105378
108772
126428
106873
124179
101680
119193
118235
114071
114208
103891
125329
125396
103123
99837
122822
98193
99330
117179
115752
123930
114905
95837
110164
100838
99845
121253
125326
110968
125711
123345
117942
110979
104936
116437
118391
100945
107717
121065
108994
116837
126508
104515
108155
96864
120655
96806
121458
114209
108698
98075
95892
108848
125064
97919
95331
102493
103610
117565
112547
127652
127306
103901
96342
101204
123485
110526
100587
118641
99319
103327
117939
121430
95252
120676
127636
101790
99060
125719
116737
124997
114102
117038
112681
121099
100136
97292
117615
102425
111326
105674
113435
103399
120449
110390
126287
105821
116074
98076
126268
98105
125551
123589
111509
105648
95229
100030
119620
111448
99944
108250
122461
97349
125054
120954
104272
125042
122466
117260
115298
97379
108184
105426
109406
102153
118108
112101
111495
126950
117304
114553
97234
112754
105429
105314
98130
117948
120338
101848
111092
118612
120403
126839
96108
101481
102939
102793
99951
106543
111582
112520
101411
121987
96784
117215
107476
111058
101506
108017
95976
106295
113646
110428
104725
126435
122833
99967
95441
113602
116344
100410
121866
104796
125790
97012
102680
114425
124853
101603
121840
105736
119107
100231
98202
117697
97135
121976
107493
105994
118428
126818
100185
121751
108981
115022
101741
124502
98825
123171
97530
118538
111962
116076
99056
105781
115248
127835
118088
118332
121459
104206
119353
118726
99385
127250
104367
96613
113885
113958
102137
117112
119377
95809
121025
125264
124597
105430
99650
113809
119336
121942
107701
98267
120542
116983
113676
113322
121714
95924
127459
100475
106366
110740
100276
97585
106090
106288
127818
108726
103553
100719
109688
97765
121418
103061
99082
106664
100885
104828
102652
122717
107476
105760
105706
121727
107308
117346
98504
107906
113612
104197
125139
118782
110590
101885
97991
114192
95611
110825
120147
110846
105604
103134
108490
121113
109870
102502
115227
126440
126718
116936
107779
102786
118453
113802
113281
99132
120429
111925
110219
124292
125925
121432
114687
105229
117018
104399
105948
98093
123671
112965
107698
97667
111373
122616
102487
117980
103846
110524
95708
119127
111767
126019
104895
125384
110197
116635
95842
109659
127177
108792
100028
120442
96358
113332
108879
127984
125946
125588
110426
98638
115940
114509
126031
101773
96837
108359
121223
106230
123482
107680
107061
122687
114185
96884
109465
119543
107193
114524
126326
106532
112231
96564
110277
108586
127478
108066
96939
96494
122311
120531
123305
121148
97418
114184
121619
128102
120916
121170
121539
125230
124401
104217
126734
114662
111227
105955
97015
101334
102187
104659
123043
113630
110448
109936
110605
122461
126270
97961
110075
121937
108457
123157
116529
126911
126898
107647
115684
121173
96097
104097
118641
104782
96020
107312
108623
110486
97558
111897
101442
108334
121715
113931
111826
127187
108555
98613
96252
119002
99046
105041
123175
123999
104135
115169
120410
98718
100356
120248
105899
96161
116116
111805
120571
127260
127082
121068
114144
97941
118017
119453
116707
101319
127801
100617
127724
115785
110689
123914
120826
109419
118677
115490
120343
125793
113738
124351
125324
106403
111399
108733
99153
106131
128279
113965
128199
99936
110748
113749
115625
102699
103782
113911
96832
128105
116260
118231
116695
118665
105626
96631
99695
126422
127987
112421
127668
122782
126297
126263
114479
110228
123588
125078
111548
110963
97295
126329
102463
115428
105041
116083
127379
122786
101738
126640
119747
126940
116700
118908
99453
114651
99549
104708
104899
125924
103594
108641
114916
115552
115485
109778
96683
124730
101506
119881
102870
108425
103591
112426
128201
124015
103474
122959
107396
95808
110647
104015
125139
123111
126986
117248
105924
120454
116050
118330
103006
118109
121439
113886
126608
109805
105150
109847
106344
120413
109066
106208
107654
101404
113924
114631
119247
97480
100582
126192
121190
128335
113909
104028
111064
97876
113238
124779
109718
125140
97826
120992
118953
101897
127421
102053
118177
116366
103779
109199
105166
122053
112899
126818
104115
97910
112465
123096
113336
127416
124695
114526
112415
102677
112331
99680
101177
119529
108135
117190
126426
122891
103285
109503
104970
97711
101225
109501
119805
118411
104500
103873
113222
110393
113430
123096
112455
111069
100788
108517
108268
97543
106858
106402
99481
102875
124130
110050
111968
114031
112614
99865
115320
113012
109938
126749
104426
114713
121870
103982
105358
104236
117850
103221
110646
120450
112107
98889
96553
126362
97877
120439
127443
109693
110217
117187
110010
119784
119394
101994
119988
127149
95866
107882
110424
99927
112706
97860
120754
118029
105554
115713
123451
100025
106237
97139
103175
110441
111401
120509
127809
101621
107357
123414
121557
123362
100636
126409
115308
116614
118386
121216
127389
127853
126412
107715
122209
125948
123917
125116
117448
127060
100573
106301
100843
104313
115012
121604
122146
125620
114809
120125
122999
98101
117492
128072
99674
119549
110538
110525
95894
127227
126010
128429
96387
106613
109955
128299
104829
107434
107769
127499
116374
117174
123480
99818
104584
120757
108632
127599
126190
101675
126850
125135
106419
116644
101185
125591
96458
100759
107836
108454
107039
125072
99043
97656
113102
108174
117064
97195
119956
96938
111409
102843
99458
118010
126315
117265
112633
125365
101729
112188
99538
126872
120301
127102
111581
97672
114285
120458
106637
123768
127002
123276
114929
121485
109973
114538
125414
100480
121027
102729
107404
119365
101083
127828
106998
115178
127677
111032
112166
99265
126342
118515
117560
114369
101729
114511
115677
117802
98976
97705
117771
103016
105227
122231
127731
100154
117623
114186
106804
105747
96155
99088
114510
106433
125984
128604
106585
115788
114423
95978
99575
127009
100847
104733
117383
97135
111495
105548
105115
127698
113152
121213
110252
105519
111799
102256
97293
115423
98226
110560
121886
102159
116089
102917
99522
126054
121639
110173
124179
115689
107200
116652
113236
101660
124869
107842
127270
96874
125446
115324
108287
115911
101048
104333
122841
121492
118727
122750
115751
128451
110958
98164
97037
122171
124420
127794
128208
120190
106521
123614
113036
99465
127681
116232
102437
118012
118832
112616
102783
124026
120455
123111
97266
108883
122606
104802
121592
97120
99043
108970
120617
105519
101329
117583
115306
121440
98533
118686
111713
101455
116509
102248
117548
105972
100258
100357
123986
112135
118871
117145
123385
112231
107186
105110
118874
105404
124107
128130
98163
98395
125106
114171
124155
116331
97798
124408
121499
109894
115139
115793
101467
120354
106588
123778
109403
97265
114186
104364
112835
123526
112995
100060
97532
114936
97326
99984
98081
109387
102006
127607
102576
114509
106461
123001
115078
104639
113459
120311
118794
118965
120903
123476
125352
101440
114685
115380
118657
122441
128673
127747
111456
98496
106619
118842
123120
108791
103588
110557
100141
97096
102936
102600
112153
123390
117515
117036
124080
117619
113281
120277
103197
103285
96281
110254
122158
105454
97833
115846
102662
121028
103952
101396
106002
119551
122568
113209
127038
124714
106939
103814
101224
115451
125400
98558
97044
124470
102629
107549
125538
109262
112407
119833
96318
104525
121056
107111
105431
99959
128776
111745
109906
119594
99583
116967
124607
110473
102770
101731
127308
116826
122140
109202
119480
118187
119775
108704
118539
105916
105491
102739
103045
104217
110622
127819
112596
120327
112196
109192
97930
123169
101057
102956
116173
100675
110613
99202
106320
98471
104864
116288
102019
126286
99438
120329
116743
96930
119380
106806
99685
110169
105276
107734
114943
99484
125117
100851
126535
104297
118767
108568
98862
120118
122237
102671
122848
101079
100347
100847
97710
115873
105594
103767
120395
117456
121178
127732
96828
113958
109408
112713
120202
102869
114952
124591
97722
97183
124957
107162
105470
97084
125318
127007
116653
106492
120675
104627
124145
113581
98649
106038
121792
101823
99113
122672
113421
108966
106888
118874
105535
105600
125227
126816
121570
103928
115745
119525
128156
104554
96613
97223
107875
128072
117428
117669
103406
103100
107676
115871
107113
119694
103638
128605
112493
98889
96981
113747
103215
108185
108191
110915
99576
111608
121308
97283
103637
121993
122668
121216
128399
101188
109502
100355
119517
117076
114463
128947
118745
103101
111951
123996
117169
122434
114458
113774
111263
121990
128165
96585
104731
111217
112200
117943
110415
111317
102299
116666
124619
121682
118996
122505
128122
104567
119376
126421
118996
103721
104047
107856
100438
104777
114085
97136
127023
113553
98510
102000
103229
125631
107970
104089
125751
102902
107050
118207
113196
121953
123026
126990
104492
121881
121791
113159
100677
104521
99394
100293
110513
116368
107597
96645
126541
111526
112070
115045
102221
106307
122522
97900
115502
102204
100180
116939
101357
122351
114670
119650
125047
100322
124646
116358
119904
97447
116373
112642
126935
128771
105661
123995
123866
106575
114785
101721
120486
99101
121305
106946
99442
102687
123173
103017
118876
114757
120450
129127
123300
99110
125243
127145
106776
106657
98498
118955
109263
110276
121855
104578
100378
111852
113384
116256
116152
112942
116306
126420
113225
113910
109062
113680
102661
126190
103704
115823
126126
100386
103540
115190
112323
115297
97210
109723
126711
108006
118860
116739
102114
112696
125605
102288
120309
124494
115180
107419
102835
97271
103880
105470
112158
109177
125559
123862
121456
123512
101146
98951
126476
99610
99923
128512
113076
110697
121106
98880
98556
109305
113580
104984
120831
111306
116014
116019
98640
111471
121072
108373
124980
108400
103021
101600
101134
108782
107345
106652
125466
128389
120788
110263
118366
125303
111943
104715
97502
112134
124652
123040
109072
120609
126219
125042
115087
101443
115266
120180
120339
120985
125725
110548
118177
118371
107495
108929
105983
108956
106687
110059
109931
97757
103406
106250
109452
97151
126583
123809
128681
102400
102128
109252
123161
124327
119441
100504
125691
99947
113803
118874
115751
108050
108442
118690
109156
120726
112094
118505
128987
111052
127719
97097
128459
108359
121871
105861
116607
103803
115468
115273
98685
118558
114373
112563
114945
107988
106085
99345
120745
112394
103086
113133
122738
98338
98705
118087
117475
97745
112635
118305
116104
121542
126449
109633
129186
127373
119007
124978
100381
107954
100397
120204
121794
120873
124948
119413
100526
97005
116400
104552
126723
100328
108374
100917
122845
122643
110631
107337
122760
118750
105957
126000
120816
119250
109062
104536
118616
110709
104199
110872
128847
110190
120579
127472
108512
123881
98436
113171
105226
121917
99737
112418
97392
112332
123177
109883
106832
118571
110214
98354
97465
110724
122693
123422
107513
120888
99150
117528
128853
101320
120623
106047
115454
116213
101558
106496
126016
98086
98750
106900
98043
120075
121161
99785
110423
120192
109263
99078
107444
127156
113622
116361
105184
120458
128963
122100
115341
115519
104944
99336
119298
98126
114174
117168
113936
104080
117357
105537
103240
101032
125289
110592
122731
99486
99303
122341
105250
117194
127729
122782
101103
129012
121662
101591
104036
117945
124678
97721
127123
97328
119316
112304
107717
121550
97309
115058
121711
122503
128336
120637
125793
113462
112942
98399
101185
106047
101276
118012
112440
118131
109623
101132
106219
109876
119783
105891
110509
127449
110775
121205
102130
98388
119780
101017
104711
115217
116275
100237
112641
127010
112264
128379
108276
104858
128693
106938
128357
125238
113296
103576
122625
126531
118088
115031
117647
126139
110841
128885
101155
129202
121981
129329
107156
123120
101254
121674
113713
109792
120041
102922
102576
111017
97085
118659
121959
98970
109477
104217
111807
114891
106218
109120
119269
101889
118989
111239
106690
108243
115099
117974
110894
124939
128513
121331
119904
115535
108834
112715
98217
124673
124135
117488
116579
105827
128150
127454
99876
108287
124327
120706
99383
103494
101075
112509
111436
123511
111981
98981
119406
122818
104693
99404
101942
105134
101611
126150
127294
123064
106721
124197
112857
102460
112340
102471
123393
115097
104380
105747
98961
101265
112226
118271
115381
124654
103538
104917
101022
128363
97745
117176
112762
110545
101936
112738
127651
114529
111842
104111
125462
99954
109290
121183
106792
105563
102233
111639
100980
114835
105943
116138
103448
100631
111487
121239
127777
118796
103920
123603
115523
107686
110752
103368
118478
115528
113780
112541
103133
121069
99726
110776
119760
103878
115559
114817
120317
119588
112413
97385
102051
118937
99342
103468
123167
117850
128677
118098
113763
97000
109940
120828
109731
106992
120963
123101
111953
121455
99048
99463
100172
114201
105112
100328
124757
99324
109181
129556
121026
118881
96969
107333
122998
113651
101257
124191
128016
120355
105853
127033
125283
108234
113959
127706
129575
127760
99362
107776
110573
117134
99509
120231
117849
104879
103336
122183
98699
121436
123990
104863
102110
99288
109316
120497
103893
123112
113009
117006
113490
97080
117166
97619
125193
108282
125744
123124
115509
127440
116260
116792
108169
129260
108802
103813
115306
125557
103525
124382
107355
112173
112922
124586
115129
110930
105591
112823
125096
111042
120558
99454
100685
124002
106722
107433
118334
123583
106936
99282
99126
117750
111922
108174
107790
124114
105208
123562
110056
99125
115832
117428
127406
116921
111856
122045
106171
127126
108489
122718
112343
111815
127271
102393
103529
101992
117950
99905
118760
120163
102119
127229
104851
99147
125939
102409
121698
105864
117183
102301
112444
101045
118664
108753
111978
120646
108545
109409
112460
109934
108963
119982
98890
99392
121157
104454
128782
117268
129772
113701
116976
101932
107748
127484
117170
126359
100624
116913
105838
116566
125054
107238
125644
97214
124222
102718
121720
113437
108149
112157
98516
108448
98989
104112
127210
118388
107631
97582
110500
113708
122132
118877
112703
110691
104920
99415
113405
111778
110384
100494
123674
105092
126558
120590
112898
107799
112962
100610
128193
123270
100467
103546
119995
127733
104334
104299
117917
120237
109518
119799
106643
122233
108765
115183
114876
127823
124906
121239
129243
120371
99580
97193
116815
123737
104070
105116
128581
108938
99131
100645
112172
117704
125475
102911
127081
128821
119023
113896
99148
127025
101514
124140
102467
129731
104432
99301
108878
107066
118083
120643
127667
107540
111900
115209
101619
98846
122911
102424
121596
98269
98002
97968
129184
102189
109487
110132
128326
127016
105335
123181
108256
100425
108490
109714
108829
111825
124917
97607
122079
105578
117771
104163
97263
115723
126519
126902
103664
125723
101968
101899
99217
127705
125870
117418
112903
120059
127292
105633
125115
126357
124879
119364
126271
105533
107190
121715
129415
98413
121491
100635
125526
120105
109161
124415
117750
110561
123637
101561
124972
108184
108610
106235
127083
106822
101752
115227
104520
121467
107252
115919
111662
119622
109214
119349
110675
114261
124535
120342
127978
108125
111986
128619
99483
119741
127621
116256
97840
111966
117247
103705
111249
119005
129308
98675
99826
97772
109527
110092
121675
127221
126207
115269
107784
121089
121997
104198
126466
103641
106549
111875
126639
115562
115259
100414
98965
111470
127624
126157
102917
128585
122365
129246
115717
105009
102407
108536
101518
118674
103028
117636
125688
97713
114565
124043
126130
101007
129604
117441
116790
121360
114967
115907
107580
116828
118422
128413
122670
107398
113818
115599
125661
125036
122262
105489
102514
116446
114731
112916
110759
110850
102646
117643
119863
129526
118445
110378
106642
116664
99434
101229
99542
121923
97862
99805
111355
129531
109610
125327
112973
124747
108258
124909
118816
120205
101235
120504
110527
110378
106671
102222
98981
102658
129798
119593
116720
127758
103071
121257
113170
115779
98216
125715
101834
97722
119018
109785
105811
127247
110752
99100
119771
120327
117641
109423
126262
121717
110140
128222
122324
114526
101564
112943
128752
111195
108620
129895
105227
100927
116612
118672
104089
100346
128165
126906
127226
111805
128554
107072
117163
105055
112031
120140
103870
121600
100534
103325
119175
125932
102552
112264
129689
128961
107385
129341
124401
109525
128111
119116
116336
128210
126340
110696
128911
126627
126986
103274
122958
101268
126766
98969
98925
112308
104656
124712
100831
128382
98450
121344
127100
117945
98607
118720
100854
126109
116751
116226
101390
124983
114456
120289
124679
130063
116934
118712
98907
108551
98942
115755
111022
106630
98591
106092
128512
121558
113627
111543
122662
112843
104773
125983
106875
104358
119466
125069
111571
116280
106917
117254
100784
108107
125934
97836
114105
97597
123251
111880
114791
112622
114858
123910
122626
107997
111909
129601
112332
126861
99431
109057
125052
117806
97526
125826
106477
113273
121777
105720
115736
114908
105316
123855
123712
129239
123546
111415
110444
125350
99250
105440
106266
128544
115509
116994
99890
123359
120935
118433
113465
111009
121884
109839
105671
125678
104909
110002
101179
128763
128747
97543
109229
109775
124019
108007
98596
116388
102083
119306
115977
116368
114604
127945
126940
101988
108232
113960
125222
110293
130062
100371
122287
111065
110755
103400
104176
123988
106995
113718
124619
123636
99073
101573
129914
126553
126971
120534
110534
117370
122898
109483
109433
109892
125321
122954
124949
98436
101387
97919
126406
129798
128321
116512
122006
120062
127908
108948
103904
105384
101264
119958
104967
124972
123546
115767
126567
97732
128292
127266
106380
103200
117295
99620
111522
117514
104816
112876
106797
106566
104357
114447
105979
116924
122153
122959
121430
119769
105158
109852
130174
100402
102603
125019
127062
115818
130143
102247
122717
124758
126741
107349
124128
99168
115905
104317
119406
123177
109449
100661
104589
103795
127551
107744
108459
110141
102638
121896
122199
113455
106418
119175
119217
111929
110541
105740
104735
100728
113400
118364
118338
117593
105719
118775
129065
119296
117616
102332
106692
115947
114685
102576
110491
121810
116864
117243
122047
120274
111031
128819
118785
125899
98320
114141
114787
115207
109246
117809
108492
105756
101644
120094
122624
122387
98801
101774
112078
100809
122341
102123
121740
122774
113396
115426
109504
115501
117521
113767
111392
97731
107692
107001
98493
105076
114055
101671
104315
123362
100293
99155
103364
112927
124228
125878
121213
124877
124204
108196
122425
100739
98248
109073
123821
110195
115861
116565
112229
126794
110233
97836
115893
129112
103158
98561
106993
118769
122303
118380
117216
121875
102666
99321
112751
125768
113223
118315
108963
115918
119248
104896
103889
99318
112833
125495
114193
115402
117001
129424
122096
120818
109505
99667
118629
109529
125373
126163
117255
125195
125537
99508
126588
101346
119990
115627
120117
103777
100029
109701
122712
124256
104196
104811
124158
98281
103542
117860
103327
115171
129143
125211
102602
116973
98097
113635
111898
103053
121384
127480
127845
104074
127253
108295
114742
123030
107761
125937
101758
126256
117072
109261
110214
118217
116720
101420
112680
120870
107154
115104
110911
124165
116488
121215
108380
123395
125328
98276
129979
113341
121184
119031
130165
122166
99202
106606
105974
122233
104418
121428
125106
130175
99494
123145
126740
104018
113597
101515
122807
113523
128699
110323
100313
129401
126180
115267
121357
104188
110470
107358
118063
116401
106637
130648
108445
103894
112465
118768
101028
104913
100274
106587
119353
106772
114535
121668
105706
125763
101779
125200
102420
109721
108697
126310
109653
123016
124466
118511
116292
110495
104893
126042
128864
126129
109782
107172
105287
126260
108073
100502
109865
114919
103048
99215
104827
101560
99388
104835
120816
101604
105625
107588
123301
98912
119766
117248
120731
102264
127771
122635
126315
116662
128218
103647
126005
128773
114531
105058
123354
123926
126387
102759
118891
102915
105101
130422
127457
116018
123341
102352
123918
118653
101368
128174
118995
124815
104471
99786
124564
102289
104390
99872
111849
118535
102792
117494
115094
115700
122205
128538
125374
118597
110487
107883
123731
122988
116201
113562
127697
107596
125633
108082
108844
105301
115415
115926
114182
121584
104710
120266
121382
130589
105564
101302
124454
100698
115821
110758
110955
116168
118764
129620
99675
120713
102780
127914
129225
103276
130755
106371
104372
120780
112064
112818
111410
126133
126047
111429
126375
110409
130635
123659
120634
101474
101636
125779
110218
102009
124465
121847
104860
99015
107575
106393
125721
129449
113930
106285
116662
108105
127812
114359
114675
123259
122228
104278
111112
119781
128952
103042
100380
101219
127886
117394
108217
98218
113127
119937
106365
117291
119677
120561
130066
103738
109415
103024
111968
99951
122858
114427
109312
108620
103827
123584
110324
104225
98434
99880
129430
128301
104457
125205
104911
125446
108662
105833
112009
110907
112428
109255
110183
130103
126201
106397
130739
109416
129699
111458
123544
107169
109508
122396
106897
113853
105432
100646
101409
107142
115093
113968
98757
100565
115835
127367
103207
104954
118955
123031
103572
101981
122108
99758
111792
112742
104268
108546
125800
100251
125716
104182
120105
116488
120383
129945
118351
105188
98365
123759
123617
98673
116563
125045
124539
121636
112693
105055
116875
114182
107478
101668
129216
104538
116607
110780
126912
124544
113439
120360
110618
98329
104930
99764
119675
114796
104708
100985
129060
101897
98536
120613
107163
99755
113764
108543
124833
117859
127583
99877
127589
118003
122271
102424
113399
124024
120540
109435
98559
115277
115993
99352
122543
130859
124980
130084
100342
110485
111035
127428
100855
128371
106497
130512
106169
120061
118641
102358
125216
119002
112163
101218
109852
102793
114093
117372
120864
105473
110396
108915
126422
121748
108003
98265
109841
99097
129842
109263
98563
100682
123403
101507
103088
115819
107441
107766
102050
125229
111394
108547
127710
127185
101031
111773
129304
109200
100265
102744
127267
130107
112838
102954
106411
103967
119332
101235
128294
106027
113669
128572
110856
104021
126876
108988
116022
98873
103968
118305
101822
102403
106014
126093
110789
116880
113427
114782
113345
101072
99130
110002
117480
120431
106403
98602
123879
108980
115333
122095
111832
128681
120789
128755
126574
127868
107543
101498
129139
117285
116085
110296
105333
125769
117518
118140
127676
100446
120464
106797
113279
129297
130057
122004
118359
102372
119802
116219
125939
107036
127918
106068
101902
116442
114633
129405
127902
102792
118052
125890
108366
117622
115672
110756
105263
127173
129177
110296
109738
128133
110662
130451
107706
102426
115133
118533
100440
106980
100852
123939
118070
122655
124486
126378
116399
122119
108810
130657
122622
111936
113770
127646
127151
117110
124787
127243
119892
125505
125288
125098
128633
124235
122716
110615
100826
114356
108543
109070
109011
104885
113081
103212
98583
103556
106229
122106
116901
105336
101568
113191
111352
128878
116626
114709
104318
105323
117355
115096
127564
128387
123938
116474
101392
116473
114426
116546
122439
116647
99959
100021
100272
104608
106352
114334
124160
117269
108132
127563
106967
129141
108562
103768
120307
115928
116803
124720
98980
109726
117483
108496
99455
99411
111472
100814
118103
104918
126538
99738
129641
115131
112844
127493
105175
119789
113473
99839
113240
121752
100667
108453
99373
130630
130088
109691
102999
122440
105510
126709
113927
130135
101145
122173
130646
121979
108026
124208
114230
127532
118898
123305
105128
104375
106151
126211
131120
103652
119126
113881
108166
129238
120866
125712
116111
117554
118315
118808
104075
120964
107747
119406
128400
105950
127261
118630
112439
104386
101991
98599
99989
129089
101530
99831
122733
100453
105391
126137
129187
112845
125396
125619
111348
107927
108479
106133
122853
102787
108355
99511
128249
105556
116769
131235
130855
112762
108320
106451
125579
107503
115552
129468
127580
125023
101867
119051
118046
108171
104333
121390
125209
110831
119014
117526
118025
113058
102589
104507
127255
104319
119959
99041
107528
124546
126856
122010
118965
100212
105290
107533
112571
115403
106380
122613
127347
103116
99212
120173
117797
121074
130536
103018
121464
98963
104114
118153
116269
123073
110530
107019
113421
112495
124752
112413
130592
116692
100546
114013
99616
121365
131010
124315
107053
100894
98708
111836
104386
121808
123046
121253
108776
121442
114281
124534
129450
116481
102240
103828
119752
105146
107895
129547
107440
122778
111765
115188
115113
107796
99700
126452
121682
103330
117425
107013
102731
123823
117791
127865
105778
113589
121953
120892
103377
113059
117944
105305
104341
109441
119577
129727
102210
113494
104067
119366
111846
102986
120207
129005
102668
112392
121673
109925
112177
109414
112190
117460
118908
101704
124374
100051
122281
114369
127460
131000
106823
121212
106620
125467
108835
127323
114181
100499
128516
125533
109454
118977
105624
124357
108390
123280
127663
100985
99302
110266
105639
109736
114834
99727
102183
104623
112993
118514
121105
99646
122968
111268
117169
127158
111965
131013
116539
126422
127051
130711
125300
107415
102722
102278
109743
99412
117569
113509
119035
131118
130294
104699
113051
112303
109524
109502
123062
125870
111975
106462
111440
115570
109284
100229
125305
100890
101125
130398
110276
100923
118291
118868
110331
112332
129092
105628
121617
109631
108104
128501
129624
118001
116767
100142
121844
130244
130605
117481
113808
114698
117904
115104
111696
115110
104625
116965
114950
99437
107801
129006
114856
115667
130951
107856
126978
116675
103743
129547
115112
110542
123300
112071
106799
129416
125705
100445
128668
116271
131525
107673
130589
107406
128389
127039
116727
121889
111847
128331
128192
103034
101188
129149
131534
109539
127180
121109
113135
118341
106713
105948
106074
128329
125565
119651
121830
123580
126813
106383
106618
126520
115907
110165
124101
129025
109294
121795
130607
99117
118445
114496
101647
113416
117036
130068
105246
124854
119309
129835
130604
103962
120762
127509
119569
128759
127482
121682
107751
112981
123587
115661
103542
123943
104784
102822
103408
127786
125810
108596
101087
113424
129323
101707
128603
121054
126585
127930
121216
110739
104304
118552
102943
114442
129675
120001
124340
115489
126276
101915
121496
131611
120546
122910
110968
109379
103827
109587
103174
106194
113082
126363
116206
105491
101258
129524
131340
105157
102100
115832
110044
119745
129309
117862
110386
113885
118260
104421
131115
130063
103811
122950
114531
103894
123235
119690
129640
121557
103349
102180
118127
121025
105582
112640
109382
119422
106738
119747
123274
99205
115173
116565
109850
111241
127805
106141
127691
120666
105116
131467
127070
120841
124894
129628
129455
106829
105453
127257
103982
106021
111069
131169
103059
119487
106037
100201
121550
106137
104586
105793
110653
125414
107347
117081
102434
115251
116216
107843
122452
109130
109868
117690
108597
106839
107901
112868
103395
107849
107561
131028
118707
111739
119348
129363
103899
103060
118199
118752
104558
119980
103803
101621
125326
129200
119494
101260
111581
101383
128373
127970
120628
107893
120395
107643
114072
112192
119689
109670
130153
128658
105407
113346
103901
127263
105185
108417
126637
127495
114077
129388
117774
122110
130796
101735
126435
110250
127976
115447
104753
109900
117213
119297
108243
101539
125602
110037
125551
100622
113450
104810
99752
114160
108630
119019
129941
113496
128525
126067
104562
106210
99471
122902
131478
111576
131078
113952
131493
122525
110175
104609
124167
120652
118615
113449
129689
128924
115417
130512
101538
106503
125319
129145
124424
129067
127895
124248
112580
102000
102880
122290
127635
105195
113972
119780
125166
125314
100337
126631
118077
110417
110035
108946
122952
118605
120332
122593
123886
119335
113559
106100
108057
103796
110537
128539
112625
128522
109353
102160
107856
129453
123009
115909
114806
113643
99893
104672
120319
107076
117204
108676
122130
105358
106989
100051
128986
126616
127524
106673
120890
121870
112004
101834
122044
104348
107287
127702
129483
121942
131252
121116
115491
106584
104473
106292
108933
109481
131642
124690
114863
104038
113880
107840
106891
127516
114260
111979
113831
107125
129990
104481
110821
108823
103754
114137
129652
125129
105626
131892
101886
107479
109026
115330
111651
113080
111311
106120
112935
124911
120809
125569
115943
102959
105508
119650
126738
120258
113329
110178
123797
125996
102170
102586
109399
106763
115598
103593
126247
122689
113018
126908
113395
104789
122969
114252
114490
102679
126668
108616
122563
115331
111085
115509
107152
128488
124640
120178
130574
113994
119468
122561
116110
123140
101449
100867
125176
130993
109819
126019
116414
124237
121566
111862
109328
122264
123329
111489
118607
99771
118327
120316
126403
123182
114412
99638
114064
112089
122934
131577
125670
127866
116204
108431
122745
109126
104315
112516
126769
120019
115254
103086
113954
129333
108014
131947
126142
124264
126915
130346
127817
101102
104249
128301
105870
114104
110991
112781
105937
121418
102220
123774
112132
104219
120858
122324
119358
99642
104663
131270
108392
99383
129002
117234
109114
109889
132051
114594
127590
129420
118790
125518
122386
108534
119802
100194
100748
108009
114813
121152
126777
130947
114506
112777
115663
105204
119005
117401
123588
115496
113798
131408
122631
116135
116413
116760
101357
108473
106933
131619
103022
112333
117812
114165
124561
129051
119457
115235
110885
113545
108127
120666
131506
120267
130905
127906
122031
116175
130014
109284
129525
117080
127664
100522
116596
107753
109399
112423
99365
107236
127163
104311
100159
101875
111090
110376
100270
109223
107863
102136
128961
128095
106972
104160
117027
106860
107169
113490
109836
111218
108741
110528
107704
102673
126844
105053
128537
131525
108129
111911
121033
126219
108046
131109
126786
115654
119530
125165
122961
131808
107075
101226
107720
105012
128413
126940
122228
113324
114761
125472
116046
118694
109369
130610
103413
108445
109330
126448
123996
102405
113795
119841
127936
125046
113366
127157
117982
127245
99524
100942
111458
120848
123790
100608
123810
117456
125001
110165
129676
101844
111481
102037
104925
122931
121570
110404
105621
110146
123291
126699
126887
120687
128612
104988
123636
101229
126009
119216
99962
131730
106792
108115
124873
103805
116575
101699
115639
129019
115849
102996
131157
105260
105307
125752
131874
129761
103273
118781
112510
121417
103231
113879
121185
111565
123053
131360
120908
122936
113506
114589
124544
112923
99772
115715
100463
113264
126943
119225
112752
124797
121093
118752
127670
128763
121621
128657
114051
100984
111734
123237
131481
128250
132133
109371
116466
120037
101381
128821
108976
99614
126327
101124
105303
108913
103467
122470
115770
121392
115510
115692
104755
111389
129124
102145
129431
117130
104911
121640
125289
118207
106928
120965
113614
121756
113782
115103
115137
114304
101653
122468
119048
109673
101281
112750
112487
113756
111131
124036
126483
105479
125835
99684
106857
116901
129358
125887
123104
118562
115378
128902
101181
120703
115392
106084
117510
130937
100441
113548
112440
116837
130181
101556
126012
105567
123655
131169
110872
110243
117045
112998
130275
113467
120582
125863
127099
125403
112237
128547
104570
120841
132325
122418
101221
102016
131917
102410
112679
124375
129015
100488
129214
106078
128764
117806
113973
110409
132306
118632
123602
102672
116512
111635
101264
100117
112592
131135
100815
109704
101990
111156
111691
116871
119697
120244
112203
109962
119552
130688
110619
108543
122743
117790
113595
114737
105762
121560
109017
119662
116265
116232
101117
116841
105860
106387
121092
123613
132113
131252
120015
129651
123876
104443
126012
104678
124382
120981
113749
115557
107905
110285
132040
127801
120578
122323
104856
131495
103328
125628
113681
101144
114741
112843
117761
101751
115211
113391
116773
116187
128496
122508
105698
102758
105869
103294
105525
120173
112371
103772
111085
111320
127607
121337
108568
100556
113344
117041
102331
101000
131870
106978
106950
126093
118813
110648
109638
126210
110171
112942
122845
113494
101270
114513
102767
131879
108041
132295
115743
106083
99833
126609
102266
111277
112011
109837
112113
114178
109272
118207
130957
120476
104515
105040
109790
107030
104203
125143
103989
116690
122908
115032
117523
123544
100139
130186
116192
111999
125953
114654
100320
108561
120343
129724
110948
118186
126564
117008
125501
130081
101235
122629
110198
112042
132024
123408
119619
125435
129572
119601
120884
119470
121079
126582
121006
126695
126678
107456
111004
123446
123421
101577
110434
113343
126582
132198
120850
123544
106667
115466
108003
114802
132280
107660
116191
117628
129573
129834
110299
104068
107154
103373
107692
104031
106132
118671
129944
108428
101567
128634
110603
104212
130820
108434
108171
111284
121406
100886
108526
107582
119815
107524
126411
105533
131792
129499
119598
102360
111665
121764
130448
101881
130429
131891
102918
126894
113306
124843
117432
124879
126735
125504
131221
112097
114015
114753
130373
131130
125078
114261
108895
104806
103457
125189
125661
111818
112098
126586
116685
118407
126596
126344
106825
117409
113676
110060
105128
102241
113329
110034
131318
106231
124910
108699
116386
128100
105429
129756
124791
108439
109734
100266
116941
105686
127136
131861
125441
115552
102935
116210
129314
108369
125383
102110
106477
121541
119656
119935
105724
129600
110723
101645
130362
118862
101763
102161
100762
121958
105743
126829
113929
114964
130455
131229
120481
122200
130349
120636
121887
103753
118679
128970
106647
101885
125602
102828
107366
123053
130233
125812
121705
100629
111029
124003
115308
103194
113143
110380
111845
117679
116660
109051
129507
129273
128657
128950
100161
122289
119152
114307
120351
101323
125577
110474
121746
117333
113084
113660
129435
103073
111909
105300
130134
125094
120818
100061
128884
103076
101233
118388
104427
128007
108141
109199
114156
102286
128699
126846
127766
128172
100624
132593
102633
105519
107286
117947
109437
129055
107454
116693
103540
113385
114135
114854
100909
104892
114912
113537
124730
101940
