13981
1285
21312
28467
11951
190
14787
7963
9244
896
12771
14864
15556
9082
8605
21607
10415
18790
9304
23356
8864
32454
12315
29899
24301
29037
6908
16414
23693
20546
5340
14313
19571
25921
26961
15538
794
4290
7652
2612
10338
2558
16509
7174
6554
2255
31259
17784
12766
15543
14792
190
27811
13604
3021
14672
5776
7922
28962
5520
144
31538
19240
941
26917
13098
12186
3528
4095
11676
14529
14678
10189
18764
9704
30150
6739
24764
24592
24163
21180
15162
14053
21371
562
3868
27120
11969
4781
31051
21005
5872
15368
3582
16160
14001
28506
26312
24068
23231
3203
20949
15044
15177
5637
1649
13070
29848
22294
713
27876
29425
12275
30454
9621
21949
31862
24887
27884
3559
18667
16254
8359
15238
18720
31279
15402
3772
17851
27684
20597
12253
29648
11252
14420
29396
27315
31349
23765
22979
11275
31359
7679
10986
29224
5619
13249
7626
14487
13308
6953
25482
13043
9365
25559
3737
9725
25932
29104
7573
22255
9029
1751
11628
1294
7809
10713
5825
8575
21088
15399
31377
14683
1893
21706
534
17926
12858
13138
21995
22460
17396
24335
4210
20076
20375
18052
12147
5322
10461
29465
18693
4512
24627
9488
1970
17252
16389
27578
12758
14864
12091
3563
16456
25390
7428
22187
18492
23602
22994
6702
15464
16141
422
1799
18790
7423
23437
6040
20826
7085
21098
14285
19156
26739
27383
29450
1784
30203
23303
15969
8924
14351
9742
13065
10289
20907
25314
19723
8486
26967
3779
575
9097
6067
4506
17783
5935
9300
22398
18938
15255
1230
9084
6964
12490
21010
32664
23723
1925
10235
28175
17973
7322
8995
16351
12393
17300
28923
13449
17747
1178
9755
18198
10604
29078
20182
19544
12488
22166
28178
18034
29842
18802
24150
4507
23734
23727
18725
19998
29149
31139
10379
11173
2974
9690
1781
31160
12018
14265
28998
8577
12521
15969
20262
27858
29084
8406
5533
15977
17251
14433
2018
8050
21064
27186
31341
17997
8123
1098
19539
31378
26247
24984
2771
31314
31492
6498
29484
17568
31630
15847
18098
27984
25911
28227
9505
24063
24761
16274
24881
10324
23471
16728
875
19844
16900
8481
28474
7964
27563
12644
24133
7419
4752
22445
9724
29853
25807
9723
31601
1440
1829
9063
10602
3968
7075
2055
27828
27814
8362
28690
27322
32417
15379
19013
30294
12211
18094
1413
5862
11663
11246
16837
1443
16737
29154
2090
5422
26895
32103
20077
14188
5566
26269
18818
5524
13209
29079
21367
28294
24269
32599
26782
12127
27096
2809
32750
31306
6404
1838
17063
3993
14126
12268
26421
19732
26572
9316
13143
14224
23087
23861
27008
17092
16901
21215
9598
19289
14625
26746
27737
30528
28287
28328
29566
28744
18050
21192
25372
11504
20609
20076
6095
15225
13698
11021
10108
17216
1093
28158
11644
12363
32389
32927
8700
15650
19322
10451
16547
20192
13218
26036
17014
22409
18881
1157
28409
12958
9511
487
18583
12271
4401
2896
22596
16561
22034
13498
23649
31440
32467
13976
24288
26247
16537
18446
30376
18989
26407
26977
14395
26706
27299
12973
6550
25610
4765
31446
19801
16265
19021
27328
22823
10480
2588
20675
27472
2407
31335
18521
13229
2668
13183
2586
17356
1386
16116
30699
14925
4494
15891
14706
15756
9174
22957
31949
2433
30059
24346
12163
5348
9264
11902
17338
4500
16795
24139
21931
19513
17348
14343
17748
12072
3259
29264
6252
27784
31775
19485
14492
5043
16108
27974
25068
5599
20885
12359
21884
32254
26707
14657
9332
24547
12732
32321
10045
17061
10135
9413
29938
2632
25071
22652
28433
9370
8294
32590
13687
32092
32204
28316
5771
32162
33264
1481
20409
6781
1462
20985
12834
14038
7530
7960
32657
23709
32084
6687
5041
4388
3213
26770
11646
18629
6673
22861
27898
15819
26644
4737
22817
11920
33178
24826
33310
18146
3650
3235
5055
14507
6242
22091
27687
18385
31065
681
2755
19804
24609
5790
27519
30167
9764
10427
8761
16120
26193
27651
19061
30851
2670
22514
8019
19563
17072
4542
20415
4666
7049
31452
25320
29108
9665
2246
16627
6327
25800
18940
13296
2150
30539
15432
29965
15751
11781
22599
6665
14376
1240
30245
30444
9865
12828
28584
18422
14134
16439
9072
14293
22132
25965
15741
5659
23262
3578
26865
20974
25936
19550
20247
3329
30724
9209
1957
23236
2299
25047
24126
32728
5023
30669
4411
17862
28070
3525
28075
14064
25401
15702
27800
22216
24150
11160
13709
10815
7539
30006
10836
9345
15716
8388
24580
19423
6782
2899
10556
11020
19709
835
5545
25229
17571
1369
2766
28267
18338
20497
23044
29739
22716
16694
30655
11519
18601
12719
14356
16446
30393
17308
13432
8722
1210
22178
16075
19057
33308
5762
1429
22606
21075
22513
19855
29968
21117
14244
25701
3139
33349
12202
12474
11149
13319
5886
876
7908
2101
16221
3610
7423
14329
9557
8932
6154
29467
26271
8562
1694
21798
29358
13624
14576
13766
10632
18680
3657
22645
23765
21384
7862
16214
26421
25045
11520
9569
19927
33320
29918
25537
8264
29864
10602
18042
2696
17697
14290
5199
19811
12803
8784
19939
4350
1198
1884
26654
17841
16108
10528
1490
1812
16831
2348
29855
13661
20830
27755
28948
14569
6778
23381
30230
9240
7365
29287
7046
10078
7861
5840
18462
2967
3717
25454
15004
9883
29822
25080
11811
32275
23156
25725
7646
3211
19603
4877
27622
23752
22364
33206
28518
28507
9962
25266
11773
7798
11130
10462
17507
29695
26410
11886
16976
9699
18689
13279
32153
11437
14640
19246
8348
10327
14999
33608
30687
1887
17803
26561
17140
9246
16343
10440
3232
19542
13824
32603
20028
26378
14798
8631
25178
11410
2567
23571
2732
9454
26494
8589
3362
24667
15180
10597
11347
7716
29278
27753
32542
21947
12848
5808
27537
22024
19159
16779
18697
28417
2629
2489
28059
22907
21705
21978
10931
20799
9941
24870
31995
5473
25604
24159
29567
17101
5979
18180
4622
15651
2256
10952
13027
6597
19464
4931
11141
16686
11365
20454
14571
14981
6720
15924
30436
21873
32115
25135
26294
9776
4379
25361
18693
2019
11420
16445
20215
6444
7653
21109
26262
26363
30965
27981
9846
14757
32925
13536
7319
14391
3208
31681
1164
22025
4218
15669
10461
16022
10453
1951
29611
13194
20577
27451
29330
4381
9036
16655
20948
27808
21360
24095
4787
33109
12757
1761
33054
24452
29047
14064
11408
4555
1865
4356
26678
11446
19321
2850
5712
31888
16374
11024
17113
17784
8240
26380
20842
18871
7711
32445
16988
2640
28806
24682
21293
30169
5753
28266
32292
31114
29725
14556
7480
10388
11439
32664
13359
28083
24007
4197
9731
31495
8158
21868
22921
27680
28686
10220
4436
20056
26394
15152
31448
33637
25006
13246
14539
12846
32232
16082
27857
14814
4630
15882
1111
23351
32962
23395
19647
3114
3564
6500
4798
10660
6550
13209
20739
31658
25478
25411
12826
16296
15431
23630
27023
11526
18289
5763
10326
10237
13098
14079
12394
5801
2285
11748
19381
3167
31626
23630
10800
16192
22126
22153
27467
31758
29221
5761
22159
3135
21021
12921
1922
16976
20397
27648
4299
8284
30293
11041
23190
19693
30024
14811
16442
18962
18983
21457
12569
8882
2320
24129
22728
33311
26071
23610
4721
27118
25235
29450
11125
31239
18269
4854
14677
32504
18260
6191
1746
14991
30437
30721
23635
6823
30537
20044
10120
21058
31566
24376
17997
2264
2395
24869
30929
5103
7854
8929
16119
28396
6121
25118
9468
25897
33485
26147
17243
8775
15685
12993
30189
7366
1446
26505
3669
3794
24629
7996
1435
29024
30186
25475
28951
11642
20595
2272
16017
30679
6012
1765
31654
2735
13102
8356
11373
12749
30709
29030
30043
23782
16263
12704
7268
11305
4898
18466
9571
11031
19220
31634
3516
11669
18305
22553
27456
33600
9825
7516
29265
29952
6856
18606
10054
16608
18794
3971
16145
2077
20062
24104
29470
25468
20514
11954
19583
4577
17376
19509
10823
29982
18159
22070
1843
20745
12701
6242
17040
32977
18220
2688
28760
5778
10010
3236
29855
6438
25510
13221
28205
21567
24975
14802
13421
28338
25887
26593
27782
15126
28776
2600
31175
30350
22222
17936
19784
27107
10693
25542
22734
8406
25308
24627
10480
11188
28411
23343
27256
7978
32488
13809
24332
18011
16656
30154
34062
15152
26757
16148
30400
22767
9539
31845
17580
15632
29111
1544
20291
19020
22914
23981
25540
25078
7546
21087
8287
18318
22769
8375
25499
25236
3131
25423
19189
21146
12394
26490
33993
2461
14428
14898
31094
24725
8952
33106
4030
23115
33460
29958
4203
2155
7770
3455
27960
18138
3853
14571
28398
16713
32647
11684
3790
30475
28836
11431
32559
12579
10020
18505
10088
7842
9900
33573
5872
2864
24079
23385
13252
25576
26828
5618
10249
32361
2520
24228
21235
22057
17309
4031
16613
13325
12610
13918
28378
29751
34093
9953
23811
24096
20678
13726
13489
17126
31102
26580
34166
21991
32529
12512
23943
29582
30471
4020
16741
19053
24961
8324
18109
6796
15154
30402
22156
32513
28844
21325
23174
30145
5853
2790
22969
6582
3289
12515
18542
17170
27354
23079
3920
33250
25220
3153
3536
9958
29806
11572
7111
20128
7903
1672
20061
8875
27093
12766
33835
17742
29772
32986
31900
6993
26300
13724
32409
26639
28388
8063
21093
28621
10438
28678
4805
5194
6387
23571
6501
8087
7176
23898
2679
12585
28537
10262
17309
33069
14221
10490
12809
28187
9898
8043
21474
2190
10707
10220
26858
4435
15983
19162
5727
7616
21836
25433
33311
22087
26339
29326
10511
33611
7390
13071
29884
23601
13527
32919
21571
19643
32867
26623
23663
9361
9807
29545
13090
25889
2345
1727
18934
8617
30466
24668
11299
9618
1651
4616
25508
21760
17630
1578
14741
31655
6646
25913
21984
32224
33922
28532
33304
8188
5214
7891
5029
22488
17858
9533
16674
23729
8646
6907
26371
26938
18470
29037
32635
25580
17987
32251
20893
24990
24427
12623
7105
13909
10842
20161
15657
2141
10241
14355
8932
6553
14214
8543
31731
15127
2955
16717
30891
7911
33971
20873
6490
31790
5474
29557
20525
14710
4805
19739
31313
4424
5907
29285
29785
25853
22802
28304
19936
12753
7388
33246
24687
23609
8675
26507
19873
17783
12851
14339
10372
24427
14071
15186
20035
12972
30271
16348
12802
2775
24064
18766
8202
15655
32860
11220
15398
15686
9508
26509
16204
29795
5276
22588
14464
3717
32638
3392
21750
12831
10305
24006
29559
21988
12698
3389
1797
10460
13892
5130
3266
16568
3581
24701
6414
33379
25553
9220
16368
30937
33178
32927
23735
3644
29896
10900
31969
23333
28766
21092
29243
32824
4157
27389
20554
15867
24997
8241
22762
16104
21753
4455
7221
18368
31938
9361
20390
16931
15863
34142
8318
21854
21884
9392
34151
33156
22248
19536
21336
28864
2187
6881
6584
29417
16560
31762
2502
22359
10271
28952
27960
6389
34278
15708
28706
4248
30809
19312
16922
8591
16216
24136
21146
5244
31696
25255
11430
5218
2180
29911
13742
33278
20494
28317
21429
4443
17440
4460
16051
26017
23056
8409
33080
7981
12436
33103
27731
4071
17098
12036
33458
2512
19579
8491
7946
31707
17312
28012
22970
20734
2853
16273
29099
17800
17134
31106
15482
9909
22808
3955
25049
12416
16513
29788
26162
32184
28810
10921
18574
15958
4635
19763
14262
10254
32232
9328
8855
21796
28659
7142
10219
34177
5202
11238
10518
30214
20787
2934
33870
16928
29213
16015
14847
33693
6265
21641
33134
9406
5456
27347
4252
6285
4182
18407
7021
28016
8232
8829
19977
28159
14290
26879
18051
17427
3476
7486
20921
21023
24294
6243
28539
14020
13753
19240
25071
11935
4864
20040
19507
18534
8815
22323
9285
7987
23426
25863
31776
3871
13250
14780
26152
6163
17988
29598
30920
25307
5234
23297
13658
7292
17421
14384
22087
7112
32371
17830
18543
34095
21790
4737
21451
24792
20334
26931
14160
22257
34216
3707
15383
34371
27966
27796
33724
10505
14929
32428
5636
31746
31348
4247
29122
7109
19635
9925
9467
19541
23252
8817
12360
24309
30684
30236
14716
10813
2005
32314
20871
18542
5327
21035
20890
4099
13605
8556
5004
31368
9985
28943
2429
28079
17698
19816
30905
6817
14557
17418
23518
26514
3426
14834
12354
6040
2113
29185
12943
9405
27437
22448
20144
32851
33535
25087
18161
11655
10238
8878
22113
27193
4957
21936
21115
23051
11781
34013
4102
26552
15509
5095
3898
20648
3239
18575
13092
3777
34646
8984
2124
5247
19709
6908
24212
3911
15936
5087
14947
9208
5713
7873
24835
22980
31340
23415
33864
10046
8868
3676
20851
21939
32738
15940
26453
11966
33579
28337
30648
10263
27169
19018
6138
33196
13517
20872
34043
2547
10395
25011
24122
31870
33958
10253
7226
11984
19254
21837
17963
32623
17543
9550
10950
15162
7885
3849
8313
27901
20340
12481
4292
19267
6572
19581
21219
14443
24101
26811
6573
2302
6167
26979
30908
33856
11142
13562
17614
21253
26820
14872
21355
20678
26935
26908
24008
29428
10588
30238
2796
14988
33804
30501
25873
25580
29439
12954
15949
18661
14478
12797
18545
10513
22205
27863
25650
19559
30584
8176
27526
13324
10781
9409
31569
19820
6715
23852
32833
23434
9114
34667
2806
2708
26491
3655
12135
25019
18208
10634
29569
34626
26511
25270
4369
2772
8852
20983
3811
10778
2309
10071
29995
17293
23113
21553
8485
27529
5403
26856
31737
22435
34188
31448
6369
5181
29767
9869
32397
14424
23321
33331
8135
2985
17073
5198
18259
21230
11684
8876
31513
13954
13492
28055
6790
30511
14417
11087
15407
25924
19296
22455
3767
19944
15164
11342
16627
21166
22778
21601
13645
24426
26610
12671
33894
12866
21882
17454
4864
10760
7669
3292
16154
20167
33549
31000
26716
18587
30524
12546
22454
14534
25233
22784
19013
10497
9393
7091
9078
34064
30748
4138
2669
21145
6833
20565
30376
6966
24437
21436
28639
15561
3472
25200
34095
5136
12440
13378
16248
13689
15890
4148
4868
10295
13366
32813
5225
22421
5619
27889
29872
11914
26675
13903
34998
4494
5216
7069
24531
10925
21543
34913
11706
15322
2684
6481
2976
27525
11742
28030
21665
16240
10204
6092
8543
14782
19928
17573
9964
19533
22283
26606
31978
5701
29641
34618
3824
8177
27142
29758
15664
35022
23322
2950
28759
23522
5825
19302
9397
32335
8038
22322
12446
27688
17313
15025
18960
14211
28926
33232
3989
32208
9216
30868
6251
18281
6501
10066
20451
34154
9388
24354
8199
8642
20437
27281
12159
21898
10344
13974
14006
14742
23992
34760
12344
17738
5225
4045
26719
12207
4912
30486
12334
26310
11482
11977
14205
4381
2960
7935
21078
19871
16729
34096
11680
9648
16864
5867
14074
25978
10616
15563
15338
20097
30045
31142
33847
22654
4412
20999
27539
29802
24054
18399
15997
34265
5538
15991
24166
34441
12497
23209
28947
34875
12565
13136
8002
35009
29892
26109
9872
19545
30713
25580
17050
12857
9948
2870
12643
14187
9507
24647
22262
7131
11993
31635
17484
23983
30302
32645
9583
32470
9136
10936
23264
18660
22760
23146
16950
33565
24584
4398
29193
20175
26099
21984
27918
7654
26301
32478
4227
30650
12069
15733
16846
32811
5984
32154
8033
29936
23321
28123
14560
5420
12981
17301
4742
10050
4571
3942
30661
4331
12084
13797
24876
13702
14703
24721
29070
3759
23945
31496
20065
13074
33355
4218
22372
16257
23828
7516
33157
22085
17368
10593
22785
10418
24681
15782
28365
16127
10485
2860
13621
29268
16848
21900
4035
19747
11380
30182
6754
17852
26567
2587
27587
34588
26012
9276
22272
15366
31099
3650
28799
4182
9381
30207
23066
23697
25427
5460
6780
12224
24383
10917
33742
11135
11109
21898
28052
26193
27915
11207
17873
18486
5631
6783
15730
5504
5152
26532
5097
7138
6687
26546
17945
13770
25991
15261
9330
6128
9723
11015
5213
7471
27071
28343
32986
33941
13179
32583
15975
21942
7483
15388
26149
24389
11449
32412
27702
33765
15583
28058
30057
18748
8328
9493
12313
23881
25223
34339
13394
34296
18154
17192
12086
12020
29056
31819
23967
35261
21912
32811
6662
29690
21260
33997
33188
6160
9342
27866
29910
31731
33506
27911
30406
29245
8764
9684
12360
8573
27563
34169
6658
5585
6311
34333
4560
4279
4999
7242
24423
2848
16710
27038
27704
7622
6278
34755
12951
17344
10709
32673
10268
11091
32048
16593
10057
35084
26821
11605
7278
8459
17661
3463
31178
31394
8634
32848
14067
29215
24798
15258
24440
7397
23052
12552
29892
13250
27570
27364
10053
30588
7495
13657
10958
17325
14033
26594
10810
17361
29099
25346
7763
32414
9861
5686
3058
11156
7340
8744
28007
34516
24204
27429
19226
5941
14195
12241
18291
6805
16023
30745
8696
3181
4955
28778
30133
31400
11982
34080
14049
7350
28276
21058
13246
24796
15434
15212
7361
25550
30724
16396
22515
34431
34201
24529
9111
5688
9473
9057
19469
15080
30525
7499
30966
8123
21657
30524
21913
35309
22574
24437
6278
20961
17578
27260
11896
29293
9812
15634
3200
8824
22090
4710
28000
11464
17165
29320
32309
31253
8768
11552
15962
33122
28589
27744
5768
4749
23945
29751
27458
12068
6649
25032
11888
25978
3541
32538
13386
25082
30891
32529
20343
10940
3591
13725
30838
14678
30705
8241
33854
26357
25272
21111
11809
24236
30190
6978
30966
35339
24244
30148
11127
11252
20280
6913
27624
7594
6011
18307
16122
25131
15192
35151
28142
33728
10690
10777
6141
28626
31053
35252
29432
17663
19951
31948
32556
18285
19464
33751
12936
28510
15521
28233
24322
17925
18161
15879
22582
33945
25382
24351
7248
10663
27234
34742
33837
30892
26627
21570
16061
6115
4135
29689
7084
16476
32623
31112
26945
13390
10244
9225
27014
28590
4056
13359
8873
18176
17455
8644
3746
26734
9821
17750
28182
29463
30161
18989
17019
6313
15186
31872
13182
32050
31113
18408
25505
18739
18112
31252
30761
8695
13289
7615
22583
31778
9442
33247
26421
31885
32247
16671
15987
23377
19113
23952
10770
32034
16813
17563
27938
14047
19000
20283
4359
28518
26234
4713
17441
5037
10088
5079
2988
4367
3519
14048
19684
18915
31814
30143
29037
14419
8019
15104
10995
13164
28048
28469
6670
35441
9727
3818
23656
27253
28476
23771
17953
16936
31747
33892
19058
6130
22769
16440
22417
34366
18319
22870
10709
21017
19084
4665
23067
20475
18250
21071
11112
35556
24733
9645
23504
25003
28367
25857
31894
3731
14567
6600
5524
19744
21290
29377
6109
4649
18147
23713
25506
35373
26464
4872
25938
20971
30781
15796
3589
7468
35045
28149
11035
16356
10581
4192
24864
19833
23587
9928
19955
16995
27071
24170
5672
27637
30970
22120
25002
33402
4292
10873
35749
10628
26426
5598
35235
19073
8672
17048
19957
32143
27434
6360
10580
29842
33090
8887
28616
7299
8709
22567
25801
26891
30798
26409
12964
32336
28280
19521
28961
11535
35358
20263
32611
29931
13605
14272
13583
33028
6141
20300
11953
21196
26915
33249
14683
3862
21995
13336
8591
8560
26748
8454
26974
10675
3868
21614
10706
26584
10414
5428
9098
6669
14968
21525
17060
33032
13098
29334
6624
32412
24348
30266
6401
33418
29144
31736
33399
14745
18648
32748
25660
13033
19345
19789
6140
28548
3248
10911
3704
4150
4259
5674
27180
5535
23899
9898
11567
26246
14160
25672
32348
4208
12230
11721
18863
30321
26703
32262
16369
25155
12178
9628
31128
11157
23370
19684
16617
27045
33682
21030
18271
25361
33631
22537
19024
12267
25166
6222
27342
16907
35744
20158
15564
18345
30338
20577
20865
7211
9106
8945
16658
15163
5024
10382
30571
27165
7089
13235
18541
35647
14922
5993
3919
20498
20971
34747
23870
15641
27865
24169
31559
13376
28192
6113
17271
31086
21465
7274
5441
25949
28329
10659
26911
15018
12938
28716
18300
20776
33998
14755
9938
35706
11105
10962
29968
19169
16718
30246
20542
21842
21636
4707
12899
25036
4315
18839
5287
16104
7250
13389
19893
18354
34970
29954
12131
6839
32217
18397
10133
18271
33448
15002
26718
25981
34141
8392
23401
19237
35472
6196
25752
21694
9432
12709
14314
29527
6614
4553
18082
30015
22645
7792
34726
15567
9327
35832
7973
22923
6932
24328
10620
14186
30023
13954
11611
22641
10953
29106
31011
19590
23226
34508
28563
23428
7516
7573
34724
5515
8987
16992
33713
15770
17610
17724
9179
16991
26928
6508
22444
14669
25539
18711
13051
4080
12467
20801
10767
26493
12842
31226
22791
20142
21203
32469
23160
19916
12697
7068
29017
30989
15025
20802
35356
32033
20954
30489
22302
23048
29155
27717
35905
16422
25966
32113
32215
17305
31989
21185
9923
22986
26122
31239
23002
21826
34787
24889
8848
21440
35093
21795
6352
21128
25248
22617
11307
23805
9260
26224
10805
35186
19858
30573
33836
14398
24990
22398
6107
18702
5652
9960
32702
14976
17648
5697
11879
26605
33522
13023
22816
22917
32602
22416
30162
23202
4337
5515
20518
19030
5192
10663
31209
23110
32580
20939
6837
12220
19930
5798
25294
6903
11288
23968
9546
22726
33125
22288
23925
4693
16649
7343
9075
3910
9200
5197
21543
19971
12202
27330
28756
30291
11959
15144
30466
23084
32258
13895
16164
30921
21419
24145
5239
14331
25353
10960
7085
18372
33264
10460
16843
25634
13103
27537
15056
26921
14941
24768
21399
27988
7382
24037
6910
22045
13312
31065
9800
6859
13523
33737
29888
10636
20632
13799
13983
8899
21232
26207
31536
24227
24857
23565
35378
28925
15981
4205
27774
8022
14891
30291
26602
32061
10874
6364
29292
8924
6315
9892
24707
12748
33471
15673
21202
7214
22057
35024
9998
25079
34773
35895
28699
14475
28008
9483
14706
20622
15306
8235
6598
11766
20194
29292
22759
18021
7840
27023
11494
22967
34113
26992
21114
14550
15054
35199
33954
28374
10726
9844
6028
32830
33214
15423
15030
13475
10598
7230
9811
7804
30798
21427
14320
21809
22536
22133
16983
5493
13135
16870
5300
15318
22089
19492
31990
19858
9225
13188
18808
33709
17752
16956
3553
35904
13493
14943
12105
30228
19354
15887
31645
31343
13569
34798
20548
6446
26919
34773
5122
15124
5776
14281
34845
20066
7243
15658
13503
4520
31095
10798
29852
32986
22022
29582
25556
6310
35009
28287
13851
25605
16012
27364
14359
34833
9964
15810
32777
16918
18886
20468
4528
35819
27242
34080
31083
23171
7119
3817
8861
10943
27168
32870
27989
20614
15736
13779
18223
15384
23019
25735
19317
10655
8389
26406
11914
28424
30486
6680
30857
23568
30062
23610
21289
24738
17637
34771
28388
28000
19806
30665
17240
17024
6413
27925
12013
8409
4407
26740
14776
4413
30777
19551
32671
13834
17612
23358
34238
23292
17031
26073
32522
14149
7078
15887
17460
5600
12297
16842
33489
22562
23936
4658
26551
34450
7493
19233
18602
25594
6858
20183
4408
14014
10165
31216
30433
15469
12585
21395
14459
31638
6728
36331
27861
26589
8182
27355
9371
35917
10719
22765
25465
12272
11451
23692
13443
10397
33233
6516
24021
20498
22457
4198
30582
20291
8295
25888
27011
13297
8293
16524
5513
33917
33632
9016
12082
17919
6630
15366
34852
10387
9326
5925
21286
19955
20377
14655
8836
24139
17847
31476
9653
24392
31117
14472
27196
33138
36438
10712
9164
22461
33031
30355
16303
11610
30423
23206
18281
28115
21759
28408
22168
21335
34238
27224
10270
20307
3745
28340
32386
24898
23553
13963
27540
20421
26061
13988
15184
30710
4490
34817
34309
9977
30103
11791
11703
12757
25014
36127
19137
16258
20680
9497
19390
31044
10200
25711
19626
5431
26203
10065
26949
28458
11190
14112
36536
9136
13825
24100
4219
24949
15883
25473
33910
25807
21662
33639
10855
20885
9476
14218
25219
24372
16585
25554
30560
35583
22723
15187
16146
17607
34640
29055
22421
18860
4063
35738
33387
8498
14258
26223
25477
28824
7138
17474
10087
6245
10403
30469
21640
20547
5577
31439
19447
13584
35979
5257
15684
32051
23175
18667
4510
18220
22023
16295
4665
13935
22403
26339
19955
21107
27751
27373
33334
23558
10005
22058
35616
36067
12334
27984
7905
30086
32014
7125
22629
27967
20373
33960
21812
18566
25389
35614
27286
18830
27400
26671
13818
32541
17834
8162
35992
34202
35240
27398
36438
24168
20399
26915
24552
20850
24007
11952
20540
36103
6105
33670
27925
30697
22895
26005
19190
27040
7356
9174
33857
15636
4828
9600
13216
29019
4445
12671
28068
19664
30973
18978
32172
13925
31157
28948
27145
14650
22519
26509
33631
26222
5941
16073
33614
35125
11682
19642
32338
24874
9532
22778
11496
22247
19978
5635
20467
24275
26018
15010
13405
32316
22511
20393
6657
9894
32049
34277
33225
23394
31045
10319
10003
21858
8231
32390
10330
6475
33717
13181
8978
13260
36534
5233
18131
4143
20762
15391
9146
7469
24963
32307
14349
13319
30725
9987
33053
30162
9770
25469
4977
4882
20538
25950
32288
12683
19385
6054
32127
25684
18224
30536
16636
27181
24369
25637
18506
9746
33941
32315
7103
34321
6152
25370
25594
19544
24264
24472
9416
28306
13481
27078
8009
32628
8029
30499
8014
22162
9970
33551
14342
27256
6044
22914
13274
4342
4277
31229
15253
6587
34050
9921
30920
30501
4152
29760
14189
26968
17854
27857
19146
24462
23733
7335
14744
33710
23862
6660
30053
9247
13018
23978
8503
28638
18560
32659
11122
14542
4426
11233
16123
12368
8937
25624
20382
21012
17691
24715
17837
28975
6769
9748
36074
7021
18006
9224
35495
18152
13389
28266
16172
32217
25722
26719
5721
31919
24932
29410
11149
30302
17145
29625
33990
29434
25299
18600
35081
31876
9657
31460
13828
36356
32361
18122
22770
30935
36244
19409
20159
13387
33579
30910
36716
19305
9433
34839
34998
23826
7633
8409
35826
25166
31689
28525
21308
12000
32070
19161
25040
24606
5403
14900
17336
11775
18220
28252
28840
21110
17016
33771
22054
31486
23639
8550
19693
30838
20735
17848
32148
8496
27981
23263
30827
6469
34243
24806
33958
29995
24269
17683
27325
27273
27208
14689
15890
33609
32324
8240
27093
34543
26889
24636
34084
36394
34393
13516
12919
29865
14837
20012
36412
7472
29539
22108
28862
15339
7917
11786
34635
6914
10221
30142
34966
36205
28744
14165
34906
33802
24889
17328
11840
30957
31056
6317
21507
9463
31674
25430
20178
13226
9410
29273
26614
26939
34712
11449
18612
28393
31057
24770
23925
14734
11568
32578
29732
15988
26148
5878
6616
27241
24977
9283
31667
36630
24403
35110
20234
14988
27393
16750
33989
11552
19054
10025
19465
24953
13686
23388
10261
23271
15095
9975
7530
11766
30493
26631
14895
30532
32483
24366
32211
13455
9430
29008
25588
13330
31516
12688
5760
36370
14006
18299
35610
23732
22530
34178
36799
9745
15492
17326
35497
11404
32229
21135
29043
6500
16956
6774
15231
13701
24973
15076
21397
9380
33935
15937
19660
22154
8371
13777
24238
8880
30049
20965
27799
16909
28293
19022
7262
6956
36938
11031
16439
5249
20517
22900
6104
24829
32534
25845
11483
31456
10539
30975
20068
16591
36421
33405
28675
26918
6174
24019
28636
16271
29067
8467
34821
24788
8959
22132
28463
26865
22609
15104
27785
18286
13247
21900
25313
11755
21042
31213
5900
19709
25796
35945
13705
21304
33663
6508
23393
25229
7527
5500
9809
28631
10683
22895
36907
16560
32377
11996
6522
31625
28704
32975
34661
32250
7865
33985
14550
27990
5144
28615
22235
13699
5984
35849
25676
27144
22981
17014
28846
15720
24726
27830
29271
33455
20602
33632
35795
27978
32250
31854
16519
33563
26431
28142
23700
29901
31517
18682
5118
20581
20817
16617
7438
16922
14343
12999
18932
22375
15008
8451
26033
30814
34225
5992
22580
35647
19535
35662
21955
30281
4746
35858
7581
29648
33079
22467
35806
27792
9971
10270
33442
19521
19044
19389
28269
33900
12738
24459
27083
12668
33686
15483
17459
5656
9410
28026
28721
24752
14274
16802
7365
28502
8497
20144
32262
34256
13711
30648
35082
10731
29761
19479
9994
6674
29657
21162
9154
4638
25496
5437
23319
21104
17969
32838
27132
7485
18896
27348
26262
7722
24923
23234
25502
28697
33528
22832
17160
13634
12239
27443
7138
30085
10513
33484
14206
14078
30265
31767
27091
34011
8338
31429
18721
22634
18425
15308
35028
6262
29924
12125
31659
8916
19363
28439
33049
5177
34022
25722
25068
16975
20352
13214
24620
7175
32618
15909
32326
25648
11787
21102
16745
31305
12214
23307
29489
9619
33397
8822
9859
5739
6661
32511
33720
4567
11553
31497
8189
31583
26628
19830
25593
12574
10281
13920
17841
28184
9557
5130
22953
9934
11223
17430
32588
5136
19470
9464
11406
24595
9005
19370
7376
10691
8507
16801
26372
21082
28766
24321
16145
18738
24920
5389
26233
18903
33106
15585
36921
16481
15577
15971
15345
18433
13350
9079
19524
30681
9378
27506
23682
29201
35753
13010
6532
26919
26254
33580
8664
36742
13280
24421
12575
9563
6636
24613
6834
6308
22147
29833
22412
27529
23550
6936
11108
21744
16254
9977
9497
20300
23673
25955
32339
35253
20850
14164
7784
28478
14855
29574
17532
14467
18993
9375
7405
15233
11976
30631
17902
28075
22341
28352
34673
19514
36044
11281
16971
7876
31338
26884
23186
18448
35483
28081
8522
6441
15887
7322
33089
23217
24493
26264
29496
32888
14809
15125
32067
15181
12530
18556
16755
23828
26399
8430
24497
17177
19788
5943
12013
15012
17775
26624
37241
5070
14864
33605
26799
22162
20232
35338
27610
20007
36745
21578
26196
24205
15710
4913
8427
22631
9588
25483
31369
16136
7578
25723
29717
13520
36741
9840
13204
33209
13591
34389
17044
26669
27105
18696
35786
15387
13798
35598
23546
28745
30113
22661
27159
36332
17226
33113
10924
19062
34134
32187
29306
12207
17981
30415
11362
35335
14719
18341
9862
37162
37353
35435
15020
32470
36116
34273
21987
34793
22576
36621
9064
27583
12799
13103
24266
36282
28196
15863
37197
19746
15774
28662
16012
36656
24720
31059
17507
12133
9539
36031
29196
18976
22637
7850
6792
5488
35508
9399
9793
15399
20334
26990
26605
28464
22699
18482
14517
8482
5237
25970
8087
8212
12118
14115
34825
33204
8219
29037
19423
5523
8408
11172
5230
20931
14636
20859
22258
28068
15814
13428
28717
7931
26920
20891
9041
11588
29099
8052
32800
20298
16580
30770
29778
34548
12165
29737
35895
28514
27751
18566
9885
12600
28230
32318
8180
37178
6317
5444
14512
19738
30036
26623
15087
14989
9959
25339
9052
23716
30985
25823
20819
25434
12697
23199
33350
18794
34612
27634
7263
33891
24827
19463
35942
31485
17302
33395
15078
13742
36729
16495
23691
32121
29797
5696
8655
23815
15922
7414
35285
14328
24269
26713
23701
27771
22909
21793
36922
13084
29546
34661
7624
12510
19807
11606
35074
28554
19151
23085
8075
12358
27158
36194
13131
19561
29186
14879
21524
6286
6290
25332
19590
32232
34557
7628
26160
15829
24310
5152
14583
5045
9519
21354
35260
10492
13596
33245
31801
36742
8697
19283
7212
13867
10510
6791
33208
35732
6450
29316
5384
17228
21390
31837
13621
28954
18851
7455
18026
28303
7311
10244
27462
16091
16779
33001
28033
25829
20409
17154
6611
24474
23325
16333
37649
16516
33000
27204
24730
37023
35069
33367
15345
30569
16558
5273
25003
22585
29382
8762
27020
22993
8397
34101
27117
35894
24967
25802
27232
8384
35006
20015
27031
26733
31809
17795
31362
35962
23085
25347
15544
13621
21611
20608
13336
37645
25978
15121
17328
32235
17007
36101
20446
7877
11834
33819
19380
22384
37418
30710
13729
23733
32692
25803
18254
13992
32624
36445
23751
6965
20836
20267
22235
22268
33413
26599
31941
14431
31611
25387
8460
12504
27813
24936
36263
8336
15197
24863
31589
32814
21629
22355
6284
23789
34849
11326
25280
23282
21167
28739
22567
12764
14101
23844
17355
22428
36434
30581
10560
19847
28728
25680
37766
17321
6512
18251
19248
34397
29374
15527
14278
27163
7558
17354
28777
10640
10640
11759
16309
27124
22536
25885
7916
22936
36809
8021
27728
7358
26331
21008
24784
31918
25913
31209
35047
36102
25816
35478
17602
15186
13030
6940
37793
31964
22095
8771
11903
36550
8070
22344
13813
31829
25986
35539
30556
24464
37895
35880
36146
36874
28454
28321
24254
13308
12295
17244
17143
26518
24294
6961
19107
28311
36444
25831
30140
9244
23520
31655
22551
7349
22925
31152
29000
11966
17702
9037
15296
21741
12375
32260
14136
7975
32317
26641
29267
9624
23081
17427
22398
12802
35745
36100
16667
37717
19368
26222
6368
20353
32576
31964
34425
10120
31532
19087
29045
8663
13562
5235
23135
36566
34113
13138
20267
15294
24360
32070
32469
18347
8487
25460
12356
20210
25362
6135
8308
24756
25939
20507
35796
29363
34166
30412
26349
18277
23532
25422
35397
31303
26376
26670
21891
9844
26446
20088
36307
23414
20717
37162
31628
21596
30346
27881
35601
9484
20799
6131
29941
20955
35300
13909
12642
34139
10125
24158
15035
22644
34643
16723
25472
24759
33112
19556
17266
30958
24325
21983
32760
30712
34454
10916
29634
18900
32729
36825
31148
7931
13874
36062
24293
9715
7139
37251
16464
33569
37514
19577
22314
31455
15595
17927
30958
33230
7664
37630
20085
10093
10478
13295
34402
36587
10026
29851
34493
27194
5788
24491
25054
11109
26099
6818
37517
24611
12761
15887
17255
27564
26487
32263
9604
37579
28732
14034
6742
36405
19162
12773
13524
5913
13714
14096
21976
8696
19890
15865
26566
15287
18524
21449
32111
15603
10376
35109
22581
18324
5708
31840
6511
17061
15196
21487
8975
18531
18637
15645
27522
14995
35358
17152
18647
28953
10616
37291
30500
14023
35125
31141
24101
34931
22176
18330
23079
19020
14843
17489
35876
26478
18375
28894
30000
36787
5951
21273
24851
34764
8742
26190
25656
16273
20930
33846
28870
8854
23849
23078
18188
22271
23739
16007
17698
24213
14064
31366
22989
19993
19028
23564
7844
36568
30927
9201
23921
24191
30762
9325
34010
33073
35791
9167
20545
22999
35792
22385
9960
23735
23851
35563
30297
36937
16205
18311
35845
36933
37588
36853
12843
18177
32153
33856
37883
20730
36846
33281
11516
16048
20260
38099
18347
10424
18769
19206
20325
18956
5711
17048
31110
38053
27144
33376
35283
29772
7153
29581
13845
13229
18389
36687
27911
14253
27604
38100
33906
34045
10155
23414
37527
17391
33078
38195
30413
13961
21043
38237
21867
21721
17224
28562
35560
33671
30792
33519
23105
6321
20914
17793
23195
8946
26490
25596
26666
9924
8460
35248
7249
17929
36495
25784
37131
34276
26470
14965
29577
9933
20989
8251
10781
17125
22722
11337
37206
9862
12401
13055
37997
5919
13205
25675
9439
31807
14156
23909
21852
7919
7498
33468
7136
29509
18208
13872
32544
8246
20158
15745
13095
14764
10295
27911
26945
24792
37061
27300
22296
16074
28429
7416
14621
36159
34980
6867
21545
8634
12497
12016
14948
11990
21653
17376
22375
12250
34792
19524
34717
12942
30790
31551
16111
29517
26730
24875
33440
32604
6490
16523
14965
20858
17571
12097
7450
7352
35814
22530
15297
14731
33171
28678
28940
26912
12021
13572
14125
25327
15215
34653
10572
24723
6405
29848
13352
7129
23069
17934
14850
29463
38023
26598
11703
10175
30140
15428
26924
27443
27747
11966
17134
11739
35610
7184
10010
25718
34930
25104
14203
14253
32827
11236
14067
20974
23043
20082
17436
16247
30937
18712
10030
38065
6231
16029
14116
20160
31455
31336
6682
8792
19748
22000
25850
11474
25324
37492
24151
15231
12565
31468
26777
7484
10454
25151
22363
12870
22600
20918
13329
11856
29733
31665
13806
16595
11983
18073
28933
6054
32916
33813
32942
28622
17712
10369
12587
10391
21139
5788
27787
36068
27877
21376
28367
18115
15304
14040
34124
12612
9437
27469
23888
31884
12169
21313
9736
22565
22009
9664
35233
6040
26467
22451
16814
34110
24463
9559
19146
22355
22423
20462
31614
31564
29675
25525
33381
11114
29591
6677
36749
33424
17609
11293
11553
33362
17037
10544
35653
16206
32732
9723
17218
10175
17365
22442
21987
6223
6986
28508
26911
13101
9086
18900
35063
11616
29229
18289
28578
34395
16077
24672
6376
24017
12564
18704
9420
23498
30906
15078
19821
24311
37504
13619
29742
25922
24177
19043
35349
25258
27496
19831
22385
31310
7122
29621
26304
19911
34741
16029
5839
22203
16370
16928
6179
32431
22215
6925
22936
26909
20887
10700
10312
9159
26606
25934
34478
12618
13248
23108
32524
8694
14065
10895
29961
11997
23066
8440
15007
35626
18571
11554
27700
24501
19852
23484
22535
9428
5865
7931
29902
20083
32941
31560
11166
32359
20013
27702
30986
12543
29768
38326
10639
6108
22766
38286
13616
5891
11231
35079
32349
6193
15541
6886
30745
10351
29221
11678
30556
37861
18050
30148
13238
29683
28034
6339
15158
25470
34629
9169
23946
19848
33939
28450
21095
35332
8294
16731
7980
15592
37544
18249
32706
11139
24637
13267
22214
31761
27716
7213
26858
37773
11930
25679
26520
34246
13216
20390
36569
19381
18751
35337
23158
13326
32041
15598
38493
16917
20577
34014
20037
28339
17405
23334
24725
32713
9003
18384
14466
27076
11890
28625
29560
28530
35898
21380
30140
29716
8847
20823
12879
13236
15906
16581
10773
21944
10896
14724
26166
36280
8167
23295
29125
16013
10599
10246
38560
21418
27013
19140
24983
17584
24374
21746
12752
30524
36969
20555
22377
29443
15829
13120
34144
7202
33782
36332
6832
26543
36178
33610
34493
16020
14849
25254
19698
33437
24684
30033
27561
27087
35669
21657
10827
9212
22808
23544
37560
32404
24624
35724
6633
31422
15612
28359
15316
35239
11459
23400
36495
25370
23031
7338
37049
10834
15798
24251
14102
21772
14998
28271
32121
35040
21666
8502
32487
25296
10912
31052
22777
23842
38038
23087
24194
18283
35724
24918
23922
34029
16018
14112
31738
34082
30981
27659
28913
10905
15887
13862
7031
37889
15725
8905
15832
31620
34165
36995
24499
8278
38487
34132
7003
28301
15011
13596
23165
22835
18699
19540
17923
6809
13163
21244
27961
20207
34566
15316
26670
7442
16914
29647
31070
24997
8824
34245
29325
36963
20949
9832
24822
16307
37572
15481
17573
37501
21343
14652
22306
29757
18691
21801
9551
23382
31060
34020
32915
34216
21633
14959
35640
25444
17610
18079
25618
9247
22335
28364
13666
6694
25034
35533
11001
26642
19055
16163
37793
11420
21459
10101
12728
8370
37627
34109
32542
23498
29271
18112
26706
12918
26111
31299
17111
25400
13628
33148
33501
34200
32074
6471
29725
28533
20828
35226
31237
33945
7137
37307
6933
9360
9478
25776
23433
10937
25212
18936
11064
13469
29819
13944
27324
8832
29703
29112
19411
34358
30322
6991
37125
29752
27170
9372
28807
27383
12436
37559
7776
17520
6561
7335
16842
26113
9216
31190
23003
8827
9997
29890
21860
33400
18888
38388
25114
26351
27425
31542
14067
14853
24435
12033
24019
8742
10062
37941
16488
27477
33657
14860
31826
6848
35383
11345
17032
24728
8650
37837
17911
23583
33846
15107
32108
26115
12359
19229
15539
21738
27605
21797
26881
28750
15175
31608
19599
34187
29270
20344
19848
21302
16916
14210
35877
16049
26668
28960
11286
34812
25451
33663
19749
28622
20863
13859
30486
33765
23039
24537
31953
34202
19116
8685
6851
7864
18679
25502
21633
22670
15555
8655
21934
35139
22635
26367
23072
11114
25095
32635
24894
21462
8683
15826
12460
14768
6769
25482
27179
33990
27897
33297
14522
22054
36909
26614
22785
16108
15242
28249
33008
6488
11292
15009
27300
30756
9864
18541
34442
8212
23120
20428
6342
16334
35411
23472
17878
23020
7827
9376
21106
38224
33595
33710
6839
26551
30945
37289
33925
20113
14856
18067
28966
35345
6633
11605
29232
36480
32883
32690
17836
8150
26512
15994
23927
19339
15786
6656
30185
13483
20846
16077
32693
26153
10959
23190
24848
8053
30030
28012
21014
20304
24441
15155
22633
12512
37810
29013
9755
16127
11826
21688
24526
29145
21582
35821
36377
31414
20728
22954
15918
29204
23176
23418
38330
11257
26045
8371
24077
9863
10750
11688
19067
18129
15078
16161
32258
22509
23296
25096
37933
32843
27599
13157
12599
8516
7954
23693
23924
21750
19781
8085
12269
32336
38251
34829
35914
8041
10763
37867
30710
27158
28537
26822
19069
16059
20310
26949
15673
36193
25946
16086
7725
19721
26961
11171
10801
32064
31332
14530
21072
26100
12186
38059
28782
35206
37279
13808
12077
32032
25027
38440
10514
6985
21061
39212
33508
17591
37842
29831
34133
9060
23625
11047
31205
9188
19137
29017
20226
39157
19661
36084
18292
15704
26879
34259
14584
34783
37546
14985
7723
34248
27372
11601
32682
12105
37612
7492
30840
27244
29537
16335
22944
12317
7508
11875
12571
34689
10278
23662
14323
19338
12500
10635
27561
28361
24186
25589
22229
12675
36886
20290
19724
32262
38799
33614
7686
24381
9718
14197
33792
17795
19723
19973
20832
36277
14851
13298
8600
32395
36232
26828
37196
12328
29954
17135
16823
37359
26901
17402
11083
33433
13674
37250
33687
11908
11699
26119
14958
10318
13289
36390
21062
28579
29656
17937
38878
23123
30686
35645
32036
37800
31472
13914
6997
9718
7133
29064
8294
17011
21975
24264
11171
15177
25135
33456
23958
25578
26464
18276
7978
19364
39247
11201
25616
34421
11985
29403
27746
30752
20590
26538
18822
21888
25701
35072
10838
20509
23535
12734
12925
8189
26056
37192
24868
24509
10732
34870
19151
28384
29342
15693
10881
20070
26287
32429
36391
11168
14589
17227
8755
36164
28986
24738
24712
22205
12783
18598
9878
38340
8128
25594
30406
20020
19953
23650
26904
14362
21545
27515
36618
9228
29046
33194
20157
31165
24722
22866
31059
33998
16741
19018
8347
33766
15306
29070
28656
11780
16278
33076
35934
8724
34263
19618
16391
29889
14169
25855
29893
20619
23663
23015
16913
23577
31215
29283
37412
23248
32639
29208
8795
15268
27407
16062
25312
35374
17831
31188
31111
30207
23907
25234
27638
25653
24764
37920
13577
16204
16136
29701
18805
31030
29252
25826
20395
29613
38418
37216
36607
17096
28670
25447
23049
32204
19717
31633
30795
37445
22616
15582
21269
19798
20317
16553
27046
36686
14071
18138
20628
23931
30215
30302
16494
17987
31027
33236
30623
19312
17382
33929
29589
18124
37527
11175
17699
31982
29263
32681
33828
21075
29029
25106
9826
22193
19852
37727
15798
6791
17169
21818
24944
33529
24925
31984
18168
36827
35009
35365
19894
18444
30067
38343
33328
16389
31699
11584
23666
28337
23027
28144
15795
17536
16983
29914
28981
14519
33785
30365
13421
16650
29584
37799
35428
26476
31250
15525
24157
29222
27768
15165
14776
21030
37057
13056
37142
19354
29753
11930
27838
36030
30459
36172
28736
9970
12469
25757
34136
7696
37547
10828
11796
33276
27391
14984
16953
18045
11567
36451
7140
19787
9183
13957
30573
22121
28633
28189
35472
19124
30802
23070
38607
38077
12399
18599
31506
31700
22023
33986
34961
13669
36267
37458
7923
8328
32739
26183
21431
24531
23483
28436
10452
17778
25214
33123
38556
17786
24770
32007
27878
25211
14500
15922
20332
18517
24917
12008
20850
35148
32726
36019
29865
12638
31999
13977
36690
9171
15558
38731
23974
30487
23230
32671
17014
17093
36830
34112
31503
37892
9604
14756
19040
31766
39353
19775
24415
27950
22711
29431
31400
22914
12201
38871
38759
18594
23729
17159
7033
22280
24623
12796
21198
21488
29505
34028
14866
29034
18310
36741
23692
15021
29736
8670
18758
17582
13337
23982
25454
19697
22940
27580
37372
15007
39688
9622
37525
13786
7368
34694
29615
18765
23719
32450
31223
16903
25163
26595
29935
16777
22782
20888
18140
13853
30389
22428
9183
11626
21578
10725
19554
13638
39693
37919
18101
16075
11131
39256
23545
14253
8525
30717
23614
19914
22709
10757
28136
37123
22756
13676
27735
26443
18383
24803
39367
34557
19251
8390
10356
27507
31446
20558
24322
30676
18449
35592
23581
15405
32395
14981
15709
37060
16967
11347
11628
31657
12001
17453
7530
38029
31764
7791
11664
23255
19328
14029
35092
12789
33706
26435
14669
30704
23621
21327
13336
27204
32688
37727
10618
19694
26047
13445
21639
34758
19390
24690
21378
11791
28083
16802
19269
9293
25828
30676
23011
22614
20377
12477
7309
16300
9763
14589
19634
36874
24861
39250
14442
26173
21746
37900
39445
20277
26272
38593
37695
26460
32187
29761
20168
33831
22452
31436
36417
7146
8283
14979
9880
24560
29603
36893
12280
15563
11429
18395
27883
13545
9704
27838
11458
18792
20192
38903
11574
25899
15028
21663
16207
32302
35909
27560
13189
24854
25451
11284
20774
23309
12161
33636
23799
13772
35621
31316
29470
14841
34105
27077
14399
11188
31533
31739
9702
30061
26753
19976
30245
29944
20357
17800
29310
7907
8036
28303
10754
27655
15200
30176
21179
17757
34655
37728
23112
25107
7591
30922
27079
19423
37350
39075
24824
32148
25973
22897
35998
20467
37085
35112
7209
10435
18075
9445
39571
8228
21280
18654
28296
36896
15900
23705
9673
17027
37116
20317
36818
12524
26289
30951
27579
35621
10420
29277
11612
30640
7495
31624
7604
17058
11005
16445
23180
28341
30076
37404
31063
23704
14210
27262
20829
31881
32294
18600
12568
15910
10593
16453
33502
12928
21964
19475
9409
38002
37803
14556
30644
11057
36651
15528
27119
15139
36328
36401
32916
30965
26034
37015
9362
13032
20625
26453
14025
9323
16902
34420
12144
10223
8596
37630
19636
15095
36479
10166
38050
34926
37076
20998
11847
27966
23465
23353
22038
11038
33958
12778
29066
15787
21701
34748
34316
34235
38485
30540
38678
16110
33861
18020
12185
29574
16031
39026
39580
25208
26707
9528
36646
35778
21046
18372
21343
22272
22346
31139
39666
34874
20032
36434
9397
30465
13371
17141
23436
15290
29911
30283
32395
18233
29546
7394
37978
39058
14730
17799
11742
34091
28367
16897
15381
18198
32217
18431
32066
17822
35477
7758
17739
19488
7613
10831
9567
8989
10654
29097
14043
16268
19486
25659
36207
31861
29181
33365
38013
37563
16219
13095
23489
17210
24955
24441
38711
26385
11718
9373
22073
23105
12819
13218
13800
29816
39461
12491
37582
33831
36469
10047
32194
32730
28722
25858
30731
25033
38535
21284
15048
25002
28956
7737
36239
32970
13279
17161
28756
40028
28676
21384
40076
31249
15946
34824
8595
33513
24193
28845
8267
8264
28745
23329
27143
28492
10524
16522
34471
15966
11151
20409
26116
35079
25556
26532
16526
26117
36228
38423
27443
39839
18075
28326
8835
20021
21445
19942
37138
32027
31192
23773
38174
16808
37025
26806
35186
33929
13027
25273
38282
7515
12189
40059
18680
36986
8332
37970
34311
24339
18929
26124
32669
7553
10132
13281
20070
17366
19209
39845
24878
27831
28466
35907
19599
30318
25861
36710
15821
14906
15759
23417
38142
19945
21817
16850
27246
33705
9291
19754
33601
39964
30894
9297
31066
24234
31990
34079
39548
35867
12448
27566
17071
24421
13719
14790
13798
37058
38653
29337
15582
36614
27945
24241
35145
25392
33516
11302
9516
29247
24601
24340
29062
37191
23876
9804
30770
8131
9417
26698
38158
39981
17681
40040
14941
26316
14352
17489
21610
9934
33810
39351
36975
34198
22968
17481
35508
13399
21309
11231
10235
28642
14590
15096
7708
30396
28474
9575
28653
9588
28950
34633
24676
11571
31972
28730
8448
39061
21924
11977
16228
37559
15819
28713
38470
9362
36676
34857
17799
23687
38069
30053
30115
37946
34819
30142
27212
18596
23064
16137
10322
14436
10212
12292
12998
15446
32929
36238
9055
36455
24924
8215
8732
29352
35249
17749
32811
30369
36310
19000
31242
15079
18907
8481
25836
31473
39471
18511
19294
18215
32103
29849
15658
9532
33595
21603
22140
35518
11473
32459
16963
26091
8767
25379
15322
10439
24907
19620
21480
35435
18804
20064
31877
29344
10551
11129
8350
17324
12427
36753
19098
30316
27822
11137
7741
15523
12579
35406
10701
40338
37372
12889
21108
16585
21333
26325
24550
23356
29217
40318
27459
29337
10793
31880
13631
27353
40273
29910
10112
37398
32797
19565
34120
7836
28533
11560
36691
21314
21413
35757
7939
15867
29864
31391
31930
17576
9126
15894
30087
29744
40379
13132
29702
17875
35834
24729
8321
20155
17586
16801
19547
36308
12783
9164
11439
19422
33092
9974
10292
16833
32968
13928
15460
31008
19807
36359
15837
39728
13883
8140
30727
8651
31138
28020
28663
7872
16113
10873
20115
36206
29153
14912
13815
25233
25353
24212
34328
20059
20900
10835
21671
25799
17045
35943
39993
8234
18600
34552
26276
29194
8731
26336
30380
22068
20317
36704
13535
39945
34581
11793
25533
23065
11110
27421
24348
16371
9329
27054
27339
14906
17436
11431
21622
40188
38674
13203
27849
18496
18188
25562
39896
31454
29262
37435
38079
18324
40052
16502
27781
24661
40046
25417
38983
11236
11210
17566
38546
22946
31537
22019
18448
26533
28725
34650
15207
20233
28746
30162
28766
19083
23825
34582
22082
27475
9693
17604
35208
28690
37488
35872
38067
37453
11013
26122
14456
15865
24980
39725
32544
26439
24657
22650
7983
29377
8565
30677
28995
25494
13378
16653
32062
17458
21313
14098
25255
32018
12239
17762
8270
36311
38615
25029
32559
23705
21217
30266
9369
36733
28492
10033
36752
9354
16599
18938
34159
15288
22375
8062
12754
18250
15620
10029
32178
38494
9764
40503
25042
28099
30508
32511
14426
8970
17204
38093
20930
28128
10250
30658
20722
25499
11130
34066
37544
20754
32205
10093
9241
26290
17808
33726
36059
27342
22679
24088
28674
26167
34369
19181
18570
32525
22268
32898
17653
30164
25868
23711
34356
30922
12937
29323
17867
16760
8359
13624
10033
12424
27707
37306
14453
23510
21370
36349
26151
17098
18691
16312
26230
40164
22560
12189
24470
30360
40520
31955
19813
36957
32233
21669
27213
13313
28261
37500
8044
29759
36186
39946
16370
35475
21799
19913
37835
18253
40108
35748
30079
18405
17489
18931
34646
26510
13385
8877
17343
40461
36888
19161
27890
16588
17234
31814
8149
23082
19366
10108
36380
35606
25628
33266
9141
10972
30107
17538
39779
39230
28846
11801
18089
30407
29831
40627
36073
14172
26437
24199
26061
17172
25458
25982
21222
39242
40656
14058
40083
10736
11861
9589
22053
22821
19316
37719
27968
24842
32414
33485
18564
34258
21257
35526
14701
20505
30640
33759
17784
16759
29083
33169
35464
14164
17248
27561
17031
28670
11754
19449
10832
26104
28281
9294
20429
30102
40426
24738
35676
32966
38201
14738
10360
34097
31556
39698
33173
22659
24529
25439
37707
32518
34771
36405
19127
20598
20201
8259
37663
24337
16936
26332
26324
21741
22554
24559
26461
15246
27142
24121
16593
25016
21106
15801
23685
21378
21735
15460
9959
39084
13044
19227
27818
11570
37493
27354
37668
26657
39190
27186
12276
17578
24850
38649
17383
16757
11073
14400
40221
19000
29265
25733
9319
24455
17235
34858
39412
28910
32634
12326
34093
40253
27424
27899
23517
19747
11786
25064
9365
23550
10477
21599
38991
17138
17457
20409
34641
31288
39924
12585
34132
33977
11602
12270
8422
23004
26852
13773
10765
8604
20102
39871
19501
30429
30302
40679
32555
9216
11034
8646
37843
36277
31096
36274
24439
16400
22796
26756
19161
20960
21054
29330
18508
37436
17810
24797
29973
13406
14380
34699
27159
28085
18835
34967
32688
14901
14005
23239
35038
15090
36395
15582
18854
25325
31167
26899
11446
26157
16683
40131
31817
40722
27172
18531
8779
24039
39319
31672
13245
22198
39475
25162
19292
8544
11303
25622
30589
32748
33325
16003
16188
24352
36807
10647
33493
17742
36040
23915
15186
9073
21015
35804
23911
15481
29616
8836
25498
38626
15339
26857
17318
11403
27649
20211
21282
19654
26060
32676
24414
25771
8910
35843
31886
8627
40053
16985
20522
8834
35229
34208
23188
10755
38231
14649
33788
35002
29417
38109
28801
12374
29462
29910
24472
9606
32415
31343
39602
17422
39433
37033
14105
35098
22177
10543
12059
22482
21694
17804
38507
27694
15174
8348
28100
28684
18547
35904
22991
26240
24535
22358
16711
24939
14750
20457
38491
13647
38676
13732
20308
40801
41063
12429
21111
37344
20397
40944
22829
39590
36136
21912
36449
38909
24777
37189
27690
12211
23796
20571
40106
15473
9859
17880
25142
9544
15885
36488
19126
21389
28264
30076
12879
15079
33900
23736
22848
10150
13306
40492
37130
18262
20029
30950
17620
40852
11568
24197
24845
26401
30817
13553
24147
30005
9972
24649
29588
15126
25322
10525
13171
31720
12708
21214
39149
14023
34210
30354
18236
30483
40337
30156
33019
32523
21637
39388
39564
32926
18307
13123
27575
22653
29762
19818
33939
32629
13618
19091
10666
9724
16062
31759
23384
11786
33230
35505
27764
30506
38801
17284
27698
12496
39545
40121
26440
9965
36999
34531
17488
15553
19144
24167
16238
35312
24096
37165
18738
19929
39238
19612
19648
11555
39952
18374
8494
28056
29681
32223
10797
9271
25024
27892
27628
35204
11450
11481
38457
26659
9931
29284
19178
22949
17929
21208
9083
17826
30593
23460
14840
22280
36663
21070
14621
23474
31080
12458
14269
16957
37138
12623
25440
10775
16311
32843
15920
14808
19037
25622
29718
12246
28633
29381
35616
24819
15437
10112
29478
39354
13808
27702
14509
38315
18189
27535
24331
32978
35151
16163
9676
14239
22075
19945
15701
14577
16638
28402
11975
32372
23913
9303
31526
12077
30778
33392
13755
24659
9373
38726
40374
22625
17138
26187
31512
34921
25809
19529
17104
12203
12875
24473
17956
23910
13427
41109
29011
17646
10526
36431
23929
38911
17382
29572
14770
23377
32885
32715
20354
26988
27136
33042
9845
38846
31761
20811
35586
12779
32906
19555
31925
16228
36583
25204
18318
18235
37059
39483
19620
34358
28573
38860
15885
19234
20445
31620
20994
28009
32018
11584
12607
37351
27518
26572
9385
12794
29396
39071
17971
39128
9792
26565
14594
19238
28072
31772
11472
36038
17458
20419
12430
30960
16390
10448
38989
24708
18261
35393
31326
25246
38554
12598
34744
29547
31775
29277
17307
17724
27843
35757
24179
18393
22012
15959
14335
12824
20760
17657
19634
18862
39880
31253
37466
23876
31198
17091
34815
9422
25686
37282
32014
31768
10643
38420
21431
11169
25324
27563
17043
13229
25447
24030
22922
19862
33732
37889
19956
38755
28606
14708
20990
40347
22669
30234
31567
14172
12463
19212
31980
26791
21736
10127
14425
16126
18056
19012
27138
23601
23276
17055
29913
9077
33863
9882
37183
15542
38819
20651
25384
25134
13346
14835
15226
11319
12170
17592
34999
20317
11264
35605
15068
32952
15124
34288
40585
29817
12798
41005
29537
10946
37671
35361
16820
32443
12524
24906
13148
11234
28062
32829
29668
15778
15565
35551
23536
40232
18886
35544
27608
12658
26458
12357
22935
17832
11489
35501
13796
10672
25727
20023
27806
16637
11942
31002
9325
29607
32476
27988
16807
13761
21951
21151
36976
39143
23622
21665
23078
39958
17481
37219
27132
11712
37444
19460
17636
37920
13400
14255
39091
12236
35474
28362
9855
19593
17520
27248
11340
29794
14241
36386
37352
30972
37901
39865
23828
10020
39189
9119
12516
22698
12316
17727
23657
22642
36934
21434
15501
19656
20351
13020
30013
39924
33984
32846
17870
32526
24461
23821
31897
14100
22723
27418
19945
38970
24720
21364
37400
24449
11715
26691
12020
34443
37446
14166
12391
35246
30952
41167
21592
21575
28768
17949
36300
18257
26511
25899
17233
36406
32518
29655
19612
13796
37832
36774
29553
14884
26449
38326
31683
32039
35031
30452
30493
23906
25551
40078
26432
23965
38835
28844
29710
37702
32003
24411
14502
20234
31626
25545
27601
13223
38370
30136
26525
12027
20026
27437
21575
35169
18519
41576
31326
32574
19673
34841
32806
39127
37312
19921
38459
13414
27694
25783
22390
30316
20334
36988
24596
37960
15670
9873
24597
11529
35625
19863
11491
9345
41376
20759
38452
13466
38826
23923
33329
10478
20562
14364
38104
30865
32032
18438
26271
12849
10722
33369
36442
28258
13739
36714
33374
15411
23837
15337
38119
15365
14820
35420
36791
23709
23427
30923
13056
28279
23891
20157
39812
33117
40392
34660
21499
16441
31479
11285
38325
16168
14421
13051
31872
28623
29122
13835
12748
12274
16326
38458
21261
9794
28954
24302
38753
24951
32106
32179
30835
28063
38233
41520
25247
21430
29638
23129
12375
14198
21581
16102
29893
34672
13073
17411
22961
29532
14777
33353
38054
40110
32185
35821
14160
13674
29651
41527
24361
33080
15581
24374
34901
27835
12228
10163
34761
12063
17617
31075
28851
10737
17963
26976
26902
31540
27038
26330
12725
30129
14234
38410
25907
29582
25471
22376
12920
14114
30999
20254
38487
19976
33636
32956
22637
10866
37021
21293
20300
26304
14195
37098
12249
26450
33176
14445
27634
20122
24450
12521
25684
30581
35181
14136
29116
27067
29087
38677
35149
32020
11247
33931
32818
40462
28296
10669
12932
26989
36843
15496
37230
37315
9779
12630
23695
17216
11165
23797
35487
31178
19527
39831
9558
32080
16696
20410
40073
30812
23713
19803
21655
23784
11106
34150
29699
35699
20432
34162
13410
28756
31158
40875
14968
35661
40858
20239
14750
38243
23873
11230
26214
14573
39797
33867
31874
36844
25861
28024
23522
23706
36110
24737
33053
12358
35449
14488
23826
29790
11461
41841
20431
35278
36358
23678
19122
29320
26158
17022
24013
14692
41868
40465
13455
35883
27794
11375
17825
15342
28379
16986
14863
38813
40813
39761
20392
21717
20539
10503
15015
31480
16110
30483
19091
33923
32996
30441
22115
10908
28793
18441
13286
36587
32646
20598
15970
14251
37672
14698
12412
37377
19651
9288
21847
28300
25670
11218
21760
11325
30640
34204
40970
34153
29651
22464
15989
13084
31319
38612
34261
23217
26883
32793
31407
31135
26168
33781
24871
17302
38590
13476
16600
9931
24772
36138
24580
27280
24609
9356
31213
39975
28640
41279
13442
15832
27900
32993
39230
27713
38504
34855
38222
28142
11858
28439
17650
24873
16553
40311
36389
31763
13021
35717
20096
37620
32998
39656
41052
22736
19335
31719
31543
36411
39892
29401
13145
37485
32754
37340
40118
35481
25886
15050
21783
37755
21232
32105
31093
12593
27617
9698
19109
29003
22284
36725
34107
29477
30513
36714
28840
19061
37631
35915
27045
28704
21139
38224
27605
13650
13884
36379
24229
27853
27265
17061
10616
16001
40293
30585
21249
22877
14569
18976
12271
30566
9939
30172
25808
26630
33198
20633
16175
38054
22290
37920
10752
13183
24357
18318
16703
40108
19810
23812
18643
30084
40601
22433
35512
9768
34871
36269
24669
19800
27848
23319
27467
9867
31162
22562
16648
38462
21092
26715
36411
20620
27719
13774
29968
19967
32915
27769
10974
33446
14061
18945
39176
35687
28015
21924
34081
17815
16880
21615
33875
33992
16518
19889
15873
23266
23370
13231
16811
9846
36699
33945
29714
23374
23334
30653
22429
14665
27108
35579
13308
25958
39011
33913
24843
39198
14090
15512
14585
23543
11544
17446
30121
31574
24876
15061
32088
13460
35594
27115
25217
17749
21148
30524
39677
22037
24631
17493
12911
29444
16928
19963
31711
34580
19279
40916
34469
36176
20338
12387
23177
27759
24629
14650
16168
12457
28609
24426
37530
38857
31874
16447
29521
41860
10798
13866
16708
9737
27651
27135
14925
31961
42064
33888
13776
28121
23862
37753
17310
23205
32432
30959
12825
15912
9681
29714
16280
10346
33101
40026
31501
11432
22331
24593
38885
30122
38937
23373
14639
29777
41745
39713
30721
23664
40826
41236
10519
25564
36770
15058
9662
30663
32971
33314
39920
23625
31859
39192
10689
27200
40665
30348
18426
24410
30396
22219
18435
29808
37478
42123
26886
11798
24041
28197
18513
39792
13993
15102
12540
30535
22554
21830
36556
24411
34251
23526
34904
38395
38564
12467
33898
33236
17772
38632
40616
24583
27277
38355
20340
23678
33564
29646
19216
33919
10516
23921
23558
18305
24802
36102
15559
31295
24615
34365
13458
36876
12729
14882
31639
32358
23275
10059
10845
32461
26126
19030
14433
41686
30263
29331
19968
28283
18499
20221
28054
27829
17689
18287
14312
29261
35119
30228
20415
33518
34128
21792
41174
35968
40092
29885
36342
27825
25552
19784
19040
29908
26055
33214
25195
24559
37185
9841
14190
28431
13284
24576
29408
40927
9856
28293
13502
12665
36503
30992
33069
27516
22813
11605
12641
23391
21116
34721
27581
31749
32731
22291
26428
31633
40352
21000
32271
37755
26419
20183
21384
9956
35845
29887
37174
39718
30162
31005
32594
40624
17443
15586
31833
21009
41238
24133
38907
34642
21345
37557
21812
35721
12693
23826
22457
11947
23200
29724
32917
32162
22422
27948
15892
25247
35505
32546
37600
40882
36758
29086
39018
22424
28889
35955
32907
39124
22212
39768
23148
40705
37716
23009
40611
15974
12165
23470
18078
11723
24015
17635
29509
41611
30193
26327
26331
29419
24045
38161
22053
12970
33876
18032
21711
32217
20419
22185
24843
26093
10158
31735
21115
13587
31324
17677
12369
31683
25651
13136
12981
40088
23606
17731
29543
19039
35276
34114
37285
11374
10179
28788
19791
40247
39060
18939
23881
14108
36841
11885
34081
41861
30044
31624
11761
24624
25730
24609
34439
28361
28200
10334
28356
41659
32476
39461
12866
33093
36528
30164
22073
26576
32314
28467
32420
27776
17631
12967
11935
11529
21586
19112
26644
32708
21847
31092
28310
15106
41421
23301
12685
34464
40939
25409
41364
27611
25290
35954
29983
38758
13347
18933
41057
33210
27483
37686
33901
29102
13756
39644
39323
36167
13318
34368
39213
27857
37158
14628
27186
25646
30277
35234
21931
30319
32772
28770
17901
10145
39174
35088
38214
41193
23984
30477
12259
23252
27948
33381
36081
16872
19380
33026
17155
35199
14861
24607
15284
41173
42577
25087
19085
32351
39410
25566
11049
13662
18684
16424
10902
35253
9882
41193
32767
30199
41692
22148
39048
22469
30135
34473
23162
13911
39758
18305
41888
22360
25967
31531
34545
38391
18017
32620
36206
12347
14557
34210
32334
32406
26970
9978
29273
18878
33934
35043
13970
12984
20273
42435
16920
24885
27396
36328
17230
27682
27922
13505
34874
12411
10549
40526
17963
35424
22237
32981
33951
42090
29453
11991
12131
20799
33702
23874
37884
41828
40936
39400
20038
14163
25142
34352
26715
25550
10009
10763
12726
17522
15752
29482
37273
21135
27751
13423
22699
32823
29005
14753
21990
35221
23690
17251
12976
28800
28265
32615
23112
22096
22962
20703
28772
10225
36723
32052
39705
20534
30720
37115
41978
25711
15673
37157
13444
32573
35339
19573
12730
15781
25402
24888
31500
37476
32093
19248
36989
25474
13354
36305
25605
42538
34547
20144
23092
27833
15985
29752
15897
39701
40897
40094
11362
13632
20652
33048
14788
31789
20779
39242
22686
19666
11818
37633
16857
30078
20877
29220
25874
30061
37745
27880
41979
23194
28852
22594
23806
12756
35511
14498
35108
15636
21602
19166
28982
25614
36969
39276
15906
37638
33998
29141
26783
31717
34728
20070
19476
28044
18722
34857
24758
13672
32454
25876
24817
16198
21500
22143
24074
26473
17357
31708
34818
13018
16365
15778
11453
25088
18681
38026
12900
37232
23549
20734
37127
23814
22841
30414
36743
14645
18469
33062
18355
30363
40114
41661
13745
41945
25043
22094
22176
16801
27964
21324
39547
32017
32873
15058
11584
25663
31459
37081
23378
18709
33215
21933
38172
18015
16487
21410
22008
39714
42653
29954
29263
20527
18364
13899
37121
23545
16193
34967
21511
14500
16011
14428
29783
41054
10207
11349
21767
25586
23215
37056
20918
36762
38172
17098
19496
21013
36537
36936
15664
23034
12434
40871
19667
40268
36461
37926
13738
16206
34127
16962
30600
34969
41794
34930
40285
42347
15446
40981
39514
40514
20710
31401
33366
16042
10524
32573
41329
24147
18871
15401
14071
16486
42508
24828
22407
32025
13131
38070
14964
10626
16644
31800
30315
12712
15082
34040
29014
39136
14294
18425
34689
37975
31247
39163
11771
13291
17608
38383
37952
36159
10986
19117
35092
40206
15124
15593
42674
21183
11488
29795
35366
31290
29545
21343
39416
30715
22794
21333
40970
35684
34920
31209
15043
35672
42674
39453
26989
20741
25383
13766
14300
17665
40921
37693
19793
17049
38833
23382
25246
17766
42420
21398
25482
38177
37252
34976
16246
25527
34090
31985
11585
37280
36882
12237
26218
35949
23383
36985
40308
31649
29506
12715
13199
12226
18957
20799
29044
34736
22508
34859
18321
16437
31822
14005
22886
25052
33887
32996
22575
16647
31442
28468
28867
17468
42207
34701
20668
25792
20615
29302
34520
40295
22559
32903
17055
15274
32524
42012
14150
18170
35788
13137
42452
29268
17206
34346
21123
19478
10498
17681
26985
40977
10635
31622
38487
16351
37076
17170
21506
42358
29385
39548
13920
41982
26824
15680
13397
39648
18528
36669
13455
24352
14169
28846
25007
20204
16628
36443
35241
17269
20595
33297
35949
21757
13532
22351
40391
42289
37371
18498
24195
41914
25254
18163
37078
33039
28741
42688
27641
17293
25489
31241
21271
13001
21147
30763
29545
36133
28688
32690
36256
15265
16316
35018
28291
30708
29774
39927
23257
39132
23131
41222
29321
30898
29861
39492
20224
10817
11676
40941
24787
28632
16933
12263
20645
10398
18843
42416
26444
43046
32531
28310
16687
11331
12261
20006
20722
25886
29544
18150
30038
17285
36860
31559
42586
33158
12622
39637
32167
39229
21463
12209
40490
40426
35238
24641
16131
11078
31840
31014
23966
24344
20613
21358
23327
37123
19956
27403
35076
15522
29106
14724
26885
20951
19687
10475
42047
24415
21801
13071
32146
19370
35325
33010
17224
36842
37787
40574
33783
10603
16114
38515
35496
13602
31468
35492
26168
27016
15091
40035
32767
25257
25268
14650
34224
29815
40739
40924
10880
30565
20671
12634
33675
17201
27415
25242
33651
19457
28045
25094
22858
38322
22874
17793
14002
29037
18642
21663
16706
14715
35817
17173
13100
32602
28151
28526
28445
24592
35000
31232
35685
29375
18583
18463
39000
34170
34348
18320
42484
40023
22787
34368
19652
26309
34719
29238
15875
40736
14526
21959
40709
34947
18911
25609
13267
32478
28418
27018
40214
19784
32687
30017
11574
16022
38201
36292
39106
39980
24132
18108
34323
36627
19333
19094
16428
38732
31177
11388
37093
36196
32057
38532
34377
25161
29148
43047
42812
37212
30045
39156
23393
30919
28175
29573
35386
35857
17198
31923
13713
38128
27240
39686
37655
30302
28315
21103
26956
42478
21473
43066
13214
20321
31946
33598
20949
22132
29928
23639
18094
11005
17553
21270
18886
41782
12768
31414
12474
20569
37629
29522
29581
33133
38302
41814
20554
26719
40910
42292
20970
38228
11758
15704
15991
15422
20985
27741
12402
30893
14348
29057
24435
33769
21541
20822
23567
37181
40234
13499
17150
17557
31022
13323
11133
30540
16113
25236
21746
16191
28837
11851
22479
27686
37880
26557
23992
28452
19278
34377
42216
24732
37966
31885
21201
38983
20385
12574
23042
35715
30198
28540
30542
26094
40522
25925
35371
36916
14694
32680
19544
39205
42665
15645
11459
13579
34311
18259
20905
18234
27474
26986
34303
10728
22200
13923
38417
43071
38542
29653
24425
24241
30284
40161
38898
30092
24280
37223
36957
27086
19463
17786
30148
22586
15201
34066
22157
32427
30756
40961
28306
26537
26764
37417
32382
29754
16466
31723
12922
14330
15474
32483
23562
23406
19506
21202
33585
30870
19296
42715
37596
42433
12763
41715
42110
41637
23637
40339
12023
23471
21078
22959
40122
14232
11652
24812
36143
25401
34339
19982
17750
36768
35032
39855
37806
22115
39346
19255
11093
14388
43114
30728
14960
27062
39402
11001
16333
25232
27405
33286
25543
25279
28838
32838
22634
25136
22723
39453
34008
40590
20787
20914
32747
15193
30533
30627
40476
43064
29907
25592
38564
16784
28287
15190
33761
24405
42813
38005
17146
17952
32018
37332
30406
11906
41755
17324
12778
22169
15568
26146
35906
20960
16010
20416
42883
35659
14147
42022
26398
11668
26525
40701
24423
26063
18982
35629
16374
13381
28891
14928
15693
16255
23531
36966
15804
23969
11709
30666
19842
18426
24627
20837
40501
11480
24369
13601
38244
37793
11353
38560
11898
18207
28697
41519
13285
14876
39912
26101
37752
39471
33228
39792
21006
34005
34080
42275
25201
37571
18580
38024
25466
11643
32117
19532
35193
25374
14383
37563
14038
11393
28176
43130
34809
22914
32846
14196
22120
38813
30796
11798
30511
18106
22809
23231
14469
36937
43577
23410
25260
29841
40873
13775
16409
16965
33565
11073
28885
11353
17036
40312
36131
29203
18414
38682
23395
19813
32325
19637
40246
39802
42970
43513
14307
29583
27081
16164
15354
40964
12479
41661
36919
11699
21251
39813
17320
34176
37811
42667
19218
17457
27473
11839
11666
17537
14718
33769
25728
36719
17412
29659
29336
42716
42778
33796
30300
24149
39652
13190
15284
13870
12858
20075
37080
27856
30378
43411
25199
14931
34240
23281
25337
27216
37764
16888
16746
18416
30277
29775
13079
36937
40853
25292
21718
24299
42645
19104
42849
18613
18291
18127
11004
39150
31792
38372
24152
25745
37543
26594
42166
26599
25547
18557
22351
25179
36912
31114
34292
25739
26061
20917
10994
17563
21248
29554
22072
11470
35538
28726
37820
30807
15997
11238
37146
21100
36907
38032
18046
19357
41729
33369
42693
22884
27740
21430
39647
29693
43610
39391
19576
18039
41885
27009
33751
42252
37963
41907
40198
15790
27737
19244
22579
14050
17162
14771
35158
12497
41906
18902
27412
23708
38848
18655
39139
40433
37371
17668
29808
27356
40716
35806
31294
24031
32573
27933
18831
11844
36224
38265
25479
33458
38835
38380
25999
20991
35874
27422
17144
17989
41038
39201
16864
22072
21741
12126
16218
34998
31537
18639
32457
38560
40781
23663
34957
24297
31798
29167
23522
24812
23718
36523
30724
12547
36199
28380
32920
39765
17614
24335
33095
26863
41862
18902
38060
31511
12942
19901
29296
12508
33413
28543
43187
19186
20518
15482
33966
16829
21007
29025
28311
16812
37830
31025
15557
16840
33277
22630
16917
26765
35861
22638
39820
13048
32482
34654
33086
37345
31918
24548
40558
29067
13952
11644
13558
24442
19102
32999
36842
17028
27728
18650
35192
22827
14567
25331
43026
29226
24062
14576
38608
37710
29952
15907
32015
33415
14314
24865
31071
25919
29522
17851
17308
27114
22953
23343
14938
12255
39869
41631
24454
24934
27265
14785
34891
13330
17937
32217
17459
17233
15857
23268
16271
31041
34453
39702
42264
31173
34855
19079
17110
17369
19076
33578
30273
32034
25224
13566
41895
39881
17547
16008
15565
25226
41003
27008
39641
25352
43340
40907
12143
31332
29278
27817
20763
31757
15327
40496
42735
32474
23840
39673
30573
32854
43595
16409
24231
21083
31653
23378
12196
34530
14865
38283
34054
19993
38102
24958
17642
31414
17569
17073
39952
41099
32718
32935
13372
33115
33763
39511
43483
15341
22621
36317
34026
29022
11952
18544
14612
21691
33673
21140
28954
22736
25942
35984
43384
28730
33800
36643
24134
37828
28183
33907
20572
33520
40647
36166
42425
29395
16811
34420
26918
40742
20327
17053
11542
29083
26553
35863
21969
13165
36027
33578
20177
32059
41826
11392
12140
22806
23883
17367
37556
19161
28599
42745
42652
12984
15316
27886
13916
15900
19518
32112
13334
23215
19397
15519
34233
24498
22897
40694
39206
24983
24003
14718
33681
25548
17726
41537
12330
23765
17446
13570
25085
16541
34696
36907
36119
34062
30586
24071
19179
21727
28324
15921
28148
25773
35583
25421
30875
40526
31709
14581
31578
38498
28970
42486
40482
32810
36849
16061
22778
37790
36897
31756
40938
39353
26514
18930
34327
37656
42563
33529
39983
11459
26598
43937
36359
30539
32414
33293
17283
37909
15111
13821
34999
19701
30071
23804
33099
18942
15491
30427
27428
22937
19653
38493
29760
32469
13789
33332
42978
14846
20662
25132
14064
16241
27403
19623
40857
37038
19497
18505
30778
43951
30454
38388
24963
17529
19762
22263
25558
15600
30717
25474
15343
20207
14745
25950
23242
40088
35954
35546
40129
39657
13147
26121
31734
35472
40731
19498
16880
29441
19752
18792
31881
21445
33714
31940
14855
32789
36579
28751
20617
22695
25446
16796
13477
22472
18982
11893
41807
41899
31064
22989
41724
39681
16059
23798
40968
36809
40734
30996
43093
42090
36644
31954
35382
32511
43332
12883
23179
18162
34067
26988
42541
41164
37830
29200
21132
40011
42482
39691
29078
18614
32407
35059
36059
25453
38749
31068
44015
21700
31261
17996
39440
28433
21411
15855
12041
41988
41907
41611
40790
42039
11849
26293
38793
40198
37413
31174
42733
34977
43143
14473
15720
17503
37432
22070
16550
24918
38345
20900
31859
25384
13087
19130
29289
24863
36912
19495
19660
15741
41735
23890
30898
26381
15630
28820
43879
22782
23436
33190
22287
19697
24941
30805
21133
21329
40514
41853
14500
17891
18056
24628
16988
18590
16685
16710
41128
19644
28240
19170
39237
18961
19273
38546
27365
41628
38889
29552
15501
25692
24834
22168
39996
23908
37930
12249
20685
13874
32957
30384
33566
34365
27169
33654
33394
38605
36686
35032
43028
18447
19341
16776
40510
19561
13439
42546
36408
11787
22882
16306
31172
21191
34704
27012
17338
29218
14408
39035
44016
12715
35761
31158
16988
23435
29980
32209
38269
25438
31882
42072
40950
44353
14702
39809
14717
19244
27316
34842
36595
42115
20481
35264
26068
15335
43069
20306
11986
34642
31055
20389
43965
36451
34087
31353
44198
17142
36866
30124
43076
18424
23529
15022
13207
39546
32123
43061
40138
20739
28141
23602
44382
25899
32335
27139
22405
15205
36881
16618
21196
23837
14021
22206
27645
39171
42790
27360
35908
32166
38746
30065
15248
25156
29812
38594
41532
29152
37181
39692
19951
27798
12852
26210
15809
37676
39635
23779
31135
28905
32788
39732
14576
30634
33844
37678
23672
41522
40887
24787
16253
37058
39852
27527
42025
21481
33074
42877
16176
22942
41531
35695
42675
12428
40848
36498
43107
38317
36886
17097
19177
32794
44367
24344
32390
40738
43299
20060
16630
32409
37089
38458
14491
17778
24961
43606
35543
17041
12588
32709
29114
15322
37374
29892
21725
13198
37386
24746
27021
38871
31902
24603
40492
37025
16585
12671
21717
24492
41243
13746
12607
34527
37036
26877
32228
43232
24927
26694
27746
22497
42856
22147
13601
18109
30220
13941
23094
36931
22952
35986
37255
35025
13045
23875
39472
20006
22410
23375
33062
35185
39843
23191
39194
38829
43296
23301
43425
35889
18385
16319
39313
16771
31472
34464
39086
27758
38895
37864
35974
25940
14965
26162
17561
39877
14755
18087
14781
26703
33435
18802
23745
12440
31811
12915
14417
37291
22598
37432
27161
33936
30044
12073
14126
12575
14028
36610
16297
25365
29999
13447
38293
21864
27766
25971
15115
18392
19246
36017
19355
37575
18179
36046
21742
44362
23171
38575
41642
22912
36901
22655
33174
27427
32394
39148
15871
23644
23042
37523
24922
42204
16210
41912
29482
34600
39861
42555
16676
18484
22048
33735
29329
34100
40394
23117
27381
39855
33260
17585
16366
22485
14021
39875
18014
23826
44002
17264
31436
31971
22428
22586
18696
28649
23522
20709
30478
42300
26681
26739
14125
39937
32000
25683
42345
31551
29689
35542
13341
23534
29189
24034
19429
31057
42543
28138
41658
15238
31212
22813
36447
20572
38561
19166
22013
18020
25702
36725
18186
24139
26122
36868
37230
34406
38487
19132
12009
13455
43671
39760
22959
37424
24151
26538
22102
44701
44138
34014
38130
43943
39217
26716
28031
39022
29210
31081
31615
28278
42599
38608
23779
25853
40241
42196
22575
36492
44204
14186
44506
29901
38572
44197
39155
42652
44648
19314
17163
27744
35710
14981
12110
38556
28216
25491
24819
39617
14606
38594
16599
29255
41836
33374
34404
28667
35253
21197
42936
32667
32391
36549
38147
33696
33089
33724
17201
17755
32194
22176
18890
43843
31092
36041
38934
43406
37258
41260
34180
41214
44677
31185
16716
40958
37117
20871
25940
14829
39838
27094
12369
26810
32369
39221
43822
44209
42844
35197
15793
24212
39917
15006
30300
26606
41043
40336
35217
21924
20397
23437
19450
30925
35208
40318
44072
35267
22690
26547
28538
33146
14068
24022
13889
40209
21232
33570
35617
16295
14856
19152
33211
42608
35951
36050
43144
41736
40483
12996
21000
20487
43307
12576
31005
29653
29981
41137
17585
34240
38884
35914
28319
35147
13248
18103
37329
13257
22158
23796
41894
36907
24138
30877
40086
38167
34514
18086
37912
24890
34029
13900
21443
37342
21131
42059
42420
26559
36943
18002
25137
44570
41034
27316
32907
38920
24074
24672
44873
34826
38867
39699
14210
30181
44332
26572
12171
26288
30365
17793
16595
43819
23224
13840
34058
22610
13398
39800
16009
44594
28195
30025
28654
24828
30557
37465
38662
30808
30168
35513
36593
14587
22854
38375
23936
19580
13237
37189
28642
39779
31577
19146
35456
36228
39308
25592
28709
42123
27411
24846
33890
42199
38307
14462
27953
16524
22179
30369
30680
30947
44852
18858
17680
43461
37231
35289
32871
29593
29421
37361
42723
30554
26765
31723
41192
39148
44913
38380
13147
15280
18250
41845
35848
44374
33238
16089
27969
13042
43943
28405
15560
27730
12837
17691
31216
33167
27350
38735
24318
20195
24541
43702
12757
33466
17857
25163
34771
25100
32368
17876
33014
42729
19844
29973
15939
44374
41412
23363
38760
25175
38894
14011
21408
43341
39604
18676
27095
43906
17412
17074
35855
17923
25484
16509
33282
35246
20094
27474
38664
33163
23696
37272
40764
13152
13896
19541
22490
36479
22646
33954
42732
15587
28930
27997
32294
35451
30951
17693
25870
22214
44928
29803
28256
17568
23299
23599
40112
40028
29259
26728
31313
37906
37850
15136
26742
29242
28190
33696
27031
15994
31987
21984
27414
29885
16490
38465
21027
28293
20680
19838
20445
30338
29650
30944
16569
14947
38728
43698
39720
36588
21680
36597
12660
14921
25172
43093
19179
14498
38286
22875
22592
44783
23107
36323
18222
32782
17326
39121
14686
14354
39519
39424
41611
16863
35715
32891
37348
39668
23909
31984
43698
31111
19765
30817
36922
39127
31241
25373
18661
40894
33057
28655
23710
21893
44911
36757
12924
39165
27734
16499
29089
19915
16819
34441
26978
13316
42266
40867
17576
24058
26210
18383
35989
14421
26467
41492
15979
22629
33022
39265
30890
33974
14686
19908
33657
44005
44926
25052
14407
15795
24555
15505
36018
39512
42700
37634
17576
35866
41759
20159
36812
32541
24389
42041
38427
27517
25281
28023
14287
42394
37181
40202
33923
34995
31437
23874
44441
44983
33144
44962
30681
45143
30709
41106
28762
35936
40370
25428
26790
19784
39963
27193
32281
32262
26904
20245
45194
30503
13015
40944
19502
12575
14541
25598
43704
37085
13815
27858
36805
25250
16486
18382
42104
30482
16890
25566
22113
38540
28270
16230
40356
16055
23188
12920
28247
24157
39138
43339
22827
33661
32558
25320
40783
44955
31158
34855
15761
18011
36707
44762
12999
19022
31567
40264
34157
23564
32644
25053
19599
44931
21767
37663
16362
27534
23829
19428
37710
42954
30636
14274
41286
31909
41805
17352
43259
22967
18945
18283
41814
38486
24474
14787
29541
28772
13627
18168
30208
28012
42522
23031
13484
20973
33157
28265
16319
41718
22051
16101
29637
26099
33405
41828
44579
37575
44732
13302
13562
27675
37812
33716
22094
12789
13090
34806
33384
25228
25906
32710
25976
32091
24389
28564
17535
31860
38896
34091
41324
30743
44104
30691
27269
43139
43613
14616
14601
14860
25860
35036
25364
42862
13530
17129
25794
36449
19077
30681
25751
12909
30269
42650
22303
41472
34956
43548
34257
12734
45137
44876
32057
16920
31243
18246
42583
33568
21588
27078
36674
43675
15788
31712
42768
20568
32632
44786
28922
25793
39498
19414
29372
30128
18275
15964
25147
13700
13175
29943
22122
30835
22192
26806
32622
39970
36341
24950
43521
36210
22891
19031
37396
24733
25660
43628
18616
44931
14744
38327
45374
12862
19194
43604
22941
17916
43949
28148
12821
22030
42382
40845
26642
23356
35603
20816
26707
25948
27276
24284
19531
25379
34473
37809
14024
39994
14397
38375
25554
37268
40257
26912
28630
14336
14620
40379
39428
16634
27170
32842
34293
26055
22618
23878
16529
26817
16772
44290
35888
16623
18010
15326
14335
41944
40215
41661
34470
24985
19766
41913
26663
18230
22652
16149
35593
31534
30008
38002
34999
34898
15818
25670
45347
35542
31074
17803
14766
13225
25098
25524
21324
38402
35815
22757
27619
29500
20923
30819
40693
30947
27311
40266
39295
42255
36176
20862
29985
17648
17367
24803
20094
16811
21933
44241
39654
44900
27182
21442
33075
21148
18606
33102
14832
36798
22969
31322
15041
30964
19871
14732
45310
28223
35888
45058
36770
33735
20933
32323
13412
41584
40320
14709
26659
38573
21716
37073
16007
33177
16455
26453
39142
24644
17782
13752
20580
40266
33370
18595
19295
24747
44491
44830
33290
37334
24898
27977
13911
16391
45027
18252
25371
25811
44731
14480
42605
13570
21062
27440
43854
29596
17716
17322
22160
31558
40044
21723
15088
29135
35922
20522
39046
23047
33605
17923
27487
30672
19820
19079
19816
14967
42419
21121
44941
41284
22544
23708
44579
20047
22795
15060
33923
15254
30333
36907
25592
17997
34200
22173
45532
33909
45607
33109
28925
39088
21271
36641
23110
30804
26679
41252
26779
22462
42300
27083
23556
45289
44552
34818
30734
38975
26668
41639
33134
21422
34219
22590
16104
26623
44289
22247
33135
36963
25187
45198
30606
21583
38473
16226
20486
44938
32042
44680
28601
32901
38022
31504
16070
45290
31018
33064
20726
19575
29360
27023
27991
31245
22597
35661
14630
35588
12975
38306
35314
38082
16270
38460
41727
18572
14817
44972
25065
32155
35789
37915
40585
41331
19866
38969
16924
33392
13823
29303
22946
43170
24479
31350
42885
45275
34771
31935
30843
24069
43690
30388
16301
21689
41006
20167
15897
13582
40681
23785
14645
34479
18344
22341
34005
43825
40575
30511
25678
19107
38157
27223
34524
28262
35329
25667
41793
15935
25053
25596
30383
37802
40187
33287
43752
22385
36557
23190
26532
23934
39528
26624
37683
13037
38980
24943
34403
37478
18749
29144
14244
29354
31454
23345
41322
25451
16607
23006
26579
44129
26604
23660
33162
25242
34217
25473
26603
26642
18930
40467
37480
35203
30055
38361
16683
44670
39208
32767
23292
20411
33757
34334
25190
42926
32762
39787
17941
20826
18241
45615
36995
18794
20360
25975
15060
34174
21692
27404
42750
38339
17446
24997
34092
33990
27885
20316
43109
27018
39388
25695
36456
24536
30822
21992
40667
23254
28903
25967
26021
34267
21549
26654
19609
42882
33335
25221
38996
15101
28220
35983
44136
13228
41968
20916
23226
40686
45570
41329
16936
38968
40425
41973
32879
17252
17632
42782
15180
16715
20015
22435
17634
21141
37549
39571
24412
40144
40323
39678
25555
17856
43570
24561
20594
22774
17368
32424
33240
43940
27055
15616
39869
45744
23766
14379
25817
32519
31572
25511
39425
21556
19546
29809
31892
36145
41416
35958
40981
17277
29427
14922
15129
27758
21669
41244
32612
24777
45670
23786
15695
33424
44282
30449
22125
29979
16939
32360
17261
39786
41417
39277
45378
20666
21486
41536
31106
36694
38022
42159
31244
31152
34831
20433
36846
31152
44446
45047
14726
27212
45603
17632
41959
32601
35053
18476
42877
24481
28017
14355
30709
42293
45639
31319
35671
14341
33141
43895
31861
13997
29168
28198
27785
24978
38496
20219
43034
15406
26916
36970
37663
22696
14742
29427
41063
33192
32400
19865
22584
13929
45615
35478
45623
44304
39638
23629
18055
20284
42358
16000
39477
25822
13581
38851
35540
24907
35693
36657
40292
34447
44863
27229
13433
21252
29511
34700
29081
27940
33514
18465
17893
33180
38893
32600
30203
18337
15743
14647
38172
40839
17530
28098
15242
32656
19686
29807
31796
41730
35007
19417
23957
44924
39927
35256
23002
17545
15807
34577
43587
43382
32515
40106
25035
36193
23091
33729
39691
36243
28745
44797
15708
30224
38664
44965
40252
28779
40065
31504
31731
38111
25564
42077
43638
37276
16213
24164
21387
23647
43909
23019
45358
41541
20451
21534
45363
27105
26762
26937
19758
39820
32061
32648
39312
25596
35240
24209
20498
42265
31464
18064
22871
26891
42574
39971
39372
35736
40288
31815
34260
36269
33569
19587
16674
18234
18067
39779
19813
27459
26233
25896
35883
37429
41569
37054
38911
15990
15586
14574
14549
36671
45859
38357
30633
38318
36252
39573
38242
32791
44577
39754
26876
36764
16156
36672
26854
35837
43034
17251
25513
43441
43913
37110
43979
38453
37311
27784
15091
40612
34111
24868
36941
42120
33848
19401
20016
21743
35663
27417
23295
21954
23966
38741
35149
23891
36349
13961
35652
26677
44416
16644
13639
33104
17217
27147
21462
20532
29023
16591
39090
25006
27462
23964
25410
24217
41265
28498
26678
42231
17646
15641
31850
30529
35809
28753
34573
13819
21068
15048
24322
22410
33742
44336
38790
37450
27945
20944
32788
27868
23368
24441
23429
43197
43904
39100
37500
15133
45334
43866
25857
18414
37889
41980
24428
21307
36082
18980
38533
40123
41618
30820
28393
22950
19466
17614
29616
16583
40137
36267
32844
40147
23937
15984
16820
22777
13939
24813
21187
15290
20205
20168
30682
17403
34321
38698
15821
23640
43223
27832
32765
22716
18774
44997
39361
29230
39743
26821
18187
13550
31146
18181
30792
38081
31253
30618
40327
39817
45225
26776
44254
26136
35264
19588
26633
25414
23717
29195
42325
35137
39834
17395
40893
29989
17696
34131
37458
43213
31346
40447
41696
23272
24403
35655
24526
36175
42761
18657
21830
23958
29354
17955
32150
17376
25750
15221
37078
46072
36165
29703
30667
21662
38211
24511
26124
16671
18552
33142
24419
35113
26285
36195
44150
25308
23884
19415
33447
17188
20071
37931
25400
20551
35068
29687
30131
25274
22136
22149
24969
34873
16761
16518
27385
15638
14808
29699
22323
20434
14823
37014
23486
41706
20727
33753
40215
16627
14110
24095
32923
30441
20023
24418
21926
26821
46121
20605
39421
21581
19053
31899
23913
30256
22218
24304
34981
17746
41315
22695
35706
30821
46068
33563
13865
35257
40537
29257
16905
44373
25680
31622
19825
27974
30847
21613
20184
24631
26809
40476
17211
44610
40829
45216
39872
22534
24255
15021
44696
29690
22507
35218
44841
22016
34088
36205
29037
21822
42970
28059
31893
42025
36970
16755
45299
28386
37705
16692
34070
46022
20274
33595
40503
35393
43184
39290
18388
19426
40673
41765
36506
21429
23929
42670
33416
18381
45065
18420
25682
41248
14978
44728
16899
26008
39669
45392
18151
18534
22684
38815
17064
42138
17438
35396
43959
34288
44303
33298
41197
46061
37046
19392
44659
29483
42516
29666
23007
28914
27425
44824
14751
36103
38745
37510
39835
30153
38775
45188
32534
19065
30337
28054
26069
14298
22532
41374
16516
17146
26529
22864
31317
13903
25032
19431
26602
25861
39364
22806
40309
14487
41208
41794
28702
15517
29544
39406
42661
40165
19835
34935
40264
18884
36607
32001
24807
13998
20333
39857
34150
26373
34670
45597
15187
15663
29599
40704
26824
16363
38033
25139
18835
18917
28693
26840
23189
22408
30646
27096
37992
26387
14470
26257
14661
40687
14366
41928
14884
44608
41696
44773
30500
39866
44927
17247
24366
30389
23490
42101
45781
40580
26244
16159
28289
37891
43776
43076
40909
35184
16715
19245
43565
42108
34850
23610
16084
42657
31718
25555
35797
28597
32485
30114
26248
36544
30427
26623
29999
21771
25529
40876
39897
40825
21412
17347
45191
18970
22593
28140
14990
33278
24880
43731
16700
26951
40918
24282
28094
16770
22624
25355
33857
36920
17412
28240
30808
29119
26762
40678
41118
36438
35084
14351
19868
25970
37882
26631
18413
25426
45664
43578
31135
29913
23660
39348
18141
36253
38699
18393
22987
21564
16275
27478
26034
26863
34502
31575
42333
31329
33685
35579
39107
40129
32067
30980
17894
38677
21388
18388
33018
39634
42982
45461
32714
39338
44039
19639
15448
44454
14759
21663
27331
18292
38791
27293
34414
38658
36786
25375
14943
25164
15107
29477
43237
15986
42471
20981
22142
24333
45668
41744
15351
28611
23387
15460
17365
44057
15626
40131
14068
43401
34516
42644
23662
34773
14917
29385
20670
31642
23377
20497
22566
26408
30172
16974
45134
30097
40064
38473
42285
27648
17546
23972
27948
42316
41797
26385
37001
27597
28796
34498
24570
42351
45626
17185
16020
34308
30164
14784
17130
15327
39465
20627
29561
19102
36649
34653
41540
34887
44692
32104
43963
28823
37380
32633
40161
17046
35374
45571
33966
40047
39781
43931
29874
35199
41824
37804
29948
46764
35900
39276
28474
16632
45252
22286
21794
21077
22001
30010
34320
32956
23981
41658
14320
41849
38620
46198
26462
37577
20125
33186
37644
34214
34509
20534
18020
33250
30158
26014
14191
37491
45958
36787
31734
14350
14250
14827
39399
18423
36156
25292
30457
44311
24402
34215
27539
16207
17178
19586
31979
42252
25371
40534
33387
29467
28605
23931
14936
32447
30988
27232
37301
38401
38329
15999
41829
37448
31585
45968
45713
31017
27666
19197
42057
40832
40204
35223
15470
33472
31428
15239
41423
19591
28207
46215
28050
46198
34620
24658
18902
46143
45219
14168
25494
16895
20701
27575
46032
33999
31859
25191
25575
14229
40316
19636
20807
44577
46177
30194
29767
45173
38372
39276
44627
41059
19041
21661
17226
40286
29267
35235
33317
39562
21529
17904
24794
39701
30459
33091
36735
35018
28520
18646
18099
22755
16513
43737
21818
29471
30428
30240
45287
36629
24705
41497
36543
31688
34361
29440
18011
34171
18953
44630
33934
28103
20217
29583
37192
43498
36377
36107
44218
23394
15558
19783
18363
46779
26666
19541
39787
19621
27138
39305
25622
26953
39588
46454
17243
32221
25664
26648
36237
18550
39782
18259
34393
44574
16584
33180
20649
31527
36930
16631
38345
32191
33047
14881
42952
44740
39806
15374
41762
23769
18269
21398
21403
36281
30804
22379
24686
35275
23293
28750
33703
17911
26482
29058
20686
40889
32016
38273
20165
40819
27515
29423
26867
46344
36066
15820
31651
41638
21893
43245
32678
35299
31860
31661
39232
20236
41369
45024
36418
18105
38136
44040
26483
24997
41782
28108
16692
19133
35672
14501
36708
43895
33230
40155
22658
35429
25776
27312
44049
30730
34119
26074
22593
32236
43727
19767
41675
33770
45691
35517
35101
40912
28858
40880
19383
33577
47033
41239
18645
31573
42793
22640
27214
47067
43330
23715
43708
19200
16648
46901
30173
39064
36301
27070
26681
42780
42999
26525
45573
34557
15107
22506
41288
17464
32970
45996
38716
38443
33283
37964
27895
16806
16394
17994
35658
24902
44000
29743
14826
34814
36466
32195
27085
29175
17950
20351
32471
47002
32115
20037
23734
46827
16184
43855
15115
42776
35760
46182
33994
35409
21277
29780
18147
29147
31107
47003
29218
18528
18350
18791
29779
38538
28022
31938
27819
30160
31042
22023
32611
42383
26827
26777
36006
30300
46883
15572
20141
32665
35829
21060
41769
21318
28686
37397
33761
42010
43804
17867
29340
37330
44726
26164
23617
36810
45725
22170
46909
39370
26178
24636
24869
43810
23432
33280
32668
44025
36554
26722
26744
18658
45088
41392
21792
26800
37342
25209
25912
46220
24670
28227
46209
26180
34560
30844
34810
20710
26222
37299
22092
22414
16421
29960
44900
18044
31537
18913
18274
17001
42551
44511
43186
16923
23225
39697
20856
17976
26006
32359
16434
17240
22736
37481
45977
29277
27282
21032
41415
31495
17778
39029
43679
44227
44531
16210
35178
14788
41294
21414
18878
43093
20850
45365
17316
28270
41545
39630
41721
27525
35901
41670
32277
46246
34811
30630
16299
26310
26486
26913
26608
29525
16431
14665
26880
39698
19125
36354
41597
35619
23399
38582
16505
20581
22657
14922
33174
38145
20823
24913
43115
23616
39643
45184
39978
45216
38245
18274
31872
30759
32692
22349
44221
25335
31536
42645
39477
43043
42353
21503
16870
33985
27397
28281
14683
45376
30574
46344
16080
16636
26219
37633
38038
40976
39545
44156
43961
41835
23704
36614
25057
24359
43346
23190
22134
46870
20218
30403
39687
23965
16690
43059
17133
46277
17839
39511
38443
17807
24129
45397
27545
16776
37901
47174
28226
17054
34845
16290
21002
15666
27932
16376
15252
22638
20058
21731
24418
41177
18455
42041
39998
18728
38141
17797
38105
27992
38126
15800
36019
35833
45312
25371
35898
43469
16582
15752
36918
21393
21714
46810
18532
29211
35447
44962
43361
42149
19668
19484
21962
38249
42765
36193
41634
31854
35804
35549
15092
17569
46665
24580
42681
34599
34741
41537
47355
20722
34589
29487
43323
26258
26013
33548
23569
31310
44083
38763
40722
34932
30406
27176
23542
19949
24679
29857
34555
36116
34006
31523
19588
38089
15176
27811
16902
15808
28263
27311
40484
21023
46491
36260
15385
37705
37768
47392
28247
20980
32216
38074
25709
19586
37434
31985
43054
18318
40106
32867
30224
38085
21236
15680
29906
31735
26995
45821
36962
14957
25887
23629
31741
35966
20167
42317
40856
30045
43930
37374
29823
47413
24300
43257
38204
15736
22839
30302
33978
17268
47200
15118
28842
45351
15676
39962
29478
23636
14931
26235
38804
35798
24548
15107
42702
41781
35113
46739
32384
44151
28379
27279
30673
46136
25337
47503
41285
44029
31174
27735
20449
18118
17425
37642
19345
33762
32440
34458
39624
23559
23407
40579
45414
17570
18110
28345
34526
32108
20297
41438
22424
23614
37460
17337
38292
35622
20870
36836
19537
27834
38381
39108
31725
39596
33859
23230
44941
45727
18032
36776
21247
25913
44623
22142
35742
31610
30133
33623
39030
17996
16304
43927
32169
44123
16140
16997
32530
18982
42524
22880
44583
22615
17335
22925
36644
19535
29056
18580
39270
26374
46954
28205
38676
42514
18556
28117
43013
19205
15570
43205
27614
27900
44261
31780
38779
18549
37388
44924
31121
16737
36930
42859
45713
19323
36137
45211
41935
44247
47183
30451
23011
20158
26800
32015
30287
37049
29565
42990
23651
20972
24604
45803
42334
42149
40304
40943
40918
24629
40026
30692
24154
34047
29568
28525
39253
42702
28749
17364
26677
20844
47417
25668
38349
39792
25930
15160
37880
23383
44250
44083
21120
45782
38812
39346
32062
25711
19418
34654
25986
42819
25344
44167
39605
27943
26462
35534
30268
20217
24362
23841
40608
37685
35012
29421
17900
33475
44094
19342
42839
32787
42524
34315
34851
37996
36696
30976
16325
26497
42666
34523
35654
21830
24326
33355
45033
38401
46949
46838
45326
44196
16328
27243
40278
36698
28538
26967
46856
15968
45206
29947
31668
15638
17610
42205
20246
41302
26458
37054
19772
44292
20584
22221
34795
42470
32114
21018
45888
24502
25372
38221
34195
44150
27696
32152
20128
42756
27107
29162
35305
35822
22874
41574
28758
38023
41580
23571
19743
34875
45994
17621
39403
30751
40860
37788
42554
22732
40782
39131
19968
28270
40459
43836
33682
16152
45673
19602
45254
32603
43142
39694
45910
44310
33168
25271
30854
19599
35979
25364
31751
31683
31822
40235
44570
20475
40655
15792
34041
45472
39329
30582
15730
43600
20411
25129
36565
22833
21627
45375
22032
33158
36843
22316
31769
26496
30786
26837
39820
28502
33966
21832
43414
45720
15696
17834
42513
32704
35976
47472
38640
30730
46452
45779
21214
16261
37811
34685
24354
29546
34927
43401
25798
23213
47258
31914
33016
34003
32887
35754
29872
19203
16477
45591
30611
26463
26296
36409
45592
38549
23376
20294
41705
30640
45006
46041
29580
40501
47484
19617
32834
35435
30796
22358
38703
31738
28444
17906
45756
21175
20792
17949
45882
29119
43296
23785
23496
22723
23692
27327
38518
26530
45486
43930
17322
32829
47543
34674
39107
31367
17564
18172
20989
40667
16922
32912
15252
39571
46072
20842
22061
41686
38284
46870
39537
47537
23680
40230
40955
18793
30422
29478
43892
35344
27178
24274
26620
25943
30775
24198
20428
19619
27805
28661
34842
46435
30690
36638
46141
44960
15286
41340
33810
19157
27771
41341
33182
15618
44036
40502
25077
32764
33181
25429
23898
22791
37708
23895
21159
32422
33879
36347
47600
20658
40198
42230
43619
22186
40874
37096
30578
30794
28382
40079
43317
42079
26893
27706
21513
23001
40245
28545
37758
18210
15594
39732
44144
29614
28573
32657
39539
42964
27422
36538
35957
34524
30048
42854
38046
36697
45949
47062
36731
30137
27129
36107
34396
36122
37451
41526
37114
45663
27033
33904
31325
28035
23748
40619
44285
15662
30116
33256
43560
16518
44437
32171
37027
45896
18738
40108
30356
28695
41312
22992
39583
27924
32143
41303
45136
26286
25404
29271
19385
44220
32442
46185
45148
17865
35123
38306
34635
23726
20458
33989
16525
44135
16578
39862
41924
24095
40964
36402
21517
36237
19293
28862
19240
26499
44582
27613
36825
38596
19176
44934
43917
29463
32288
47829
41793
42649
24127
19457
30624
15703
23797
35982
28779
21276
36271
19908
46878
21384
46431
26975
34001
32866
34683
39560
26460
45615
46152
25348
25022
34564
44120
20652
27584
29592
15697
46877
38101
27293
27633
45488
20037
36433
44879
33197
41098
41040
29028
40123
20474
41900
30921
32667
46247
25919
40898
39190
18820
24128
31868
24884
46793
42261
24211
28847
23448
24680
17879
44199
39648
28797
46672
23191
28546
17091
36224
45192
35762
33705
15591
46469
34720
41650
36301
34382
25432
23756
21051
21073
24551
16606
42827
42197
29632
25248
44193
20089
24158
44975
21818
33501
40746
39649
46437
32415
21406
37333
29198
18825
16555
28879
46402
26888
35672
26819
19440
38624
25773
35760
20717
20511
44239
29488
35131
20559
20844
46412
21899
19696
27481
39828
23808
34086
24442
20592
21814
31150
34531
30385
35715
24854
41532
24427
37757
44078
40042
20999
16060
44730
24684
39572
16865
16489
18050
21086
43734
27147
23701
38594
35928
29438
36307
41536
33459
25321
28058
31698
30157
19373
43415
45180
48230
28569
26415
19237
33950
38878
36893
32421
42424
44866
21085
46623
16157
29976
22345
32657
18596
23663
30211
33961
30736
27530
25874
34267
40923
44944
44880
35760
27442
39045
28675
16993
39744
20857
39498
45988
43439
26879
20411
21190
29804
24033
35402
36602
22187
25618
40300
24561
21292
30180
21117
32938
46012
34171
42079
19596
16894
25218
24165
29362
32107
43036
41583
29574
29336
18206
39510
40081
38839
32891
22666
30353
21089
25600
44025
22988
35475
42817
27443
40101
28406
26835
31436
36973
20067
46011
37634
16507
43686
22311
34976
42879
26754
26204
40227
20243
16630
29936
39450
36243
22463
25401
48083
22063
39710
20229
44851
20286
20699
31883
42726
41685
29834
19362
19385
15769
19213
36145
35907
28625
20314
19687
36811
42176
23679
25388
20582
42033
47331
25431
41056
37459
26318
47649
40669
41415
24107
36953
24512
44024
37773
17882
19148
41899
28785
39099
30217
38359
41155
19653
32618
44214
22947
26410
43436
26908
32104
21107
16513
34312
16613
32443
34798
47736
46572
21019
47858
19842
24337
32101
23912
45217
45232
35093
25902
37965
41778
44676
32391
43726
47755
20831
28606
36177
42759
44376
24589
30524
25415
35867
34236
19391
29574
38788
32653
39339
43554
39951
23896
37256
38231
20368
39923
41442
31309
28708
38996
44515
33109
20327
15866
37415
30575
40423
29833
27595
18705
35545
37044
21959
39459
35851
19551
36990
40782
25114
35333
18324
40054
44261
26456
27136
44165
42049
25384
18530
46699
18671
39558
28054
45923
41419
24873
25993
43639
22853
47377
26187
34118
20245
28009
36710
41477
29227
21682
45935
18116
30437
32286
24538
23026
48517
20026
38674
33828
31970
20176
28874
40722
34142
46604
38029
38370
45079
26845
17053
39594
20066
31902
24314
21808
44405
31734
45761
28404
33379
29437
22455
41072
21070
34464
33318
41886
43735
39750
40168
44987
16090
20148
27585
25163
47961
18733
42994
47453
26805
43486
19210
33552
27684
37498
31744
26198
48479
38434
21119
26872
42139
36743
25729
38618
21691
41554
21023
44673
30148
27588
17319
30418
45969
42649
36336
41500
42184
17971
28906
25177
40460
19700
42105
37553
17780
25068
42884
39488
31292
27060
34121
27673
25787
42649
34035
18571
17045
41981
30574
41891
17202
28923
38778
21745
34927
28234
45054
29839
40851
45924
31903
35168
34436
20199
30866
27798
37179
26171
36782
34423
17269
30837
26054
18528
29355
18555
43061
34826
17477
45673
40378
40972
23563
28724
26759
31137
20188
37262
44692
25516
44450
43785
39993
23289
48261
32894
29948
42950
43615
44720
42664
29826
23664
38957
37535
16852
41556
39285
33136
23519
26161
18526
29868
46277
44341
17079
19190
18537
31808
20524
27226
28026
29917
23401
25824
47021
15991
34435
19296
20297
36810
24211
41623
25065
27799
29348
44667
36989
27548
20943
34764
32403
39107
46244
45036
26325
18330
21964
38640
22738
27139
48621
18423
33793
16173
34510
44986
46082
28354
22972
45413
25128
25698
44332
32166
32821
32593
34209
24579
24676
27244
48592
30320
24237
45154
39426
34593
44868
24608
43707
26781
30307
21901
17049
45076
36169
31352
33662
39410
39043
37838
18162
24756
21354
28433
26050
30202
46317
33797
41709
20958
20880
24237
48577
19589
40629
25973
28482
46579
31514
20401
22219
40996
41124
24646
39416
36696
25435
47271
48066
33966
25013
22532
28396
38644
35351
39614
26527
36286
39321
19997
28753
45749
30730
44101
17899
19762
38196
21606
32554
31756
43872
37684
33605
25006
35613
36759
21457
22124
21566
44963
44514
38167
16418
18890
18036
38350
24888
30288
42505
35608
31681
38144
26515
46384
23512
23326
24211
32672
19632
32156
26755
40209
38174
19344
28018
38242
40279
19686
21486
31223
41466
47442
27686
46164
38993
23433
38480
41706
42964
46257
43081
30768
23790
29718
22139
36854
30980
38686
41988
44791
33716
17791
40469
24749
33114
48559
26263
26473
29401
26013
21013
29346
33432
21406
40150
36749
33482
25514
31561
34799
41203
44232
35239
41776
29351
27335
24275
32176
16277
45103
18053
27230
44229
29815
26279
37510
44318
21112
21503
18410
23339
35618
23055
48405
40991
41070
31289
38892
19478
40083
26151
37510
33693
22909
31082
40509
42613
23675
30305
48389
37780
39480
35421
34045
28269
46828
23810
33348
18801
38611
44785
27406
22998
21215
19364
23031
39063
26026
21144
33431
29884
42158
39858
37974
31451
22968
47836
16257
38367
37018
26351
37022
19720
27936
18389
38397
41779
40262
28655
33680
31580
48040
33972
18684
42593
46650
23195
19952
32264
36153
34875
18614
45380
32354
46257
25352
42420
28769
42307
41252
37485
45708
20035
48931
47097
25809
27445
30854
22943
39917
25140
28178
23525
38367
30353
40414
44116
37533
36542
41386
22139
42245
37226
42866
27191
36886
40430
22595
38705
33888
41960
41294
41383
20921
40485
37691
38000
24882
29893
19391
21562
35658
19097
40305
30743
40545
47568
27097
35640
43375
17363
25034
39927
24309
30829
40946
48155
42036
38959
20912
22104
41118
46611
25125
32022
24970
40031
23438
38516
26155
30924
29393
35211
42947
37864
29013
20727
29204
38841
28951
38548
40983
43427
40699
48261
37105
23435
30560
30587
26915
47165
45302
24115
29697
28427
18900
37441
47461
25271
27333
26125
39844
40852
38115
42011
37313
31975
19816
23439
20961
28051
48064
22000
32767
17398
28131
39468
46305
27918
46817
41180
29003
26336
23486
40394
20850
30234
33409
33456
38067
24311
38792
40771
19845
42339
40222
33392
19885
39008
39248
32998
41649
44200
38396
34004
46734
27283
26410
35572
26797
29500
43935
28872
45844
24799
48048
30756
45018
34438
31317
41964
37597
21221
48254
21023
27575
23170
47786
46868
17389
19737
16565
40452
28010
23102
36849
37577
38188
18756
42873
22757
28222
18526
26306
21446
35046
46852
48755
17481
43551
28568
25463
32636
46921
21578
47184
33448
35360
41785
24750
34959
16619
21978
45888
33778
24309
36766
32202
41814
20801
24527
20344
16904
43898
23227
48498
27231
45353
19989
21936
19777
32555
38040
46096
21224
26977
19693
28069
43238
24745
30671
18002
29031
29965
16749
25752
30647
18491
31248
30637
36356
33845
33277
33742
30820
43594
44189
18645
35098
20037
24283
30478
21013
37348
27854
42567
36793
29836
31384
17190
45282
19258
25742
26304
40998
29885
29337
19558
45659
40483
23259
22978
24153
43889
22422
27940
41473
39063
21578
26134
47231
26274
30238
39990
34251
26932
33665
47173
23414
34865
28433
41851
31395
18876
35260
33053
30548
47202
40997
26194
24807
31124
34633
17459
21472
43099
23650
47137
22760
18503
31756
46683
46358
25769
29862
17103
36718
45057
30715
44081
36775
47034
36897
32075
23090
32789
39842
39060
36215
40036
21722
45571
42082
38776
26784
39717
25118
49244
24617
38254
43808
44868
25128
40653
28520
38592
36666
27778
35331
46389
32130
34868
47573
31374
38800
17214
38805
46639
25224
29771
44313
24874
28544
45858
37332
22710
31785
34499
45213
40157
34482
47538
39601
26484
22761
18579
35836
44880
20132
40695
33940
27575
23391
38518
39815
44053
37670
27646
28374
22512
47798
40810
21697
43806
41695
29014
45637
16950
21292
29490
39652
19268
18374
23958
40356
44737
18070
41173
25434
17602
36778
25557
33320
27247
27866
25886
43589
35767
25771
29232
36860
30018
38003
26906
46840
33447
30142
30792
33470
31968
37617
37021
45179
48379
28461
48578
40448
26385
42358
22717
33291
20860
33557
18629
31176
27717
41274
18004
36759
48348
16870
21631
40720
16908
29704
25731
47684
21549
17127
22432
29766
21916
29887
21290
46315
18280
40111
39645
31181
38478
33746
25969
43158
46056
44461
24430
22139
20513
31689
20546
43270
18156
46240
38288
46105
38454
29118
26828
31024
28696
47392
41733
27622
48466
17888
29441
40891
41973
17428
47503
33556
26207
33779
32793
19331
44652
26681
48505
30537
39147
37837
23821
34841
38223
39585
48142
23327
28071
47578
37149
16961
35537
23346
29215
17061
18666
26522
27723
40051
28680
44323
25217
32732
42284
23582
42462
37723
26482
24450
31885
44858
28043
38031
35552
29273
30573
42417
21151
37931
26697
36007
48288
38913
48318
32740
24727
17803
45388
20278
32560
35483
44299
29605
25179
43565
17565
22174
38887
23717
26977
37969
47699
17751
39145
48471
48097
24908
41135
23448
26603
21315
18947
48748
36474
45303
33352
20992
36373
46496
21344
34300
45015
32188
49253
34658
35269
45071
23194
20921
23390
47081
41633
23404
39027
29863
35310
24941
38456
33404
43131
38429
36508
32882
31421
46960
28118
30635
48088
20556
40512
18413
45071
43315
18025
48478
29566
44066
44389
45963
41227
49081
47464
27055
26010
23963
48276
27699
21376
26648
33806
46961
35386
33546
23895
30653
34400
29692
34266
35494
44500
19858
47297
42361
27711
27173
20237
17671
29630
31149
42470
19112
30168
42724
48943
27264
26804
38824
20574
20225
44168
19617
45963
38321
42325
42021
28358
35118
40146
33880
17838
48239
32933
28824
35136
27468
20697
36376
39404
17473
21133
23498
20462
32623
23273
41347
48603
26339
18007
23130
33146
46107
28655
40529
38614
26310
48434
20279
24977
30924
37372
36044
24699
37774
49332
46119
48995
43631
19142
28245
47918
40595
34131
37443
35878
20455
30247
24029
19092
48993
31979
19064
33168
42633
40091
32877
25624
43064
31035
44551
22624
32415
24006
17824
19817
19084
24168
26374
36565
26601
27372
30756
35578
27525
25976
45278
48949
44568
37240
40508
48768
34945
28376
24779
34375
42321
21878
43584
38264
35725
25815
48735
31194
18096
39961
31515
18335
20464
44584
44031
44860
40130
26165
44236
42360
30368
45156
40804
20931
32778
39621
47334
46794
35531
25222
27163
18760
41853
24935
26385
26911
30287
28525
20997
28839
28934
36059
36230
20038
17986
26718
31192
23617
46595
38280
41367
27345
49003
34687
39324
45178
40902
41975
38949
38040
17095
33373
34607
34875
34836
43861
38439
24884
33286
27751
36546
27504
37289
37877
28970
42117
33803
43377
39770
21899
38067
30157
32715
32557
31087
28722
44880
19455
23379
25332
47678
32019
24830
23750
44241
33991
44575
49706
43723
17376
31800
37676
28254
40157
45218
47440
44620
20869
37842
29129
44877
24259
36314
42987
33969
19123
35890
21475
17478
39165
29881
45478
45436
22882
18935
25639
41927
33940
25765
22733
44101
39755
26223
32548
48801
48021
18936
43219
24887
41069
46111
42446
43129
49040
27265
28876
33169
31116
37694
32764
36936
36890
41473
36339
42022
22189
38458
28393
35034
20811
28334
17958
46557
46492
30258
44983
41299
33345
19891
45669
47666
41062
22394
36328
19877
17307
26542
47447
23475
31711
24091
42467
40732
44542
36145
39365
19587
26142
37456
46965
19666
47252
33603
34077
30427
42236
38154
34893
35899
44936
40924
18928
32132
42136
42092
22143
47515
47755
46700
36468
35934
34261
28751
23298
20618
29522
21588
39683
30940
48347
48832
23602
46199
35862
19818
46234
45702
49042
24701
20558
18722
34323
39034
34651
33654
17450
30076
36859
23329
30729
31680
41227
41179
36758
33124
39103
22620
25790
35183
31637
35706
21516
20498
24455
22673
41338
27694
38789
49191
40839
43541
45858
30160
19593
33685
42638
47184
23109
22835
44740
29952
21437
20660
17924
47731
21833
31970
48260
48728
35561
45708
18787
31394
26842
44751
42974
42471
21095
29332
38086
35590
41730
30554
49201
33805
19859
41270
34673
40026
34320
37399
35650
40448
43342
49743
30279
36460
22295
33359
34744
24136
29308
18866
46677
20639
31852
30590
32670
23874
31878
26534
46917
37483
27692
33235
27364
47521
22489
42339
44524
17371
43700
38578
25053
49384
22629
20889
20157
26126
22823
25909
40899
26610
44062
48362
38995
43959
21484
31399
38191
37738
33151
18027
44523
27038
24876
46856
35489
45139
48642
47143
49639
22301
28504
37260
21246
40066
17577
29595
36940
40611
25506
44315
36364
24351
19576
28219
26949
48692
30847
48338
31480
45351
18169
32235
19358
47078
44075
47233
23250
21997
22199
30087
36682
37478
48933
24876
25355
50068
21955
37212
40925
43377
49839
38282
49149
39830
27698
45997
18195
20060
46927
30344
42851
29505
46748
28975
34631
47245
47953
23495
31453
27701
31903
28045
34301
17919
18755
38938
31342
40167
30554
34789
34393
35777
34423
36361
34557
18721
42995
22344
29605
46712
41348
37968
29911
27263
48657
30526
31695
47833
49349
43617
28204
35060
36451
42048
47592
22064
32985
31966
25997
25411
39191
43068
28838
24284
33569
47648
39028
26502
41059
38677
21731
25807
35910
46771
41404
31658
20224
23328
26652
41491
45744
25047
39973
38385
28330
37288
25331
47936
40207
35328
21714
42351
44706
46955
44974
20487
20694
29015
36299
19086
31276
42267
29878
23467
37051
45624
20603
24459
24336
23518
44824
25986
19257
29618
20530
20726
33821
41422
23815
33145
39183
28169
23716
17973
44962
28281
47191
41101
19390
48951
25704
39425
24051
42850
33028
45394
35854
36711
34682
41703
26602
44159
22442
36976
34953
34169
47545
19401
47459
46265
43018
18721
46078
35713
30058
31835
38847
31343
41867
42420
37888
25415
32180
20903
30819
47091
19382
36878
40805
35528
45346
42633
26422
29707
36025
49699
44232
28852
27684
27699
32037
40561
26598
18049
28935
30958
31630
21162
26274
31828
44593
18630
36293
20752
40727
49479
31265
25813
19125
46628
45032
38116
39899
40760
24219
19851
40239
44517
48669
49899
24282
27644
49675
42751
25729
49633
38736
32986
44919
42986
40947
35120
47409
34569
24884
45080
29178
36011
38872
45072
38887
30175
26305
21058
31246
38331
21441
18438
31731
39675
34480
48551
27971
22764
32444
35434
35269
38793
45569
41420
46477
44771
19290
43532
18803
29126
31350
23529
33731
43929
35374
36781
28982
46470
45333
39786
25121
26331
20561
26244
49133
25776
38058
22127
22215
38091
44513
30906
26520
47040
36931
36429
38456
28252
29821
23535
34783
44612
35250
25611
17884
27098
36299
28083
47241
28512
49167
31973
20094
50016
25075
40973
41989
31307
47667
46796
48846
21856
20001
38392
45540
42703
50493
44260
48608
49439
43783
36833
49501
30157
33553
35844
36267
26422
25432
43050
29640
45494
35028
46906
40331
45074
39502
24490
34595
24339
36210
48197
44224
42100
25125
31275
49296
31999
43033
38937
31981
22002
33438
43754
26325
38311
40635
19294
38042
38772
20349
37147
19674
40657
50319
48881
37298
34232
36619
33890
27695
43602
26768
30818
35845
24527
28821
45403
36740
26261
21500
40564
34759
44958
37610
34323
36143
28443
22743
19872
30736
49758
39649
28301
37289
27894
28774
48275
20826
28956
22993
24894
31249
34638
27060
45227
44038
47417
33816
48017
48808
41948
43025
49790
30422
42219
30613
28259
27987
30577
29069
29267
47476
33722
37421
31368
46108
26224
19841
36007
26346
29444
38985
48452
31665
46415
29447
24233
49193
46714
43862
36051
37348
35099
18301
47806
18051
24736
20548
42211
25641
47089
27911
19710
48688
19281
34312
25364
18971
27013
24841
49077
49356
24633
27675
21375
24568
34719
43697
45027
24535
45401
30968
36140
28960
32409
39275
29116
22324
24967
49314
24217
29337
19939
37738
42281
20395
23787
19227
19002
36238
26751
29734
39493
45415
24963
31470
21236
47564
25989
31449
34273
34425
22431
33702
39073
26692
32927
18689
34305
27987
31334
28756
50319
48524
27278
28897
30301
39757
20560
47630
50689
23645
27044
37887
38112
28451
29609
28266
24237
49174
19016
37287
30252
37749
43796
26119
32572
42808
40821
50535
18964
45382
20998
35589
29645
36328
21307
21906
28705
45694
37191
44936
24690
47217
34621
37309
23565
37992
26485
29753
36273
19903
50481
24900
19019
18997
33152
48836
34052
33252
32611
49606
50301
44919
25391
49243
32089
20631
24882
21925
30205
35494
24473
35889
38803
18352
28561
33415
20565
40862
25005
48640
27400
25005
31112
40920
32710
21023
33963
45188
25089
28721
22705
46406
44997
22604
31913
50174
26173
38527
33211
18755
40825
32045
20239
46258
23918
21507
25834
49030
34367
29485
23322
33130
30139
40650
40597
18315
18470
46749
45661
25072
49724
36357
30630
23310
31347
32815
49467
19863
42881
38026
46622
19604
47134
18299
18286
37299
38923
19283
48526
26082
50771
21886
41092
30748
41169
19452
32671
38531
35058
26390
23645
32176
50620
39753
48267
45639
18191
24455
42926
39118
44587
41887
37794
49087
49011
35577
33921
36827
41329
49030
25543
22210
36121
28919
21171
24513
21330
21549
31728
36587
23474
46833
43124
45675
32905
31718
39849
32280
27682
37563
31434
25930
23365
49317
50064
18156
26880
19725
38415
40915
18344
26246
21978
46926
35610
21505
26222
31231
26694
50756
34510
30441
36335
23960
36970
45769
31404
47042
40261
50602
29747
39477
22871
30388
33750
35974
33585
19013
40014
30496
24543
46659
19640
39481
42514
28848
42205
28933
42111
35966
44726
21801
42882
22693
41264
30322
25095
46452
45100
31431
23978
21540
40394
23132
46621
38067
28903
19497
41930
30192
29924
22171
39354
19410
26281
22665
31414
45069
29418
40553
43436
24807
27049
22468
31060
33352
19197
32999
48914
29969
37137
38108
36127
47279
23407
39832
22500
35568
24447
26742
35494
47637
49738
40164
20328
23848
49028
50012
36365
26256
49610
38551
26302
50402
20520
18685
43915
34298
29918
24671
40277
45131
33124
31208
28651
50803
21419
35409
22899
43282
32934
28245
45324
19165
34825
24421
24753
27374
30033
41116
44640
18782
37380
30709
41084
35350
36154
18364
33137
47586
48220
23618
50838
43464
22828
49621
24151
38039
24837
46831
43411
49858
31076
36526
42051
41071
32168
38788
33117
31180
39446
23088
48632
20898
38944
50413
28592
34348
49127
38633
21068
47145
29438
40952
22686
43056
25713
43146
50347
32324
37382
38363
35596
44968
25282
40553
34196
30452
36527
41643
47411
37481
46045
32256
45850
48258
48295
25574
49440
37579
31543
40300
35173
24310
40525
47850
50485
30252
25403
36335
41775
41633
43317
32635
38054
19307
18887
38510
35399
20116
23207
49729
25596
49518
48301
48628
38929
35622
39968
40775
21910
36252
50739
26157
42500
20594
30671
41086
21027
25188
35219
30188
36394
25815
40218
45112
45352
30132
44924
37798
31652
27510
46359
39854
45440
38786
41615
28660
35620
33463
34579
42362
49624
22599
39906
40980
47984
29381
27918
43037
39215
49023
32640
34921
44518
27661
38973
18554
40796
37418
35048
22263
46834
21955
42375
47193
42375
43342
51082
36328
48794
44125
33289
35046
28334
22643
27469
40458
28915
28694
40850
36144
34850
25637
24843
37198
48809
41836
31015
19626
29192
34934
48915
50506
44411
22946
26496
34220
38873
36729
33190
46520
30908
21823
50568
49139
39138
30664
38778
22261
33235
46734
25825
28445
24772
43776
48699
32899
37052
47644
21087
42286
36853
50239
44805
26504
25733
34620
27272
21774
46141
26284
39659
43340
37842
36486
48667
42249
20794
41968
30579
26047
48473
30804
50821
20814
47325
29365
39704
27120
34919
41796
27245
40560
46059
46382
43463
27287
30041
45753
21033
23528
31357
20367
20834
20109
32292
44377
35911
30352
31872
20112
22080
35150
34509
43920
33286
39721
31285
40431
28586
34174
40433
38412
48090
26839
27826
20203
29792
40801
36159
29760
30187
45984
48735
28361
22290
44897
47609
19169
33942
22256
21370
27987
29415
42124
21879
35436
35050
38936
25236
37716
43002
44819
23972
36254
29997
39114
40209
35101
51160
31436
28030
43001
24917
22943
42924
27907
20995
31153
23962
50246
44943
19601
25329
31198
32882
48735
46238
37646
32955
30594
33729
48524
41999
26264
26566
18719
30958
42675
31697
24428
20791
38338
27488
28173
21487
44877
45612
30436
23614
32614
37712
47791
18874
49628
35756
29148
42473
33201
50060
34718
49920
19662
50053
35648
47089
20470
28832
19386
23973
28409
37819
20866
45446
44330
28715
43684
49473
31250
44454
48405
33738
46694
39265
37700
50080
34103
33397
22259
32338
48489
46471
28229
23874
36710
23464
28440
43945
45843
49274
23700
28123
45572
50068
25348
32205
41452
31016
34277
20692
25431
48611
29757
19119
47259
49685
30511
49608
18699
20498
44747
39095
25711
20952
37163
37128
39601
23026
24507
47934
31705
45980
34520
43031
37947
48679
39837
48914
30959
38815
27641
24111
30850
23212
21765
42742
50155
29622
21397
40122
41921
20812
33550
30751
36267
29639
32375
21466
44567
41002
22482
38584
47663
47693
39340
48866
40456
35387
34547
29279
23325
28888
36104
30938
43773
20423
39957
33446
47680
43146
22945
24831
36799
46827
24929
37779
29701
35483
34897
20289
27904
25626
22020
25120
41468
22742
43064
39107
48083
33431
46254
35003
38237
48666
23865
25694
20526
48380
35348
48071
41345
28379
32376
20254
27503
34231
23406
22042
30309
39326
50403
24771
24276
44936
23802
46461
35626
42880
35238
20546
48642
22020
47223
26415
39063
19631
38068
38978
41343
38421
25515
42082
41878
26863
31557
23455
31032
38520
34525
40636
38835
47126
36434
39402
28411
24637
29531
40151
29088
21136
22811
46055
22782
34634
43510
26305
31156
32221
44962
49166
48215
41689
29057
33405
36455
19726
19758
44811
24449
38389
32086
49281
32471
37196
33481
49214
27870
43009
41936
38966
30022
39505
30146
50747
42287
27953
42194
21628
29082
50925
28203
47947
41501
32527
32831
36899
21468
25986
46427
42473
43188
34039
23679
33394
30393
25736
33902
19782
35811
35995
32001
39843
23044
21258
33472
48581
40701
45697
51379
29029
23858
45351
21622
40320
47163
39552
24716
31577
35293
37010
47349
20673
49976
47174
50691
40854
28225
34066
47465
28298
25459
26581
37269
36645
34754
25858
26432
34062
42705
22017
47427
29318
48484
22994
43692
44597
51224
47348
26385
26153
27218
49285
41252
29724
33141
22698
24456
50933
30808
23089
35811
34194
28407
26485
30773
20165
35432
19586
20072
47772
33041
43642
40488
32998
46873
29240
31988
26866
32540
29234
27765
26266
21283
31652
31503
34944
39379
25323
21175
39832
19428
24366
43524
42983
36309
36164
19336
43658
37342
39378
42848
45305
22055
22196
41738
47501
37687
49055
39799
32064
28335
45572
19809
34485
50744
23607
38879
47736
42682
42960
19767
46214
50127
41810
34291
40720
33655
44810
43575
26236
29197
28986
42321
28333
45689
21879
30610
44420
48808
39760
39516
20134
35897
47152
27261
50304
27001
36998
36027
27273
42642
19490
32944
40135
24319
51682
21977
26773
30531
30351
46825
47779
41691
35586
48995
44606
34417
30091
20327
25042
51794
29331
20940
29869
45346
39039
43120
37381
34511
23256
45772
44349
31683
51369
41676
21348
49246
35369
37853
46591
29859
24986
38983
21256
49201
45937
45245
24118
42613
22967
25138
20351
27423
50863
24047
47836
39634
47801
28643
21836
35872
37238
42810
19227
27829
27181
27953
19300
44754
44910
32296
27861
27390
49653
30968
20402
35320
19152
30856
41244
19183
30917
27547
25492
31221
44270
40684
41147
27314
23206
44413
26715
35669
40617
19244
49323
41936
20854
40327
27599
38213
39160
38625
42655
44475
48486
34726
50345
25622
50536
23019
19833
36934
40315
43849
32536
29630
20118
47340
22994
42536
34830
20967
39228
47703
32951
50122
48758
44925
29516
30071
36782
33438
47632
42033
45285
29764
19894
30454
47606
22133
43902
23567
28116
30434
26274
25829
30483
31073
26864
37910
19882
46749
42680
20936
43511
29452
51688
31294
43267
33314
39030
47785
34312
43461
39422
45120
36144
23040
49325
32146
43936
36091
39261
51739
49333
25387
50945
24598
38029
20422
19780
23699
38858
27002
28269
42441
20626
45918
41094
39853
39130
29225
23997
46788
37349
24994
21514
35125
28935
24151
47122
22050
35247
22418
48972
45880
47269
40329
34146
26757
38031
24533
24794
33418
34746
28709
27381
51858
46871
40244
48855
39234
23172
47608
46057
46960
27213
42269
38780
49465
50675
25777
43439
48973
47148
43553
24978
27278
31786
21092
48267
19930
43040
46710
40185
47652
41219
24584
31768
49354
31630
30326
29477
43042
28296
30713
24514
36438
47689
37662
42907
44659
43387
46198
24394
31676
36638
40079
22648
34628
26062
37412
23365
25532
29769
33937
36586
31625
39724
45705
21917
36122
45053
43275
40886
49528
35182
44690
31247
37150
41184
28301
23472
27404
27943
30990
30380
21015
23181
27334
36934
25731
33817
20785
42072
33235
37393
40718
22518
33504
25021
50450
32590
47145
23150
49885
47826
41578
37823
50221
28570
39280
45339
40530
40707
21803
38527
49634
24989
36101
23169
29869
35140
41330
39314
26611
44684
33736
36480
32469
44387
20562
37951
22794
21745
20127
29928
30163
20163
19488
43522
33585
33065
34035
29185
44373
28892
36601
24332
33368
26084
31534
49923
48684
22457
41274
40129
37587
25769
51523
27294
49358
22649
43014
34360
37849
34383
24870
28020
38869
31184
33731
40127
39430
50053
46415
24218
51838
25731
32413
46165
37337
40267
28475
48154
28459
41967
35586
47150
29239
34166
46571
39796
42466
46722
37413
48947
32487
38704
33892
42520
41675
28224
21115
28799
39700
40822
36909
26094
51382
41279
20032
47074
43982
30104
49108
25039
21394
43564
51699
51810
35464
41916
45417
35337
37623
47300
23254
31413
34716
24412
20737
29919
46237
29276
34159
24009
31939
20931
32565
27398
40675
25178
27658
48956
28573
45204
51104
50217
23369
47801
36149
26084
50223
42563
42853
37733
37110
25737
37442
43080
32608
35482
25510
41934
36660
24684
44488
20773
39291
27446
28686
50409
26606
30490
35362
21482
24752
25607
25928
26416
39481
47582
51183
20796
27538
51155
34693
34961
19656
21271
35984
27507
39835
39092
23803
28911
39030
42680
41133
27419
44964
20629
21601
48799
25280
49864
40625
45940
26221
31161
31603
49900
51272
40930
45385
34547
45339
38708
50548
44692
38740
45494
25065
39871
30133
23920
24999
36425
23116
51079
30535
32820
24998
47785
41429
38705
29248
48299
25566
20323
52286
44913
28874
50022
49503
30991
50284
46480
43313
30509
22744
48758
25985
49584
28277
50354
35606
32919
39507
41444
33439
22818
36542
39159
46569
46650
21011
33190
40277
28685
22482
19774
49546
38649
45045
51365
34151
26027
49280
49051
52283
40584
48474
25920
20537
22603
21083
42454
48422
32240
45990
50633
25429
34258
34873
29164
38613
42000
25282
42246
36585
31796
48308
34445
22968
38423
42907
42673
47174
39423
43181
48029
30371
38923
29345
50169
37987
24273
29124
45747
20813
42309
24137
34815
29272
35805
51424
31644
21203
47346
21899
40025
38371
37994
39085
35033
35890
26260
51812
42387
41446
24147
50201
29724
26832
49791
31830
28585
37606
21128
29911
37584
28916
39516
20195
27278
51598
48523
31197
23182
40009
32169
45078
30376
42283
32757
46565
38313
46175
38455
36602
33106
44589
36591
40431
26531
50986
20651
25120
29017
20652
50361
51133
41397
43393
21758
48669
25471
42721
33062
34901
26443
35232
20222
31754
46843
21416
39453
41603
41605
37287
34506
28674
27126
27909
39962
34133
51383
39449
51545
44968
50703
30364
23211
39581
28394
27742
41203
26783
23769
27703
20724
42355
44633
38209
23991
50959
21592
23620
21036
45232
22773
51058
28179
27687
33672
37461
35357
36211
32226
19973
34639
29845
24278
20894
19880
24992
48632
36593
40451
36624
46244
40826
47935
50780
28738
40339
44700
41679
47561
40422
43880
30355
38530
23848
21980
34319
26127
30213
28993
36211
41387
45910
47446
50320
41139
21146
27382
21742
34406
51876
49142
30232
48361
27281
25165
42043
41357
25853
39543
42223
50773
39799
48411
20053
27827
48689
39915
50274
40339
37884
32203
41082
33434
32372
25142
46913
25776
36472
37854
28846
29628
48350
20115
26209
48046
39780
31846
48182
27331
37353
19982
26394
52484
31709
45707
22045
41233
47606
29193
45513
43548
35876
28678
42418
41784
51144
22711
26703
30676
48673
48552
29960
25986
26374
26020
44176
27390
41947
21460
20341
43115
44734
51754
34550
38111
35329
51969
28692
44322
33757
24061
23788
32691
41572
39993
49219
47628
35768
51105
30563
39719
48763
29084
26150
28481
44678
29935
39248
30942
39390
50910
25377
27405
43491
25491
42539
22765
46283
22980
49762
48752
45903
47505
22642
34399
48804
27307
22357
45471
43693
44475
34852
33714
36975
52482
35885
22656
23749
49212
33095
34648
46933
51147
49250
30514
21954
49937
27234
51255
36644
50718
46894
46723
50101
45707
47875
39465
27852
22437
38415
43127
26896
24015
49723
23164
22757
33057
29512
40136
40747
24405
48413
44147
23080
23780
29791
50529
26818
25964
32067
34243
20466
35669
31904
43745
38005
51892
40777
35608
23749
29551
27545
28958
28487
32419
20815
48270
24774
21314
27548
27552
34592
48641
43387
29239
33855
41073
20545
33314
32075
39787
35957
43163
21022
47282
34017
25876
26873
22484
41961
40244
25205
25169
35612
37404
51644
35583
25865
47854
38136
40109
35156
43152
35340
39943
42761
22189
23427
49338
26927
36349
37317
35288
51617
48071
38033
29053
34329
25252
26791
33715
27534
34949
30149
23699
27584
50679
26837
20909
45329
23206
34405
51882
42134
27424
33111
36144
39534
52188
43482
32774
38994
32123
34969
43385
27246
48717
47666
27902
31343
21783
40681
52248
40158
30996
45726
44668
51372
31545
41212
30068
27918
38077
27124
24193
22923
32473
43625
31044
27730
47053
23853
46238
31442
39203
43053
50967
43141
41783
35304
30332
40972
41463
31526
33484
25217
36584
22758
47190
41225
21610
43672
27931
21672
22076
39052
28025
34906
25410
42667
39947
35167
29830
34661
51403
29142
23934
39658
33657
49549
20877
28317
27969
31000
25291
20677
52632
27424
24073
52358
28263
47102
43024
41489
33643
42888
32810
36631
41179
21803
52196
31619
34124
25147
20497
24168
47827
41606
31506
28472
21353
30511
42069
30520
50323
52154
25884
22320
42562
26979
28288
38247
22775
38068
32949
34766
22316
43350
26511
28284
46576
43048
41029
37466
39121
27534
35958
48160
40190
30220
22121
38784
32685
36627
27289
22176
33723
41498
43633
43470
23186
37873
48212
24432
37968
33362
40160
49209
23334
41402
21876
31651
32253
44406
31727
47257
36448
40449
24507
40563
38294
39309
34827
27176
42254
21216
26464
25535
50689
51809
26706
51207
35922
42355
46989
31368
20665
36865
28442
37817
22048
23642
34528
40820
24141
21824
44650
40870
29122
30267
29674
42827
24289
32308
23678
41370
46164
36926
20915
39292
47788
22199
34888
38211
45384
23696
50228
23193
21113
37097
40425
44726
25315
43233
44251
26327
20519
21420
47932
23787
41663
29926
26378
40079
50985
22822
21580
23612
29255
39127
21657
38591
42246
40259
42969
22762
37694
31729
47696
38794
29145
39985
33752
41369
28728
23285
27757
33460
24786
41186
23023
27087
21790
40615
52004
26663
45236
41870
41981
40056
30639
49744
36634
40560
23637
47150
39055
48740
20474
51773
26089
27971
39713
36098
44908
24776
49381
51774
24223
51187
45463
30987
30219
41913
37033
31784
42559
38907
37322
39570
46103
51381
45395
26196
37950
38776
52194
34207
24562
21786
22852
37405
34567
48044
52889
33411
25391
50348
27570
21094
36984
44924
30654
23631
44822
52243
45350
39441
29283
24051
29877
48986
41252
43866
24572
25225
27406
36029
29429
42943
46985
36978
29926
41529
20915
34477
41096
24541
38312
35245
23401
21266
33537
22071
31887
36565
22682
34884
26206
35082
40345
36855
30652
22287
48043
29393
39026
39063
36497
44328
25813
33974
36060
51157
48295
52536
28148
30254
47416
52279
29023
20532
52944
45037
43840
32013
40273
39110
31262
25012
46105
23993
35303
42991
52518
27353
34869
45441
50045
28199
28111
52129
51404
50859
33139
46764
40526
27075
30675
22039
21743
45754
21725
40103
22705
20636
29247
35044
52046
50761
53035
50635
29215
45257
36183
50115
47932
51167
48969
24018
40421
52449
27601
24337
23072
23494
27351
31837
23460
21121
32598
38480
50166
49806
21161
22383
24530
41162
46342
33445
35788
42887
51016
34289
52279
40672
29169
42331
40006
32586
52591
21036
47217
41580
24478
33374
26650
30257
21135
40018
35441
26139
34952
51905
27285
28378
45387
52469
40700
36893
50331
38713
30740
37032
34301
22414
49706
51366
30140
45727
24204
26177
21295
52471
30698
24689
37950
29810
22018
35857
30243
32241
38013
34616
35694
43858
49427
28358
27468
44448
42230
37437
26120
38790
48494
39379
25298
21514
42944
21189
51904
30072
33877
38381
42258
28827
38168
31895
51386
38963
39712
22417
50972
27812
46991
40065
29714
37868
21434
48507
44851
36311
21642
40659
21077
30838
40226
40752
26960
30925
42177
26082
38661
39884
41962
27510
52127
50049
40131
28807
45081
29835
49852
22231
27393
38866
34160
37022
41595
33909
49872
39457
24456
26116
25726
45447
46728
21232
27767
49384
22782
42815
46325
44712
29844
30596
26516
34819
33631
45071
28595
47592
29027
46177
27677
52235
47962
37603
25577
21046
27313
41175
49822
34783
37588
37518
24475
51712
45995
25563
38070
25379
42340
42185
43044
23996
29044
32393
36249
53436
48344
33966
49839
23139
42913
42653
51852
48470
50607
21822
36031
21489
38077
45304
39788
52702
37790
21469
42153
27623
24261
35873
37671
44552
30219
39633
41493
42953
36781
51905
26689
28363
40084
29639
40577
22432
25050
48678
42321
29919
52105
47693
36285
35960
23718
41154
43394
30534
24686
52825
26224
40675
49375
53417
30994
36288
42618
38592
39569
50549
50504
39446
24022
53077
31515
37824
24559
47942
41750
37350
22452
32976
49775
33143
51370
30323
29300
32795
23847
21310
43980
35434
43959
28317
22272
23131
27583
45683
50746
35327
23904
29544
31820
52847
26782
41861
25843
24323
47042
37630
25181
23748
53500
45902
21482
52772
29517
37001
31280
33517
47780
29934
23617
29816
53064
27324
37424
30239
42101
36936
39121
51700
35402
29259
37569
28084
38627
24704
39590
46070
43714
28783
35512
32168
38003
41603
23937
42940
38767
23907
35808
33055
23106
45951
35924
23787
32745
42729
22391
38109
28798
24423
38345
36873
38167
34502
23215
41420
35563
49009
37052
21763
37302
26946
31534
30586
47455
43159
28860
31144
37592
25513
45967
30361
26695
43545
35470
30763
49251
47820
32734
52093
45344
39929
26793
31141
50574
31104
39455
47265
31486
48510
28603
26768
39272
38686
34504
28963
27401
25522
21283
37710
38736
44546
28994
33603
42235
47075
22901
24224
26494
49676
22636
21223
23460
34342
28922
34864
46968
38690
35608
42010
45414
39887
37933
30983
49822
38828
29837
46473
26809
46587
32319
43031
43679
51990
47363
27397
25768
32774
44947
36019
40961
23634
41514
34820
31058
41493
49731
41233
23197
45139
23459
31263
35946
24461
36505
29903
25121
35987
32645
45973
34231
50586
40855
53099
42636
52622
29401
38343
36756
27050
30576
25290
26806
44357
37407
27578
42865
47087
41996
36274
29381
39356
44487
29848
32337
53728
41864
44624
41145
39804
22200
32303
43338
31928
39091
33971
47329
52242
31437
36721
41480
40950
53139
42318
37987
23694
53587
41714
38731
21467
37342
31610
38840
44037
38796
29037
36196
32751
52097
23538
31533
28175
40239
52288
52923
35197
32540
42837
25444
24905
41189
34795
44108
37394
35460
31912
51665
38356
31950
30357
36390
50690
47935
31697
46397
50133
41722
29319
21483
47843
45836
38941
49735
45555
27121
30894
34131
24080
40025
31419
31710
43996
43308
21277
21160
29479
44747
30014
33736
35008
42393
21385
25931
41611
33722
33823
35614
49620
52762
40396
32814
38883
47793
24889
39629
39121
51206
33379
28760
45210
28146
42571
44054
52850
52135
26864
52580
47709
30448
32634
37135
26874
53435
51896
35330
49567
33492
28108
44321
35499
35571
48421
21620
28696
30457
39342
32136
22608
46711
35909
50962
31554
42352
46447
29142
28596
46176
25930
26823
41691
53628
28611
38000
28201
30524
37128
32146
48998
33815
30273
33551
34562
49037
48763
42758
24746
45163
34788
46912
43545
43083
23870
21707
31793
43098
38798
40676
47690
33630
34836
34075
43978
24823
32384
33969
21493
34340
32611
21829
31751
34570
48868
51375
41856
50673
46004
25133
51904
25488
22084
26813
52179
33930
24629
30921
46478
36920
40976
22793
23771
52393
46391
38566
38993
31719
51227
44187
23048
24188
37552
47713
39851
48949
52510
36299
53454
27686
53946
33839
21378
49390
37684
34502
32551
42557
42001
42581
28034
43667
34396
39437
35344
38986
29849
42416
28569
44246
52475
43766
50183
21836
27607
27183
34425
37921
35415
46633
33684
29748
30067
40788
25625
44303
45341
23076
35261
23658
23484
25783
44597
30961
26076
44984
30864
25160
29220
52867
31945
45643
29064
29322
22941
45978
53184
46583
26778
41301
50168
31123
46201
37924
39369
23014
43437
49275
34408
32672
46396
27164
24093
53047
50638
45277
48631
48082
25347
39595
32191
49510
53002
32463
32298
51742
26224
46704
42834
33537
45621
46681
43879
25551
24613
30205
24994
28203
38245
51128
52603
26623
53069
34392
42524
38173
50805
48092
29205
46114
34835
42364
35665
49824
47492
47337
40777
52348
47656
36565
32631
51860
38771
22198
22030
21669
34625
47047
37608
43629
23658
50000
42176
22540
43415
23592
53921
31152
34388
46968
51614
25201
43622
23233
45764
43642
54110
47905
25933
26730
43118
25042
35094
39418
36988
47603
48468
32735
44661
27531
38786
28914
30692
26571
36510
26766
39363
35475
42644
21561
40848
30008
28667
25735
37028
34437
45055
25916
30657
37887
50334
24753
35050
51309
39192
37497
22903
52120
48800
27971
24168
38736
32088
47106
42234
40367
29052
34380
31096
42146
35037
36864
28756
31396
29842
44076
34166
26829
25322
29486
50644
34316
38309
52249
46915
53169
43107
26970
29324
43822
39772
30875
41923
46366
30290
35303
25812
33158
38852
29199
42591
45403
33893
44109
39622
33093
51916
32552
22404
46499
53101
26775
41152
34767
38088
38249
37665
30883
21472
26596
40933
44092
30959
53677
36653
45821
22616
34024
31899
25559
45021
49311
33311
43976
51218
48232
34062
30370
51729
30530
22901
38158
40304
28097
44972
50128
25200
31595
32814
47181
23671
27489
27047
22090
24769
31810
46415
29430
40274
23372
30071
51499
52271
23236
29281
33521
42701
26520
22869
31812
44490
33348
25073
41751
39131
48882
24001
39064
33542
37093
26128
30646
42769
25879
39933
25824
49210
53281
44753
51984
25384
54108
40079
27145
25378
32070
24781
39389
38783
26919
34243
26545
38237
25076
52130
28612
45462
44147
23079
39086
24304
48288
45167
37862
48276
23120
50957
51079
26818
30996
39002
34132
27586
51040
33548
45817
53022
47340
47882
51092
46350
36955
48255
49779
33844
44059
29997
32543
31625
39564
38917
35482
49816
47460
52980
24038
51690
25682
48895
41414
36801
30433
37522
24521
40201
42400
32277
50307
52875
29312
29377
22302
48740
49277
29618
51730
25013
51840
49469
51504
44701
33156
52867
26853
24164
38392
46406
39613
40953
45157
39932
52006
52895
40273
49698
35959
32995
28771
42707
29488
33745
25288
32153
34691
38503
28884
25987
28692
31050
31469
38520
47614
42680
28069
30922
25110
50878
46374
23310
33651
45995
32723
47660
53038
41668
37932
53170
45414
50489
48626
23150
51079
30040
38540
21819
35788
50177
44202
36891
23043
31322
53032
24454
45457
25539
32565
22018
22709
29709
52660
48116
50449
40422
42978
47542
28006
28056
22330
26601
26783
48116
47254
47629
32273
36232
28310
30543
35585
29209
37701
46497
24934
30797
44282
35600
33777
35239
27261
26962
25419
49848
27243
22431
32926
39828
37340
32451
39254
29828
46658
47984
49193
23290
40597
43736
34644
39626
40877
25979
41000
28566
22511
23614
37830
27274
52779
35774
31015
24650
30661
31203
52319
29481
27155
45496
52002
36252
47879
45434
31367
24814
21774
32495
47628
48181
49719
22008
34778
53124
45720
42346
23115
44898
49646
52762
45738
44155
49283
22583
52538
54166
33621
37597
37497
43463
32628
53734
44453
30950
46252
48644
27776
49215
43876
27405
52305
40331
35270
43157
22571
49696
33824
49346
48241
51300
44170
39260
45978
32135
26058
27428
45106
29554
32116
33639
26657
28410
45398
50130
42288
34394
42002
54408
32457
33760
34061
48242
24830
24806
28552
54230
33998
27908
50445
50476
48547
30084
34573
36909
49182
33046
29639
49964
50711
29637
27243
24233
46048
44842
23168
38692
41674
33504
49795
26927
29931
33080
33233
46023
22046
35885
33223
52452
52810
44698
31271
50255
51432
38314
54461
51380
46527
48784
29763
25336
42738
44153
25219
31692
36925
47807
43451
24451
35708
24416
23877
46112
50797
29102
38263
38324
32182
51528
25289
52455
43306
51528
31797
54228
48456
43966
44260
40218
42500
41310
50438
53551
24267
39285
37378
30200
52161
50722
41423
46231
47181
45250
21921
45445
40663
29356
34761
43744
40400
26143
51414
53510
48627
25464
30721
36194
28107
24232
47816
43910
22134
30950
38872
39034
28072
23201
47408
44116
26867
27065
39300
45577
30277
45038
41183
41347
23986
34201
29837
49140
28787
54426
32312
39529
26927
34705
28241
36514
41338
31057
48562
22049
49308
30865
29313
51073
51091
46053
44119
49673
40539
41453
48033
30593
34412
47564
51271
34884
38533
36828
52108
42391
41896
43681
24886
44601
47973
41979
46062
31036
37724
27295
35049
49938
37374
47047
44744
28907
54419
36137
54205
40511
22145
53030
34544
43174
40395
53061
26913
44528
37080
23263
53390
45170
22902
41500
25623
54686
31006
35614
29088
29399
29306
50555
33719
23683
44068
45553
31350
43873
28849
29269
43947
27676
45038
46541
52791
27937
25961
38207
46260
40622
51251
37897
39771
47404
42981
39155
36132
40383
39649
29537
42030
42267
25050
49358
43362
53401
42135
50805
22356
37258
27635
37713
50281
39627
32041
32328
47167
28826
31310
54436
28745
43687
27679
52418
38842
40046
39165
37134
30373
22469
52534
30511
40034
48561
30854
46974
35123
37246
50398
47293
39719
49679
35427
50182
49727
23922
50362
46337
49104
25271
28035
31322
29992
26115
24611
31346
34164
47840
43719
45141
52962
39127
28838
38125
32514
28225
49542
43125
50802
54618
35457
45103
28602
24471
33801
31834
23925
43834
49450
51807
46002
30499
50191
38731
45209
43241
48072
30337
30802
31017
53066
49329
22562
47646
39351
44804
50391
27762
48096
46745
39015
38484
42761
47157
53972
37067
34028
22582
25170
48970
24832
37577
46764
25988
30458
24669
41956
36737
51860
32344
22554
49138
27790
45064
26798
22722
37107
35804
47785
29165
23198
43220
51801
37525
32764
49206
38460
32851
44308
38787
45344
39115
50884
50857
49031
27011
29517
44666
25680
31221
35858
45917
24724
31714
23708
36931
27343
54762
53986
54749
33088
48218
33991
27149
48018
52293
44773
39834
24507
23766
37001
40487
48677
31460
51454
33382
39179
49863
39439
32393
39719
35946
46023
39673
41354
40354
28027
38731
23755
54974
36875
39792
36195
36192
38244
35115
24408
35211
33097
33224
43289
22780
46932
29708
37289
27838
29239
50792
25088
46329
49224
29041
34223
44811
43325
40597
32450
39385
24883
40710
53482
50279
44278
52987
42972
43687
23420
47384
48372
54415
30898
36394
49182
43886
40316
50456
51190
47488
33014
30487
36142
34752
44801
52252
30000
36349
34811
35735
45061
26928
28109
42334
28022
52237
49707
50919
28017
24024
39447
53435
28590
31610
51879
49191
50833
36564
45833
24885
37203
28755
26564
23771
24925
34501
41792
30577
52980
39275
40841
37736
49435
34895
48464
52282
27829
24279
39987
48541
52971
29851
34878
51964
42701
36980
24753
31527
45628
49621
23555
48202
45575
25695
52520
42012
31060
33199
52752
32856
35906
34171
29552
52081
37324
30685
28100
22914
40177
45550
48021
53635
37137
49303
53495
50883
42395
27044
22615
34450
52453
34586
28787
28222
33371
44235
35754
23874
50140
52263
54390
38841
47713
51797
47927
44313
54752
48259
37170
46877
24688
48762
54489
34051
52397
38773
37709
34552
50014
41267
33569
36305
46165
42315
48225
45819
28311
42176
45522
31925
33725
48597
53116
37500
31386
42018
25190
38343
38174
24296
44449
29429
44410
49570
53383
48772
28293
53980
25157
29315
27487
38216
26263
41034
23124
26383
32723
27240
30467
27493
33321
23261
53183
45664
52265
27018
33333
37642
34949
50917
43855
27573
48409
48881
36441
48270
52008
51310
46947
53365
50409
37964
40166
26636
48194
45414
33962
39694
28371
39021
45030
25571
29494
46114
37546
35185
52101
47561
39546
23348
33053
26074
51259
29585
44450
28921
41300
29799
38212
53544
48141
29160
46656
39740
27450
32679
29097
39053
52510
37873
45416
25842
49546
46433
44930
43245
35653
42671
49817
50210
41136
33993
54198
31758
28586
35621
24901
33525
39090
29269
45921
27420
25931
40156
42322
23097
32165
34368
43092
37160
41337
43104
25498
39903
26677
51976
38291
48548
52313
29123
39532
28030
34337
23536
48086
30441
31076
51992
44553
37581
47804
33663
24073
36017
28647
47865
29992
51244
36717
27135
46540
47773
50051
45826
38258
44316
29744
54271
47091
23217
48302
54868
45062
48835
53267
28882
43271
42963
37169
53267
24055
25194
25018
47374
33219
36943
27816
47592
31945
32766
28635
23822
41880
38998
51460
37504
51959
44178
51651
50032
23850
52346
38668
50187
54384
25818
38863
38807
48848
50228
46808
47806
44821
55218
31732
26665
48920
46174
49237
35665
34621
49301
33335
54674
44864
37305
39876
43394
31794
53799
24885
53376
32702
50025
27195
44688
52401
45228
35485
26726
54458
25972
48674
44992
54125
31886
35761
43513
27278
39751
41911
42203
54157
27867
48585
36278
51789
29232
31115
24238
38185
31172
50896
30297
52793
54244
39170
36234
53713
38688
27077
48999
30283
35067
52951
55234
28935
32487
42810
23462
36015
52080
41878
32815
38080
35767
44505
33695
39494
26914
29728
40111
30183
41810
39642
29731
43810
30293
23082
23713
37081
45341
35470
48323
25357
36913
25791
24427
41450
45219
30936
40535
25091
44866
41145
39669
29150
51216
29102
31096
30899
35319
29004
53803
29297
29367
37276
52485
44290
34595
47228
39806
43728
48013
54849
50338
36488
49279
53153
30564
29726
34732
48849
55092
23313
38181
53226
30420
34288
28880
48273
30055
29469
52247
43735
29131
53969
45021
29534
51240
40544
50870
37566
52681
46270
38743
51750
32555
41026
49995
45895
54356
27051
40424
52077
44902
40033
44930
47599
39284
24573
30942
54730
49556
51978
35561
44681
29238
54029
50858
40040
28852
32196
22902
39864
31530
47020
51555
30597
55431
29637
42495
34679
44772
30873
45377
34038
37909
32379
38079
48017
35966
33549
30498
39073
27688
30213
34263
24105
52757
41776
50952
32001
38352
32183
51147
23092
44871
45217
31385
33702
32989
39065
23041
38906
50108
35569
41885
26034
46696
36328
48966
34200
23962
26152
42628
29789
51019
40339
24648
28545
33807
26431
25822
39282
51876
33983
32285
43256
31179
37029
30689
42960
27734
53828
46267
33944
54147
32443
31462
31723
35720
35631
36221
40140
40559
29783
26092
27720
26916
40766
41381
27735
38605
46916
30740
35332
26201
44390
52436
46797
28252
48320
45603
45389
54042
38992
28563
49432
41697
42493
24835
27111
52381
27352
49614
23029
25766
36001
47170
38824
43996
35981
46420
45684
36086
40774
31889
31485
33815
50740
26712
34427
42146
36347
48711
33123
45392
38469
42995
38212
31360
50881
41948
26094
30414
54636
33440
27098
51686
33295
50286
41414
44443
43784
27326
29600
28979
40782
37439
44197
33541
53680
26897
28362
47175
53597
54581
36187
50977
43945
24386
40162
42757
39694
46425
47690
52035
42865
23130
52548
27608
39847
54616
51690
53383
29752
30027
46498
53804
43875
32005
29510
34380
34402
52072
39554
51440
51183
54229
24189
39092
27654
31463
51131
31003
53485
43874
50498
53029
29042
46950
55547
27684
38004
23017
25436
47819
38308
27748
53828
49800
43917
42187
46886
29972
52946
28611
34922
31304
42679
47888
37392
28210
40675
50252
55703
50536
35429
49119
31005
52124
30708
27691
46535
28785
39803
25863
54627
54925
28885
52079
30540
55535
31700
38265
29838
31363
51593
39563
35659
29684
38591
45004
55646
54210
49097
26840
27197
25748
23934
53432
23588
52687
45953
44817
24688
41575
54214
44443
39753
53750
39761
29141
42627
45067
27713
32504
48070
34244
51470
29737
51693
24991
46351
31474
31149
39309
32319
31219
25975
45896
54336
24533
34975
42727
53408
39552
43453
44976
54364
36494
50260
40749
24226
41727
46513
26242
49371
46382
45334
51709
54249
35075
48920
29423
37549
35179
52294
54202
48589
27909
35595
37420
27828
37663
44246
27659
45018
44256
46711
51697
43077
34502
29645
29786
47184
34388
52894
40700
45483
45060
36038
48727
42147
51587
47508
23436
46243
27677
48753
23154
38395
39798
28354
26087
39137
46204
35600
30308
26037
51353
32614
42709
52874
47405
24827
52135
55777
42811
28433
32802
27319
35683
39709
40441
43459
35344
23592
54047
37881
55282
53621
51677
53842
49839
30820
38690
48847
45525
31126
25370
47804
46100
53586
32769
47666
27818
55080
25402
43231
29982
26836
46235
35849
34609
48229
26636
34257
33554
40350
38224
40373
42449
39580
33314
29273
33814
25529
37508
47239
40211
25265
37716
43892
39351
52483
37664
53829
35876
46490
48443
48849
50020
25005
27408
43433
34647
25828
24503
36694
53488
51388
25030
45793
53921
49964
42858
43417
25876
49289
51382
54288
44060
50343
44090
26727
34795
26433
41432
29131
42629
28570
40915
26944
51573
54117
54825
52125
37822
40162
35875
53464
29716
31819
31786
43140
32588
34926
41436
24472
53010
29339
44639
54130
47322
45504
38645
54812
28953
26835
29137
26573
28340
35952
38186
43443
41656
35780
44173
28143
55373
32937
47223
35042
53477
43794
44067
51111
28857
48042
40353
45024
36726
45496
48168
27830
49459
53318
32941
36123
43943
28290
52404
30546
48025
42852
27495
46514
52887
44177
43237
32935
42219
49280
29660
43513
45003
39899
48474
52561
36816
49704
35552
27129
55210
35240
28345
51683
26385
55935
55945
55789
29182
26902
32809
55139
34844
28606
46258
30405
45177
43926
35288
26571
28034
41134
37242
55975
48430
26988
32630
27274
27001
38191
40386
37225
48404
55859
50873
35073
28763
40629
55730
48409
25223
40279
24023
45831
29477
43205
50997
35445
36807
53913
37391
31589
51705
31100
43128
30067
35190
33422
50721
50266
44700
49673
52847
23994
47390
55073
51408
48153
50937
32558
30544
27431
32681
41996
47975
43334
49052
43458
48405
49737
38887
48995
34865
34684
30264
46898
37887
35045
35083
43529
26880
29642
46113
27132
55566
47732
43310
34873
32168
26930
30931
29234
28810
52384
45003
27135
29312
52520
54377
24061
29821
41930
55362
25532
46823
52249
53799
55832
29494
55174
37974
30373
50109
34273
29424
49745
48583
50973
52910
51524
29158
35412
47056
33291
50824
32266
48471
45046
24779
42422
48244
50366
36755
26751
50240
34155
27865
32067
25005
30325
43334
55261
26557
54058
46592
31656
34802
37967
49348
55103
52997
51722
46645
36231
55771
52480
48755
53232
54964
35514
26608
44535
42662
29005
29823
32240
45898
48698
31918
49922
52405
46227
23894
46195
41897
32351
41840
51749
46093
48448
27178
29281
45979
36435
24379
54484
55513
34136
24947
50903
36426
25363
28054
54516
26085
35569
52586
34213
24774
31727
48399
47454
24356
53432
31375
52174
52355
35597
29622
55907
23594
44650
34340
54284
27096
28135
34208
46658
53939
29020
31919
39753
55937
30152
56165
32179
28954
52468
34940
54567
27677
32851
34979
28768
35043
39725
45080
45176
51889
24572
37497
35175
35122
27927
42200
27591
49956
38029
50701
31706
35153
27476
41296
47565
38337
54179
40711
32574
25390
34460
55260
30205
55480
24878
48659
27663
24026
30778
28954
43257
27293
47092
28514
43067
26635
37517
39534
23834
29927
33295
49450
25506
25243
24968
42109
49900
32370
24938
43553
42141
31495
39730
45491
42415
36350
34888
49158
42100
38385
24614
29885
45015
23725
41405
32281
31718
51615
52244
32527
32653
39049
35379
39838
40868
26745
54847
40799
35629
46844
55270
29278
44246
39823
33278
53288
54726
55126
45928
29989
34197
36113
24379
46632
29596
46411
32798
46661
48496
41684
56054
44771
24233
43890
54466
32273
54760
51412
24514
28446
39704
50631
50143
29027
51955
52141
50759
45412
43976
25642
29784
51224
28540
49952
38335
29828
54992
27870
35297
37775
39393
35988
38010
51729
47605
36618
23939
38189
41076
54674
43098
46305
44853
38204
34333
42203
42491
46664
34646
38798
33088
51169
45278
42886
46641
56328
47099
45816
28665
24526
51660
38302
45634
50118
25063
46273
34041
35002
29760
37272
36178
33949
28237
54736
47117
29633
54119
36460
55543
43594
30836
35023
25523
31203
41667
34327
41402
40879
36407
47277
35233
52866
40616
49178
39835
43346
49286
38685
26430
49640
48319
43002
40586
28635
33763
31508
55847
37823
46215
46014
29422
39578
24807
53071
38059
54679
55247
55924
28193
31231
29883
37067
41551
23908
47933
39597
24306
49696
49567
23883
48203
51198
44745
37116
51746
54582
53094
37333
28171
35743
34371
40571
30440
40480
39927
31029
35247
39527
45513
40773
52078
31454
56270
35449
27788
38107
42578
45309
31057
46872
35449
46963
37800
35938
38438
35141
31268
38549
51996
52026
32834
54727
31076
56392
56302
28612
39150
55466
27720
27579
26235
54066
23975
54838
51129
47327
52958
24911
47792
37554
56255
54561
54366
39358
45278
25726
37534
53631
35992
47584
34127
40044
53587
53409
37553
32463
36102
28270
56082
33749
39421
53497
32683
30945
48342
25582
53445
29478
25552
37673
42784
54133
27461
36134
27796
48211
35700
35256
38905
44623
54148
26878
41029
48787
54726
48787
43764
39864
26939
40198
31149
54495
42070
46474
56098
38653
29954
40942
41784
54390
31207
24271
28264
35566
33001
29708
46180
39771
52978
39290
28158
26719
38130
29145
53830
44758
46628
50695
28403
52395
50066
41588
40965
27119
53467
26838
43688
47148
34356
43550
32602
48118
37805
56490
26448
54468
27062
49852
41238
30462
56033
38187
45175
52311
35561
50776
26012
44637
52980
29028
24440
44878
25365
51616
36195
42286
39189
40517
29700
27414
25715
50790
47477
52431
26537
35106
48290
53408
26289
54814
48114
54115
49864
25139
53034
43742
25458
31843
47246
49745
45246
44818
53577
25932
33483
33138
38158
44227
43659
27968
37120
49764
30663
56494
47567
28200
24675
50336
27940
41513
44260
44826
41536
30899
52783
51705
36320
55453
49299
52706
48483
46042
40970
53625
27950
37963
53692
56531
40528
27351
26309
53549
44898
54462
39992
30942
31921
52010
40036
54154
52128
28936
25942
29337
34119
29461
30879
31207
33888
44604
47191
39101
31332
36895
38241
36609
45041
26100
29425
37545
42095
36242
25420
43381
53491
48331
41423
51934
37475
54013
28211
24138
32476
26852
44303
27009
43600
37554
29086
33636
40564
34914
54467
24285
35289
43081
48458
33298
27224
34798
32113
32222
46772
34587
27047
47489
52091
39220
52371
42646
40749
47304
56408
28998
33184
47462
38168
32956
27299
27570
40119
56280
39906
51127
37857
50728
39434
37247
30798
43284
49453
44001
31812
40280
30823
36251
30558
43192
51394
36001
54413
33774
56151
29620
41308
31976
41654
38453
41592
51504
45960
54844
37231
56492
36979
53477
26552
39047
27966
42218
56052
26223
44342
34679
28275
37889
41168
39737
48634
33409
50831
48569
26051
32463
37672
48872
43974
54678
34021
46842
52791
30663
34375
28280
39760
49990
25583
35985
46672
50147
55742
32690
44484
32907
31548
54358
50949
43199
31542
28190
41730
46662
38572
55076
41023
55071
42730
39309
40478
46010
40692
55133
34142
25960
30759
38031
47585
45327
53790
26470
55730
55842
51667
33534
27974
41424
52230
53286
27906
50812
26339
34930
49150
38766
24287
34699
38921
28872
35555
50890
52973
46011
48044
46853
43252
36602
45682
27817
41130
43887
27335
53769
40933
37166
48067
54262
51715
55463
37982
48272
47987
31775
55069
45147
25207
56673
39153
33174
54567
54192
51036
52680
51386
54785
31189
39323
36353
38247
29294
24301
46900
39887
37300
49445
51953
49901
49622
56259
43138
38774
40202
24380
33119
31888
54061
28676
35827
41863
37545
31724
54179
43969
30876
31150
51725
32500
52279
50886
32141
48534
35172
38788
39174
53141
32427
44384
37087
27977
33366
51085
41291
46247
33491
33233
33230
40631
30299
38291
29181
26952
28113
45366
33669
51426
52973
55717
50542
30460
31129
35375
46241
28783
56475
34454
38312
30763
48501
37730
39862
45608
46985
34939
32999
27296
46721
29175
29640
56700
28654
45873
32282
37388
41007
24603
51411
40698
36501
49365
24934
27265
40133
45950
25668
47834
25949
24650
45219
43767
44506
29652
35198
55156
44985
54198
51165
55243
31964
33112
33366
55239
33584
40709
52692
25915
29581
52036
31639
50675
36829
50789
30844
27115
42113
38490
45439
52671
45296
40136
41342
24931
33697
54110
27712
50964
52524
41574
43701
32398
28332
34201
52351
53376
34663
29496
45746
36413
34225
47448
26584
31156
48909
50558
39225
27042
54166
35435
46425
32262
24733
30777
54209
30934
50836
47783
51714
36592
34346
45490
37368
50515
30904
55397
25932
44687
26588
36337
45628
40058
51299
29952
52639
39461
40045
56647
34339
49678
49355
27482
31962
50327
43436
29381
26357
45751
53881
46680
40143
24816
25853
33474
39469
30337
56265
55138
54212
31964
41943
37209
34299
33626
33133
52452
24819
43822
48196
28905
46532
44952
55018
39119
35082
48731
54629
53395
44705
46192
55065
55064
53932
37628
34796
55999
37852
49280
44199
25656
37615
27215
52895
25496
39798
39494
51862
37803
51676
54455
50908
42891
53924
53926
54457
30321
52978
44088
49424
39372
45645
34664
55356
45456
52643
40700
41278
49873
33677
46519
54298
25744
37333
51665
36734
44757
37942
40100
37285
40958
42082
25256
30843
27734
47946
44961
52482
27625
47001
29463
56820
39575
44417
39175
44458
56936
25531
41688
30524
34847
41417
52368
36586
49682
45951
37448
41402
24888
50625
43486
39011
52356
32910
50409
41322
28273
33342
44786
42635
25823
40967
39905
45402
25373
36806
47797
33578
31303
57084
24696
25646
48082
56087
57202
28126
27237
52980
56990
54428
44266
47521
50522
29848
30694
25191
36706
42481
41221
28168
40191
39965
53498
55621
54140
54410
51077
31907
41434
55429
42453
32111
48581
54876
45841
53248
44230
54719
53042
44860
28089
35692
34835
44382
54914
36876
33995
49654
31228
32343
47930
31024
43570
48255
41954
43098
27346
29900
57336
52129
26590
33155
34235
28955
50341
53261
34565
54539
55026
32597
26144
37728
41603
48498
44250
37502
43196
43142
55772
35649
24733
46822
47159
53823
27378
27259
54592
50766
54985
54120
34974
34887
35369
42476
49825
57353
41729
26506
38102
29376
25695
30568
43224
44647
33762
30198
39272
36491
27506
53199
25024
40530
49966
28644
55077
56253
55206
56535
24764
57386
45131
50597
24990
29213
27172
49544
35118
25663
43714
50972
32171
26023
49013
40640
38145
42841
48320
54335
36837
31500
45579
27568
35616
53041
50584
56730
39723
44080
52408
40540
50685
38645
46143
46284
53025
31915
52533
42015
35339
35783
53710
44297
42668
40521
46748
43556
44100
39230
39940
35734
38520
25994
29679
46575
51364
26084
44993
51280
52082
36386
35471
36306
34988
32695
50061
40485
31054
53114
56517
29048
31200
55465
45583
27545
47362
49453
31805
41566
29769
37663
38038
25411
30537
36748
35974
48212
37107
40565
28051
35918
29474
32794
46483
56833
45168
41849
25372
37624
52302
50705
42557
41308
37204
49387
35179
26902
41429
42715
42686
25652
30391
38916
48478
46734
49281
28314
47928
57513
57014
43244
36597
39387
24930
46241
54828
38320
51442
32577
48086
47245
30792
28664
39683
32659
36111
44695
47564
40902
37452
56284
45193
41071
49462
40691
53572
29887
50248
44092
41837
55476
45204
43343
51150
30017
43354
37438
55490
36777
25049
33818
39586
51244
29029
37048
36993
44005
44474
32692
51481
40435
32656
41143
30724
56279
25968
37622
44848
41245
39109
42491
52365
44607
35126
47016
28680
46790
41523
45945
36285
31410
36558
38665
28776
36636
28621
40920
49181
39450
47101
34379
57658
34275
41673
27124
49049
28467
30986
54036
55818
54001
38945
27998
41472
48912
28484
57342
33674
35507
26389
26330
43397
55700
26489
37144
53777
28326
28583
51424
51009
37369
29823
34915
53271
36318
31006
57372
44463
34637
38319
45653
30906
46467
57475
51182
29486
48367
28005
41562
41532
45391
55079
44778
50307
33559
34689
48974
30851
56338
45340
27481
42836
44875
45033
49156
34711
32814
50103
57270
52398
42219
55557
30658
54824
34843
54292
44849
29567
44454
37441
29379
36870
32484
38290
49712
56093
41474
36495
25267
49319
57512
47187
39625
50622
25048
47842
56119
40357
47898
34749
31050
35581
40150
25780
56930
57660
40449
39164
53426
47708
27387
28801
47425
46288
56248
35197
35636
52668
46367
41034
45136
43877
39343
52597
40635
27623
28008
27155
31746
52262
45289
36440
29024
47878
38870
56933
38206
44255
56956
39266
36342
49963
41656
40653
53724
40066
50196
56849
43135
57545
36660
25691
53548
56742
47217
31913
29364
50998
27075
38436
47215
28931
26596
25775
49281
37680
37554
28608
48988
28663
50390
33646
31879
27990
54947
47052
35997
30468
51264
33398
27800
48298
55050
34409
25167
41040
33332
38424
50750
26901
49840
39868
39558
36388
31315
56299
37684
44515
56884
50796
29638
34158
57429
51530
26092
31811
56453
55847
44427
38975
35972
43475
56839
28105
34665
46621
29890
57421
53313
44521
31968
50924
47097
56195
41038
51569
38526
35123
51714
35207
40738
37906
48516
27690
54338
41243
51117
38748
56869
43141
27822
30745
51496
52049
46933
25740
28440
42783
36236
44675
36832
40005
44579
47649
56676
47650
48079
27858
32428
50608
31090
34948
52805
36441
39836
50965
55268
34060
54098
51719
55629
51599
30223
45691
51827
41495
26377
30045
45281
37142
42421
49116
49752
32084
42381
32797
39610
41025
54033
26160
35110
44682
27148
28995
47205
28394
33048
56597
46725
45891
28260
33710
40899
26605
27061
34638
28847
44365
36779
55459
50058
44970
43590
27966
31987
45373
58024
47688
43971
31367
49181
51057
41013
42216
39000
28202
32330
29548
54528
39188
53099
44520
45675
38840
55120
45638
56233
55928
45090
45085
34756
43717
29148
49797
31814
45971
26871
56361
39164
28170
41030
47517
53498
50815
49695
52722
46303
36258
38075
56712
29274
35321
38367
47908
27885
48525
31164
56130
54257
46051
37141
45485
55771
27693
55967
36172
28861
46018
50093
26175
45072
33996
56332
53803
51120
48448
33068
37585
42024
49684
50305
29414
43056
58028
37161
25886
40820
37013
54479
39307
52887
49013
45007
32037
50296
33090
28827
55210
53428
45747
56925
31656
50028
52212
38622
48343
55880
43422
33702
41133
32443
57830
43621
32045
47497
31253
56465
31232
32647
36920
35409
42950
48034
52504
48282
41390
47651
45676
31383
27972
55602
39246
40527
35979
41624
29932
56450
30284
45769
44416
33747
26797
37153
42882
46893
51717
56686
51995
42847
35823
30383
40926
36873
50334
32539
53427
31676
29296
57701
44051
37725
40389
47935
29819
31946
52497
53533
38170
36032
32560
28475
36557
53245
40954
56289
45390
44961
43800
48870
29865
46298
28950
41587
34543
44992
45752
28937
57901
50558
34450
38085
32415
43443
48339
39907
29986
34584
46434
34434
42472
56162
56364
41382
46959
51818
49084
37763
33204
44171
30220
31993
47524
56395
50074
54363
28883
34622
47295
56692
48496
34344
47420
58060
40569
32866
41494
37927
28715
56959
33189
44623
33981
53294
38375
53267
46413
26978
34074
41104
32539
39601
33929
43695
33013
35066
57766
37359
27890
34891
41305
33893
49763
48642
43416
36353
25607
44594
43320
45330
56958
47176
45570
26636
29440
50926
47370
29833
47695
46895
28988
40847
29674
47836
46136
53009
54660
47663
28000
38072
28340
30895
47918
39395
29934
33107
47820
36076
35762
40426
45534
29613
56579
56762
35490
34626
38427
28520
54844
32017
40029
53784
51531
57608
36491
41428
26304
25894
26169
33586
52464
51773
52610
29233
55528
50678
31993
30821
37888
35349
46562
36436
40883
53502
44195
44063
37805
37752
30581
52581
33318
52146
54623
27748
38511
27012
57701
47201
33226
56310
34301
35658
43647
54278
50370
58011
53548
42150
42604
57214
41053
25605
26368
37430
55900
45583
45636
38077
39243
51255
33910
47276
54639
46708
33597
52316
42447
29065
58080
47947
28414
38538
43958
36289
29749
34716
29662
35763
32420
50684
57647
34535
36618
44355
34674
36953
52612
29672
30415
40158
43938
38150
36486
56583
27840
34655
26592
52296
34964
26018
28004
47961
39939
27625
29261
55773
56377
28294
56892
33602
49144
44543
49451
53992
54064
44119
58274
50053
26833
26511
42797
56776
40669
40301
51981
47676
26817
31868
26926
55920
37861
26196
48985
40277
31362
42779
39083
53991
55476
50764
27462
45839
30672
54455
32326
48072
41975
56266
44023
47746
40939
53774
37957
33987
35618
47348
54131
42004
28185
51154
37136
31003
57579
51241
31527
39429
32802
34601
33207
28711
41933
32887
26210
55524
36051
42541
29801
52689
31878
27171
29912
55319
27259
27757
45822
54041
52378
29476
42272
49751
42353
36714
36207
48786
52429
37800
42806
48690
42636
48922
46168
48356
48045
49806
32506
34439
27049
33384
41853
43337
39942
47594
46767
54029
50217
58290
40002
40465
33644
35716
41341
37069
47984
27978
45105
54558
30901
34137
44527
27299
27495
30198
56184
55399
57979
26137
51317
41409
31995
48497
44904
33401
34206
57767
52707
46636
44188
55527
36088
52978
37824
30109
36336
57149
57535
28540
28479
31493
51656
36293
56760
54306
53340
50886
50686
30201
40544
30881
47675
58458
47473
40782
57364
41385
32887
44003
31452
57404
42877
57619
26119
58117
42432
55541
37858
53617
51717
38919
58498
33423
26928
53619
26874
33653
56083
49297
26322
56544
47492
48044
44980
56346
38322
58377
41319
58145
38841
38693
57858
33797
48243
34111
44121
27538
42385
37142
49340
57135
45035
56564
52705
53766
50197
43243
26142
54629
38195
26207
54491
26724
49678
42181
26696
27337
35943
48041
33611
46888
39563
54774
35773
43087
30503
49778
35029
36321
50014
44424
34276
54336
53017
43082
36163
58288
35742
41142
53130
31418
35941
44856
51971
34767
35366
56689
34655
50734
39991
51767
47527
41480
39957
52957
58485
42977
26433
35252
51299
33593
29517
29137
47300
53356
26678
55313
43154
50647
46324
31067
33704
30780
53840
34341
43057
48743
42998
49978
37985
30738
51147
42938
40035
48135
29568
40034
48274
45444
41064
49165
56299
39139
28038
54651
37570
51066
49131
48722
51637
39617
31039
42850
50399
42674
31901
51757
28494
41846
30116
26535
31414
56893
38346
57402
42854
45422
48116
36109
51324
51200
47684
48774
55381
45095
44594
33806
45384
33076
40671
41236
48788
39094
54693
54100
47510
45798
42227
52825
51008
57922
37208
36928
35270
43639
37085
29632
31386
49796
54424
41831
41115
49693
53374
53798
30346
48717
30073
56592
38333
39264
53691
47711
30999
35328
35665
55736
27703
40350
26875
55728
31472
47636
56635
46734
29945
57992
51116
54866
55782
50067
57493
38391
49495
51874
33470
48118
37744
52381
51074
29707
42377
32711
43302
47163
36646
52454
40809
51990
52009
48035
27228
42810
31046
32307
32628
34840
54200
57399
52446
28667
44338
40161
50962
53062
35609
57433
29867
45308
45040
30815
27766
36998
43540
30769
31177
48305
47785
54191
56086
27639
43220
46525
52927
26111
54570
38377
57900
26215
41321
53582
46876
40128
32870
51895
45880
28122
49735
54792
52718
55874
28914
29402
28796
44554
53446
39526
40011
56776
55688
42148
52095
46305
48032
34996
49100
47368
50565
31868
45963
26369
48502
46995
41229
44203
33643
56669
37935
50237
36683
53880
47662
54480
40799
33111
41917
31774
43783
53805
27989
42377
28075
55821
49613
53855
40437
34127
27434
46940
42301
49461
58808
54128
27461
26831
43354
58307
35367
31003
40222
55543
32395
53361
26900
45485
43037
32030
39521
56906
44607
57168
52623
37371
40186
41522
54055
42230
52795
53335
33410
27651
29500
34652
44764
43323
53824
36553
29354
31248
35971
54841
50477
26254
32881
40635
36424
30177
39958
54135
44175
27670
46038
54677
41376
38182
45406
48986
55478
49456
44762
58004
47995
54790
53864
34361
35102
39403
32205
42827
41894
39835
42600
49406
51078
56204
26980
57373
57713
39540
45105
34218
30319
28939
31028
40133
53809
38162
39101
34766
28577
28564
34362
35022
53182
26732
35243
35091
45735
35591
56662
33819
26357
26731
38844
39348
41806
55928
29131
35680
40504
35950
48469
43262
55338
27824
40897
28839
52201
27592
58625
58839
30994
44202
32452
58317
31986
35389
33772
28468
44446
38423
50242
51970
27456
29832
50280
54433
39856
47579
46608
27469
33860
44248
49260
59069
30184
37518
44261
57605
32625
26447
52240
55227
39470
43259
42718
26712
33984
38530
53267
44002
49196
34980
27129
30152
58159
51195
46165
31246
47058
33852
46746
40617
55101
53434
55901
31789
47056
51755
35337
53669
57712
51631
42964
28610
48159
51470
28913
57145
44240
56385
41223
50790
29817
58421
27107
53813
34153
57035
37738
42562
49884
30755
55249
38975
57037
49434
53264
47767
51723
44817
33939
31312
27279
51441
30259
54326
35853
42347
45926
58678
48841
40581
52658
55816
39084
56914
50024
33297
35991
43264
45454
35207
52215
34841
57885
40662
59034
47874
35437
34626
40129
37064
52717
59086
38774
36635
55575
48989
31519
35483
43171
27416
34900
37971
53499
38415
48878
57475
55792
31523
46944
35491
33451
26659
42571
55972
33254
52533
48716
28537
38492
56184
58393
29398
31613
30439
26828
47672
38503
32641
48766
31013
28434
46503
56088
26805
51658
48581
48486
34897
29923
34612
51309
56251
40616
39519
26879
51790
51092
37413
47500
33672
42181
50303
38971
36037
34477
56931
58169
56397
38923
30440
53073
42385
35097
56746
36030
47794
31495
43120
44605
42819
49065
50188
34406
26704
49517
35971
28475
58783
42895
45166
45058
36917
35472
58272
30032
51740
52452
42249
36711
31588
27627
39898
27329
30824
56610
53226
30445
40275
52123
49497
28570
49890
51626
41843
48114
28779
51938
48855
55337
28446
31295
48856
32085
41611
49317
28195
31616
51812
36745
42658
31227
37252
50158
30881
37366
36401
46484
52528
30542
38814
50796
34760
41894
38068
34382
27441
47033
43026
48878
50594
34542
56659
31757
43051
33070
48015
58348
44368
28402
57636
29702
37623
45984
36022
30206
43908
35351
46964
49367
27202
28552
42141
39523
36613
45193
35395
52478
46349
52324
46928
50556
51502
41653
56006
52575
43822
40756
53323
46413
32367
55247
38372
33730
28109
53500
52993
31747
59082
56397
30906
37203
36841
50500
45912
39528
32343
49258
50455
55584
28368
53403
47658
43633
34241
38564
50688
29342
55978
48912
51654
39345
53959
33342
42029
44069
36591
27319
44653
29667
28860
54719
35466
40304
31468
57898
42709
48484
37127
49521
39607
51742
55874
40709
49322
56758
52132
37347
45448
54323
40295
52329
34056
39422
44961
32360
31621
48791
41508
40314
29954
40839
41890
34710
55660
49046
48149
46049
54814
40509
38493
58823
38059
41822
36139
38475
52951
29491
32543
34715
58342
48773
44589
46824
54042
58142
44613
41076
49015
28800
42803
35309
57545
58583
28100
50937
34280
46637
47146
44050
35899
31709
29089
41876
28795
52298
29011
39188
56505
41680
39033
44788
55203
57851
39876
29236
30979
50679
31739
32907
51080
56136
29157
54455
41929
52667
53609
44305
58503
41885
42996
49252
34866
47402
39451
46335
40879
36936
50306
36361
54873
51318
41980
33557
47942
54015
51443
30198
45003
46963
55819
31445
40770
31831
43522
42625
58378
34844
58587
38661
32208
36430
38971
27264
32013
56590
39699
38961
51152
40642
39039
57298
39870
58379
49646
49959
29015
35320
27780
48598
42107
53369
40380
44921
34348
46358
52050
44018
48021
58848
53856
42494
36427
57512
27079
43022
37332
37488
37840
36690
49766
35615
54035
32022
33008
39289
42648
29265
36959
58189
37181
51579
30746
52720
45143
33440
28622
51947
42396
38323
47217
56561
55361
48932
34433
26900
53599
31412
57741
43064
47003
41097
40183
52423
44550
55421
52728
45222
39490
55228
58084
40808
38375
40078
49072
37058
36644
40049
33713
59199
56490
39019
56486
34613
51397
35742
35577
55800
55244
59421
31554
37197
52668
38398
39181
48930
46880
59569
48861
38268
31028
32400
59249
58032
44361
48822
33861
40406
52075
26901
40284
38779
59458
27843
40509
41622
35382
30869
29756
51645
55766
31215
57850
58521
45435
32218
44079
41368
53288
43095
33703
55265
46005
46580
53387
46477
56877
48028
49890
40468
35444
39091
52311
52485
37933
53091
59197
37115
38618
46896
52944
45772
34885
48595
36030
56579
53792
43589
32742
38801
44776
38426
49247
43967
52751
37136
33980
33895
33625
41704
27790
56932
34183
40820
54315
56647
32819
33010
38318
55371
31995
48280
56127
29580
59361
50544
59029
55667
45810
45414
29112
43125
56614
46240
36108
59645
57480
59149
40587
40870
52118
34881
58962
53166
35307
46464
44127
33192
40987
50712
31641
41584
57055
49652
36368
52836
53618
42607
52871
56529
27450
28006
37680
49068
47275
35473
30134
35715
38761
54035
27776
48050
47532
33615
35125
34522
30953
55038
32891
55183
48047
59262
57093
48465
29391
50285
36812
27070
29119
31351
38812
36357
42560
31852
43475
44190
29503
41622
31334
45881
45817
46153
28964
28916
42083
44987
41535
48336
51145
50198
45064
57446
28341
45516
31226
39638
33554
34091
48378
53249
51601
57137
35037
47096
41804
49313
44843
41651
37546
35670
36642
41991
34690
44504
58110
48082
46723
44333
29304
52857
32723
33010
52877
33172
43254
30122
31360
53479
28146
35157
42530
28565
44464
30277
56657
51600
46502
57389
53439
47444
28851
55163
39925
50645
32074
42727
44183
31925
28371
40780
44777
48315
48718
54711
41874
33921
44602
34750
33440
39276
42421
39444
36813
39649
50916
58714
50176
54710
50325
50487
28695
27623
47907
40362
31972
42123
37018
51871
27765
30726
40988
44481
32921
44159
46212
52880
43679
38549
38472
49331
43105
53837
45220
50319
29314
34895
37365
54808
57331
37715
52067
40423
41660
39382
29634
30862
33273
28689
53690
34856
29986
54827
28966
33844
33936
59054
42939
48035
37693
51512
52458
32047
30156
32115
43271
55791
31433
53830
57258
30248
51249
56653
55638
56423
45621
34439
28760
34508
28475
31823
58610
37545
52518
41870
56505
53836
52183
55342
28988
45336
49395
37330
37350
40411
59623
49348
48422
28507
35114
30510
54476
30514
34754
45710
37303
46812
39946
55652
55981
27407
31922
49453
33418
57674
44807
53397
45469
52145
56181
37353
32335
34584
52042
51659
30981
34654
29628
58921
44872
56828
45614
55664
59940
36573
40367
46588
43981
42865
37316
40404
45193
52221
54887
55956
30409
44853
35151
45482
37529
43020
44146
51397
53307
55755
32201
44683
59919
41568
31827
56203
54711
49913
48732
49010
27767
30418
31999
44673
29410
27723
30954
49982
50099
54334
40033
34922
41465
31631
32390
32564
30327
41733
43991
54700
31818
35160
55288
57722
41164
56203
56499
45776
39609
32635
43581
54173
31888
27833
36026
34564
50748
34709
27396
40204
47604
45691
58024
44697
30816
35203
58674
54683
43005
31811
47787
46469
43970
47592
36191
59393
44292
41861
58084
41441
31895
47274
42583
42073
36662
45625
42985
52844
39204
49013
46490
58021
36116
39260
45381
54535
33351
57399
51165
46406
50676
30575
44534
35128
39916
54178
34183
43910
29310
28406
53486
33447
36248
55213
38708
41999
27952
36090
40339
47011
29410
40467
55861
44913
35547
49032
33855
42910
56309
51923
58638
33439
49955
56368
52928
38316
40464
33455
56311
31090
43267
46727
56537
54025
29702
35245
38236
43301
45895
50853
45248
39312
28350
29081
36445
33496
54544
57256
52126
30277
46516
55424
44878
34317
58964
30255
55826
50123
38774
46902
57399
33582
56411
30431
45230
46318
59943
49105
27989
28165
53827
44258
39033
28443
48128
52268
48024
49218
57725
47203
27499
46307
54218
56422
52515
27640
51789
38163
33012
41084
33125
42336
38352
56864
27726
45223
60021
28224
48709
44866
40873
37141
36588
37208
32708
55084
40431
33782
32624
44823
31208
35938
48045
31586
36480
28076
39192
50377
56791
35973
59500
56487
59687
50516
46153
33714
36004
59527
39988
59622
53926
53543
57568
38079
33289
51632
34219
38059
27604
45855
43884
31423
48154
41548
34924
34217
53790
59258
41394
34022
58298
46125
43396
52533
28674
54076
42794
53579
50468
42790
52213
45768
40339
58025
39296
57194
39012
44945
48438
36480
37112
47055
50452
45730
39387
50378
37296
45984
40684
59642
43387
33976
29374
59314
53571
60172
52031
53053
36348
34899
29079
31021
29631
32206
43347
58608
58899
47997
37571
41124
44396
53140
36000
46124
34289
51753
55538
49796
35714
35119
35121
54609
42746
32935
30123
34493
57521
54037
50213
32129
48198
52785
49605
28483
33179
40928
37936
40227
38688
55138
34287
32401
53589
34509
29207
36449
56202
39098
37673
28193
40425
44606
47415
54186
50359
39196
43848
29941
52439
50744
47102
58928
47504
44111
47478
40465
55184
37606
36976
37995
45360
50560
55984
44799
38905
34580
59556
28820
59239
55742
46662
40522
58606
28341
60228
53035
57659
53885
42590
39427
32444
43358
38928
54641
49506
36884
45170
40511
52134
29896
58460
38895
27850
31807
52685
39830
58465
51026
43918
51438
32529
44190
33810
44454
28824
47740
28577
30460
36621
38196
52662
57742
54120
34157
59813
56173
49989
51944
53888
35956
42981
34670
59964
47320
46710
54791
28688
45567
36244
57965
35358
51606
44047
38080
37461
31454
50415
42363
43670
48710
38069
44455
56341
47935
39908
34639
50691
52300
58048
37427
40810
35160
43606
45248
36952
52301
44732
37184
42559
58338
56986
38735
59292
59573
44009
31118
51927
59545
55803
59291
37994
56369
27836
52288
57414
39614
40247
32746
55922
49205
30556
32605
60150
47509
34048
31399
55543
60279
43557
53330
43299
42726
38524
51422
47952
57458
28712
42607
60255
56704
39877
56514
47463
52196
50601
34149
48400
30642
36969
58408
59452
37712
35999
36815
56557
50640
56811
37641
55907
29565
45368
39334
34180
29876
59457
32260
36993
44790
40531
51914
34231
50234
59988
34009
47571
52360
33284
53632
43322
52675
41603
52463
50344
58823
57876
42223
28950
55988
53024
52176
48866
34184
32894
55202
39978
51956
31473
57768
34424
38504
36850
31241
32677
35697
39344
33737
51703
57668
47190
36088
44941
40091
29836
30505
55549
39871
60224
33830
30523
43238
59046
39650
50365
34496
34941
55471
41436
43853
59797
49841
53374
40177
53902
43923
37618
42442
29154
41336
45595
53569
45862
30773
44753
59359
39820
50109
41604
56675
53165
55004
37666
58641
42629
39465
48699
41036
28095
53046
40804
39783
49971
37897
46553
36025
42926
47824
52582
35311
44785
51664
52871
42918
28924
47007
55758
46906
41100
46995
45701
38616
60130
43642
48277
51163
33990
34699
37286
48981
35020
53661
29064
42219
35542
60567
37329
29671
34010
59176
37064
45704
32997
36024
36738
45980
42080
54174
46923
38481
32915
31635
44616
30793
52327
28774
48986
36332
60272
50418
47428
38146
58922
55886
51473
54657
46979
34627
54192
42147
37786
54275
37602
40508
35783
40471
31062
34891
46043
47258
41489
38095
44201
56485
53012
30172
47045
32266
47929
30701
47243
55365
50015
38524
50787
51119
43718
48848
46148
49909
32444
46359
45431
35017
56698
53172
59294
54743
42057
31962
47604
46843
51433
50778
35286
52145
57906
51129
42115
36045
41980
51846
48672
60268
53821
31978
40447
56362
28529
30337
57376
41621
43583
32616
28664
28898
52825
52632
41074
45023
48292
44146
34100
33577
44697
49818
28963
56735
51435
59913
48681
47638
49513
52830
49718
52303
39975
50549
38276
48678
50136
38459
36384
52491
33151
41409
38054
56246
38727
41615
46667
52247
33454
30266
38945
46476
43497
42297
44951
52055
30852
40180
58431
34639
44874
53278
32469
60629
60260
45381
35196
30730
43205
48039
34122
36160
50117
32328
39175
31918
48651
56641
40242
28263
51889
32091
43333
51853
58787
36316
34363
29121
31304
58529
43598
55775
56677
41069
41477
58088
40510
50561
35438
30784
29438
34925
32936
53786
50264
47909
43685
60208
40047
36951
48430
32439
31987
43260
41768
41618
57485
41006
43541
53702
60286
35129
55262
31534
36739
37876
52687
59504
42747
52050
56547
37167
52043
41524
44866
44674
60034
49793
43784
41637
57401
53881
29256
35055
38334
42054
42065
33284
60785
33748
50223
36940
32109
38627
59509
39076
56683
33627
38970
56147
35812
53215
31074
31039
44662
45732
46111
55649
45449
49796
44982
33398
35634
48718
35975
48375
42328
56929
32584
37196
45845
58489
29073
30269
30046
56776
35741
50089
45799
52041
35663
48506
59201
42065
35955
51928
60741
59239
42567
44445
43190
44373
33337
52745
29474
29311
53235
28344
53257
35444
47765
56528
44098
29123
49985
28799
44185
29200
42205
29093
53181
52326
42260
46285
59226
56783
30366
33890
44162
29218
37058
43552
29521
47389
40985
44232
49617
37299
29844
38424
52763
40871
37056
54522
42943
57178
48713
36860
36966
44002
52158
31744
51126
60251
55187
35636
52854
54658
52332
34885
58611
34944
29337
29136
51362
57347
47836
43546
29958
49811
42611
52992
60372
55588
28754
52785
51286
58599
56241
35226
41485
42854
52166
40994
33434
37072
35028
44696
29407
43153
54884
40169
58209
58406
48850
52119
29680
57392
47116
46438
56971
44999
34199
55641
35198
46608
31699
32988
33997
48658
34943
46659
30421
50373
42111
32627
48177
43372
37597
45279
48859
47141
37135
60599
51347
49855
56440
41563
54405
48075
45361
41494
42022
34806
42504
39177
39775
31126
35273
35173
42989
43650
42429
37598
47112
43047
35185
40796
33858
42456
50104
51187
45235
43366
44275
34325
35155
58865
42640
34054
56743
47357
29649
42897
49056
32200
36815
38394
43456
43740
42174
59443
53374
60896
34930
49234
41708
47539
57890
59715
48791
31420
56685
52666
55982
58747
36506
56172
61031
37732
60452
42623
38559
57838
33142
57663
32449
51175
48883
31762
53480
38154
35641
33198
29000
53203
31143
33673
35018
42386
51741
43665
41718
41151
38402
49182
58134
39309
52876
49957
38040
38081
28731
56750
39605
33989
36775
52872
33616
41208
41852
39739
49441
51017
44995
40510
53522
39940
46691
50538
52969
56299
37095
38063
48424
38025
38785
49414
33841
46787
47439
30630
60590
47024
59870
42363
39216
45995
34797
53972
49942
51110
41331
59228
48817
38081
47331
59979
35494
41499
28590
37597
61075
37095
47625
48388
60661
54979
32754
38489
35913
29254
53101
38745
47985
52696
33812
40142
54618
50375
34766
46475
34780
32407
37087
30812
41441
38041
33057
30269
36042
46527
51856
40138
29966
48302
32012
40183
58916
60437
57691
43521
56740
50493
50542
42149
39337
44258
56805
34447
42617
53826
57557
41493
61288
35955
48584
35365
55033
41465
38661
46716
39495
44696
57362
47129
33699
39783
50552
37362
45183
56614
49606
35301
61067
60625
33752
34289
29725
44661
35417
51622
30678
47683
39047
42970
60291
48099
59446
31902
56897
56331
48408
33649
51685
59471
48443
56755
53146
44347
45779
56668
42956
46751
39738
59373
51525
59946
42805
34215
35734
45114
36985
28923
51385
40691
59502
47683
49652
56207
50226
54191
52224
42484
59873
39298
34411
49804
58132
43646
41531
46673
39079
42140
31700
35111
56256
39425
35868
33391
32780
53806
29916
37849
60236
43895
44138
59001
48657
45238
35973
48670
31171
46912
51328
42719
51176
39192
36515
41206
50851
57187
55502
48850
32379
28956
45151
59751
58718
39433
59734
48841
37606
32238
39095
48889
35291
52224
51760
47870
47864
50844
47356
47672
42226
29497
36871
51698
46518
34460
30035
60214
53490
57675
58522
37605
40920
45123
40245
61447
36383
34285
42812
60511
38986
32591
46063
39746
53036
51583
56660
35498
46252
39774
35106
43655
54726
30594
29406
48725
50642
51828
41284
36083
57097
47388
51944
49843
60485
45945
60957
47534
40968
40854
40982
40026
31936
45241
55115
38494
37449
48861
46366
34724
46260
45666
37567
60848
36935
55300
54605
30513
48836
45322
52542
30166
49647
37823
42240
41571
34634
45094
41696
59140
55587
52458
49708
41953
57552
53396
59284
41458
40506
60160
46294
43029
30872
29458
49051
58974
52349
52389
44955
43950
39701
60100
34824
39303
48811
49693
41002
51742
51311
49074
36679
40114
60279
38866
36805
39965
39171
33096
40338
45993
45573
45266
54212
42532
29153
43221
52605
31543
30321
45390
36370
55027
35148
35852
46188
61357
36424
47389
32174
38412
47933
57222
56087
33632
32012
44599
40747
57909
44512
51517
34317
50473
32948
38714
40240
32762
50710
33554
52782
38627
60970
34280
37112
47145
60401
36169
35120
29681
56779
37286
37587
42580
40763
28936
33307
51125
42987
57855
39588
38738
56304
37595
33229
54298
45390
51487
45153
30655
52927
38195
42871
43019
34736
61017
60566
53879
55693
51938
37149
42490
52798
34978
51426
57119
59378
47521
54298
39514
31259
43283
49273
41116
37817
44171
50586
57893
57052
38251
49312
37786
39268
54943
37662
41303
35596
45707
59700
60678
40103
34113
43771
35184
29865
32504
40227
59540
48360
58042
29915
45046
30116
40284
58097
42810
31173
51379
55867
29937
39013
61189
38197
40371
59278
41662
40683
31086
46149
48740
58138
37629
46023
57549
35218
42493
55826
31120
41182
44764
31143
31161
56359
49458
37007
31937
59478
38997
59036
32189
40057
38440
57585
60629
35176
42035
44740
47352
44200
43769
45923
41422
51855
37765
53621
58862
45993
34631
31619
41298
31067
57886
44471
61447
54726
35510
46307
43305
51950
42260
59076
50703
48412
54127
44937
51651
35969
31042
39055
48309
29211
46239
44143
37040
41949
33222
56378
33036
33802
48374
51715
49958
57314
30339
40094
39693
33152
52521
49320
43134
39171
49824
47815
32787
49388
48752
61235
58551
41415
45831
33398
46429
30990
39177
46960
58098
34634
46311
61085
33423
43387
55987
43675
53236
41402
42035
48614
46130
54045
52532
34279
42151
29915
43552
55085
60975
32944
60627
32506
49305
57475
43947
32257
36440
40775
57054
57454
38011
41247
51217
55079
40672
42693
30758
30289
56484
41004
59221
48407
55517
37476
54142
51878
60300
38079
55485
58492
46797
43314
30784
45539
33873
29693
33109
53432
38670
38542
37063
42865
50485
45475
39531
39007
61029
53936
45302
31279
41502
53376
32785
31159
35448
56094
44208
51440
61205
49910
36767
48958
58452
47928
32349
52984
31431
39805
38446
29732
33512
58541
48492
32898
47367
36128
53022
59597
60807
55299
42188
30525
32074
48126
29329
34640
44650
40211
43377
44746
50474
56778
54253
30714
58668
35723
41173
37184
37604
43595
36958
38348
59724
58219
30580
54184
55257
39900
52561
45817
31918
46472
30543
41602
61201
32749
34554
44393
36379
39947
40554
40510
42931
55169
61136
54073
35773
49907
34126
42947
57230
34734
55820
38712
50595
49295
54664
31980
44435
55841
49197
38252
57411
48645
53288
42246
40025
52631
51575
59275
55027
61390
58434
44371
29848
46692
60783
51586
36463
56887
54641
46474
38830
44784
41312
36337
30550
32226
29263
52309
59934
55349
38618
58029
49324
38979
56062
39889
52747
59970
35374
58685
39514
33828
55202
58897
44481
38075
41203
34653
34730
44577
48869
53660
38445
44887
55427
50046
49611
61740
60530
34283
57696
47712
33919
41284
43603
48906
51066
38892
61712
44855
56647
35335
52664
39124
55602
50817
30998
41166
40579
60754
30166
55159
29522
34561
55793
44076
46493
46439
52332
50229
59032
57782
35650
47340
32836
35770
36255
33057
51523
40542
38478
35262
39659
60785
51829
49575
52633
49322
41088
40164
48968
36842
47963
54018
43106
54466
34276
56502
45781
38197
41632
29892
34666
35775
33708
40991
50515
37014
48887
33106
38914
43055
29359
31518
57154
56068
52729
58981
40320
47765
37349
57159
41065
47020
40609
60810
38843
44518
57581
35903
36436
51311
46030
54434
31120
41997
35463
53315
53969
53856
30405
46691
61279
41576
57114
39073
35443
53831
31148
49878
46478
36424
57135
53821
41743
57633
51728
51159
32517
31093
54771
39437
51778
59549
54112
35224
60337
48808
33721
48542
60393
42912
53616
60189
36609
60943
55414
35725
49318
34498
54007
59073
34412
35277
48708
29711
60514
48336
52241
54960
40937
37496
29664
31081
44230
49992
47293
36203
36981
58265
30508
61561
38848
39647
53088
48712
47761
57391
32685
37163
59909
57342
49984
46576
33985
61228
35086
55044
58761
44865
38666
58078
49167
51190
60827
45467
49160
55799
32589
44518
40581
36583
37063
34075
41345
60068
54525
41644
47542
49613
39334
31427
45750
31106
38897
59433
43318
29803
48499
41318
48045
53500
33124
35114
43294
56567
39436
56811
53809
57906
42616
36048
53385
45210
41073
43982
38994
35192
43695
57105
55321
53235
36681
44445
35553
41686
33392
35125
61555
50068
32093
36219
57333
61066
50568
47706
43198
34947
29723
44449
30057
50561
37286
40944
58664
44219
39444
43224
53083
40418
31966
36414
58722
48040
60798
41728
42671
57219
38951
30940
56095
31406
36531
59789
34698
34930
33245
47926
37017
30115
39600
58372
32727
41325
34879
45327
40715
56145
38295
54402
56774
33386
56306
40700
46392
43509
58669
59446
32327
59152
53884
60133
60899
43970
56157
38882
43923
54076
47306
42120
46676
50014
53427
55389
35748
51069
46507
56821
50394
34916
52962
39700
40632
50584
48211
54291
40771
46049
52030
40581
52690
42245
36569
59162
45414
56535
61763
36547
35129
46960
53433
58134
29594
33981
32012
30197
30455
48442
43346
39018
41276
29692
42460
31958
45404
43509
30313
50251
32556
58996
39065
31542
38264
47339
36517
51521
45649
34805
33356
55415
41380
53655
37905
47017
42513
49350
43683
48145
58361
48170
54941
42550
33497
53794
40559
36367
30935
42504
50844
55915
46235
49846
59943
51089
39264
30281
30535
49443
33099
39717
58466
37704
47611
62009
45369
46857
44897
62084
34913
48636
47314
45527
38130
41248
48218
51933
57475
30473
40020
58458
52565
54589
41783
48560
32974
57565
57779
58535
53801
53896
45821
30829
37229
61820
56167
40412
47771
51710
30003
35068
59692
41725
40873
49097
40890
30450
42087
31286
47102
29706
34553
50033
36602
51079
45737
49257
49527
47203
47768
49038
36018
54583
57358
30167
42835
47452
54031
36106
42654
44368
57647
59192
50157
42587
34471
48006
38494
59762
38311
61492
38089
54619
59374
54743
62453
38930
52889
42985
46347
54124
46136
30340
30794
29946
42279
56683
59389
50480
45596
44106
53162
61894
57596
58431
45965
38751
40947
44696
31812
36457
61123
45279
35532
32580
45660
57876
51372
33190
59054
50489
34928
52030
41659
44308
51801
45463
41712
60720
47443
33600
52661
39973
62503
31786
58947
51993
30450
55633
57781
54919
47318
53150
37474
46143
53743
59916
40299
58030
48521
37643
61072
56672
35984
52514
40520
47811
40007
57047
32272
55086
42301
30163
48899
45345
46718
34114
59051
56015
61702
58233
34327
42201
38779
60123
59181
58973
50715
41469
42050
34351
59123
44808
56808
43366
46673
39519
33543
43803
60285
42114
57136
49517
55716
45875
58157
62408
40213
39383
56285
50792
43184
49438
35647
48920
51098
61926
55244
42816
59190
51037
34314
44830
48465
35942
45150
54868
40605
34879
61729
48547
39265
32352
62199
50678
43118
58790
56156
41122
37461
39600
50048
46316
51415
37258
45909
32460
56477
51848
53990
51952
55594
36469
50666
62468
40205
46573
58777
34097
33371
32776
52414
58851
60252
48185
59918
62160
34693
52085
36024
43062
58534
48279
40765
49507
41061
34819
33922
61819
52715
44681
52004
39286
58333
49037
43787
40808
50830
35429
33090
51973
49779
32515
48645
52068
35543
33236
31004
51715
37071
46823
41064
44812
50801
34898
62652
31446
41537
60370
51438
55471
30444
43953
46893
52953
62265
46829
49300
45010
56892
48278
35584
45272
58317
38520
45343
51629
34104
50938
55498
49560
33334
36422
33685
36268
52764
55978
52644
58444
58707
38974
36544
43503
38664
41928
37289
39713
38692
58588
54702
55243
60543
54088
36476
46003
36688
60335
54836
61510
52201
55155
50624
50070
48545
52184
59238
53407
30225
58471
47005
62670
42115
31889
43040
36548
53671
52373
55618
41559
33672
52644
32129
32217
56767
43330
39773
50333
37350
47087
41323
33464
46160
54023
32933
44549
51447
32231
49412
47212
40118
43601
50257
38755
48825
39954
43832
58548
44593
45025
37022
31873
36940
35211
36660
48262
33380
60749
50508
51359
56439
51329
51948
30858
30679
44414
52769
53997
52770
50873
51606
47515
33909
34096
35173
43795
46813
36360
61997
48458
38926
43892
48741
46506
47448
50394
42480
57946
36566
41521
41969
39104
33769
32430
52960
32068
46052
44703
30430
30807
39689
56471
32325
31924
54197
41419
41092
33510
46039
32188
39722
56843
56998
61718
60736
52695
40596
49112
41180
61916
39805
40630
54003
33288
49445
53180
60783
61551
59873
62003
51073
55370
41364
35272
41017
56896
38109
33003
42836
58853
32911
43638
34901
49281
46434
34447
43991
47378
33768
52943
41761
41364
42178
36260
61947
50559
61715
50419
43712
58770
32565
59394
37045
41167
30635
44182
46233
61127
46679
30552
49021
36631
35821
59261
57302
37427
45992
50598
36049
57186
53564
55813
37862
56330
35595
60866
42160
38958
38043
31645
52988
42037
48456
54228
42784
62445
55094
46919
33934
62159
35466
44506
36520
44421
59610
39963
35798
46249
54497
56357
42710
40144
37496
56772
40532
49095
37570
37337
37563
41756
53414
42240
58954
42976
53634
52593
58218
59308
40477
45092
40255
58082
51166
41273
48765
58421
52796
50070
47741
48492
30838
52178
38032
49506
30596
59986
45459
40786
58445
41137
59331
33617
60954
34405
49363
40988
52555
49312
41532
34324
52809
45429
53205
60295
35003
41532
31907
51761
38653
60727
56818
62979
57805
60022
62628
37155
54344
41975
32970
33075
35862
38162
54129
51670
55777
30996
62142
61552
42507
60715
50238
52526
36256
59778
45431
60743
52105
54700
31427
60033
49667
48198
44126
56310
47184
57816
59837
50200
41132
49917
33569
40947
31363
48580
35181
31666
42209
59989
54324
45157
46378
59096
44567
44801
42507
39570
39758
31912
62128
46161
61060
50219
62008
59403
40936
41166
34662
44994
39553
34379
30873
37802
62401
59929
33790
48526
49502
37357
33796
56176
33117
43906
47120
38256
51312
37270
34163
39663
43649
57909
50329
35571
37263
51769
61058
48077
30393
43538
48758
42490
45464
30659
39925
63048
53714
33325
57582
35641
46828
31120
53297
57772
55904
57679
53285
46266
32752
52979
48574
54495
49209
39539
60330
31322
41355
58291
41419
38614
45816
37194
45290
59977
56747
44168
61098
57117
57468
48824
44474
61838
43457
37794
34383
42579
33638
34132
33490
54400
50496
46370
34005
50859
33182
54764
63052
30541
57377
60319
39674
60524
39630
41982
38441
63095
53602
44195
30878
54898
42725
43584
60108
36690
56706
46379
51016
59051
58518
32538
47485
55432
36103
34347
46241
33434
55255
31015
55016
51862
37625
45319
36087
50136
47203
58295
35227
38988
50020
62491
58811
30862
61496
33616
31883
55120
39386
42804
55299
62461
43545
59944
49552
30875
53230
30740
51977
44790
61453
40108
58340
37115
33722
63218
52906
47202
55774
34300
35496
61840
61018
62200
34280
62907
52123
48237
43871
36943
43630
42692
41320
45968
50198
38406
52337
49281
35485
46311
59892
34309
47975
36100
55210
47941
32781
62569
56059
31057
37224
62550
31928
30730
37099
36163
52492
37439
35894
31777
41904
54550
57065
58595
45151
40622
59062
34365
61322
36866
48571
55979
55116
54801
61198
51894
53408
36412
55705
54387
53458
51695
46376
52300
42803
62851
60864
39682
54033
42595
51507
40179
62950
37998
35569
34457
46544
49821
35361
62036
42049
39654
60912
31593
31992
33120
33833
35402
53552
41639
58887
46616
62231
33154
57159
57190
46465
34755
52096
59456
54238
40559
56759
44395
38505
37151
34350
42223
34467
49318
60030
50643
51200
59636
41957
40232
59616
32315
47073
46153
49088
58704
32510
44128
43186
35667
60908
45868
46858
41106
62676
46338
44891
31403
59628
61458
56738
57841
44106
52460
39872
52753
34806
41027
39982
54774
60482
47600
52460
55017
35678
58681
59066
38653
33319
48724
31883
59050
33600
33063
40759
34232
47204
46418
59760
53086
52730
56175
34807
61868
56554
32664
37391
46118
42672
54570
50739
37298
55215
49097
32516
43444
50119
60837
62597
52343
53545
59131
40330
42703
34154
46814
50542
53500
59607
37175
43525
50386
46089
39435
46545
32535
31673
45564
43641
53293
52949
60435
53110
40944
31442
37052
30992
43234
59973
53778
31625
61062
53677
38237
56984
62217
40595
62937
58649
61479
56534
58554
48386
38733
34368
35436
60313
40187
61532
52511
51684
37741
52364
41091
42337
55418
61014
33488
55544
39612
52223
51978
61998
47601
60763
44163
46747
34465
48355
37793
40350
42242
61192
49121
37455
38680
62407
48924
37301
45600
42622
44554
31034
33583
45054
57860
39259
59159
52961
57358
57508
55690
31262
50452
45788
49026
37338
33652
49277
45279
37505
39357
62055
34130
32278
42678
48596
43131
61383
32419
62607
31054
36293
42435
58721
47291
52562
54301
57548
52110
48412
59005
62972
54164
51657
57529
31739
58367
45267
58680
47908
54539
38294
50613
51930
31458
60583
37185
63354
50109
45416
50055
50317
33101
39385
31060
57155
57689
48305
52823
38173
55720
56750
51237
41705
35617
54313
62079
61427
57393
49133
37080
35194
60013
32841
35090
62049
50041
41316
60297
39719
62760
46033
48210
38425
44260
49763
57797
56262
48721
55875
56376
46004
47405
55615
43790
38225
38523
63077
33521
38188
49376
47313
47451
45669
31821
53443
35163
39011
61662
34549
38294
43204
56578
46635
52108
57754
45789
33547
35868
62420
42218
50735
48458
40442
58853
56441
43329
40734
40936
53670
52884
54799
59092
39206
34249
57551
43506
51499
40984
53319
59610
35841
58224
50234
44948
48029
34747
33656
40446
56184
39267
58452
32365
58526
58645
39255
44951
38913
53445
46646
58801
51988
50674
33026
34516
58005
37163
58271
42661
61354
56018
37239
58677
41776
40224
46447
46374
35664
47977
48155
52496
53075
40609
36397
51234
56759
31520
53044
47629
49282
41890
62595
47645
35798
36242
51310
43433
39622
60040
44477
47534
36456
31504
46938
62391
49963
32429
59469
51712
45163
58653
45034
62170
58947
42207
63049
37713
40355
56051
52471
32013
36514
38881
38891
33654
33045
32252
49852
44060
52064
38120
54801
48725
45964
63066
33112
63016
59034
47135
60603
56937
31255
46944
59215
38438
44017
43300
50575
34114
54409
37910
33802
50272
48905
38793
33368
48130
56312
41913
59986
48882
33292
34643
38787
41954
45375
63032
37593
41551
35876
60798
63136
63147
31612
39096
52913
37306
45061
40056
51431
55101
63122
59922
51667
45006
37472
32930
47537
61963
37288
48976
40346
59126
53361
44242
53499
60828
40360
55347
62277
33269
46706
46803
56806
43788
35777
41904
46713
37983
34342
58339
61753
54921
48102
54382
55228
45854
52559
42292
59358
51159
56140
50505
40699
31983
52280
58476
34145
45772
54000
44498
36356
62178
60460
40998
40564
42965
50703
42701
54029
41181
50684
55406
54125
58479
41132
32434
52012
38426
47229
52040
56007
62383
46605
56877
38108
44452
36616
33066
56221
40634
61246
48286
45695
42718
47097
43389
55346
44365
35213
42137
48342
36348
35632
50976
43116
63031
58636
51302
42378
62600
41107
44261
33875
49114
58131
59011
35239
31198
46730
51731
40599
61614
54459
32285
37916
41905
43137
50914
53000
36798
63844
54171
61500
34436
62826
61698
52508
38185
36143
50451
52288
48689
54840
63508
31340
35490
59269
61139
60355
46693
58469
31279
48439
31728
43407
40921
51780
49954
53357
57436
60126
46958
31931
40539
52648
35132
43089
35610
49766
56972
57661
48193
34997
46813
44565
52956
63226
50765
35980
48037
36248
35841
48706
49286
51814
42951
55265
33626
53344
45818
50789
53748
47004
41127
48827
41826
39296
59629
52110
48754
44339
33706
60766
43382
34897
63060
32978
51013
55267
63780
57167
50562
42382
63354
60873
49185
32010
61309
36313
48678
34262
62721
42256
60336
58666
56239
44684
46391
31790
52319
35528
43026
54889
51657
33208
48188
56444
59485
43798
60247
40720
48495
45303
47345
52749
51607
41121
36871
45068
57944
48544
39367
44560
57087
35607
61850
51056
36046
32597
55906
33304
44634
38312
55552
43762
35378
45686
55322
31390
52417
36233
47387
62057
49526
38571
63099
34173
42786
34931
47936
57941
41889
40286
37829
61556
39612
39713
39866
54871
60494
43070
52588
39848
56742
40918
54854
48052
45613
55230
38040
48159
46920
36053
41624
39894
51072
59796
37543
44614
35041
56038
49365
46796
60063
42810
56742
55404
42496
31703
38423
44485
50805
58480
31964
40260
32010
57593
39148
48537
49921
36281
48447
56935
36794
37279
36310
35136
42455
50905
54781
36560
48029
53667
37837
62552
33436
39261
56564
54623
53906
55265
32953
36260
31629
45843
35642
48982
33616
38074
36344
35207
53752
46222
53654
33503
37343
34961
54494
52365
50881
36771
48389
53635
57373
43601
39728
34275
51934
62959
43830
47796
50747
56806
61352
55770
32732
55118
53007
40517
47934
64192
38516
40040
34904
61541
34086
44781
52607
57939
50615
39847
43143
59674
63560
33992
60203
42649
45574
64084
46766
33559
38389
49109
64195
49295
60141
39505
56235
55370
53986
47737
50077
54963
34664
38691
41834
43368
49013
52218
42593
37773
41577
53364
56688
48229
60493
39685
42381
35875
42840
33939
52564
51965
40632
32809
48626
46723
61071
64239
43841
33071
54587
63578
36660
61501
43482
48800
62582
35772
39949
42863
54350
38118
41213
59614
35782
46765
45468
60068
44044
42134
48686
31623
43544
39882
64263
64280
45455
64107
60054
52126
40680
57636
51362
41040
58573
37636
47828
31687
57540
34700
60022
62130
58126
58118
60282
34508
60879
51481
38078
44555
61296
48539
44430
55834
31810
34726
37995
37898
52068
51950
49930
32837
64230
52049
54176
57027
57134
36528
60253
56192
57755
53502
44598
49965
45673
32406
40936
61477
53717
43218
38458
33700
46209
43225
41090
48947
34585
58552
34922
37479
54583
60085
53236
45259
38788
55007
53436
50203
60705
46826
57470
36531
33861
57402
40663
37446
63015
60478
53328
36563
39454
52991
60056
60885
37894
48121
46609
60859
41447
52521
43150
41367
60625
41063
56668
39194
57610
57078
52863
50368
53612
58202
45885
59976
59912
61801
42977
48487
46607
46245
33465
61629
48371
63689
64097
54024
64201
53410
33091
52376
47090
40736
64095
53507
33786
46765
43848
39193
55232
33469
36719
47386
41687
61351
61604
59175
51245
33971
59610
34295
52714
58484
45355
51147
50331
42840
57884
32164
43408
50301
35105
59059
51330
31942
46948
37905
57466
31791
60866
46256
36845
42333
35350
56722
52268
47994
39355
41528
59388
56895
46412
37214
60800
35922
51630
59877
53088
40915
62033
39953
46372
63793
51378
60148
59105
52291
52517
49706
39960
50068
52433
37831
45531
60926
59644
53902
35889
43642
41865
56420
42684
34358
38078
59652
39065
49384
44619
53491
36744
60259
44936
49335
34381
54375
44799
44100
47702
47038
56618
38583
42141
58244
58494
33350
63952
51143
35496
40055
62896
42064
63254
64145
62903
51391
49849
64080
42749
39646
46345
39645
52060
55087
53834
57853
55762
49095
40718
41353
32296
44383
48380
45342
48081
46761
50383
61461
47125
57824
33186
41910
61295
38051
61802
34216
55859
46595
44740
38572
50291
46811
42993
35212
56612
62560
50974
55885
49277
43256
61417
58796
33184
57168
63010
38089
63356
39848
61902
61725
53490
44914
38002
46257
46134
60188
58254
43666
60793
41514
31847
62336
61637
46471
50441
33510
45864
38941
44685
59407
40724
33187
60568
46998
43014
50102
50724
43294
49510
62764
58243
48452
48302
59301
48544
32722
53967
39778
37513
47669
56529
42331
33578
43570
32697
48011
48731
37076
53167
56207
56606
44457
44640
49007
54305
64046
59554
38076
40587
47495
55126
43483
34293
45171
34707
34208
43957
39296
44545
40223
46947
43387
59778
39870
52886
47147
39192
61839
47599
57663
51459
39901
56153
45444
64297
56325
55694
46171
52923
53383
42206
62827
51990
42077
47404
51859
53735
51340
49465
64034
64659
60408
32549
37195
59606
42364
40498
32467
47274
33850
53708
50701
51562
64048
58822
56840
58935
54541
41959
37127
63899
47426
45733
61489
33388
54107
53552
44938
53235
45968
38066
32290
51534
34711
35541
44685
50195
42685
58759
50066
44598
42037
37882
46375
36653
56240
60654
33182
42065
44078
52786
57113
40072
54547
54632
41283
46881
43389
38410
42818
51711
36309
61610
58855
62202
62372
61310
57896
63618
51112
52251
45009
40325
34344
33409
51318
60563
59780
38232
52908
48705
59152
59257
37241
32459
60962
52912
58376
63229
40298
50112
40353
40019
57986
54184
54745
44127
47046
46629
45318
38763
62566
44408
53494
32352
58042
37737
48609
51174
37077
46988
56219
37069
36700
62147
48910
64428
37529
37892
63464
41927
43467
35421
41617
46902
32960
61493
54880
64580
57254
56276
50190
50710
56607
39206
39019
40077
63123
45243
63311
39788
33482
57363
41684
52414
45754
59161
41666
33394
38045
52973
32843
62281
52551
36326
59897
40690
64439
44248
54244
48499
64236
53650
59432
48586
62970
53931
56214
38868
33372
47231
64170
62831
46220
53108
33469
63195
58065
44930
39804
38503
35416
56562
33945
61257
35463
58981
52161
60365
43662
42009
40653
40626
40255
64616
36412
52176
63263
53649
54241
58367
51901
64699
61913
63541
57154
64055
48576
59374
46410
43782
44068
52945
52722
53147
61498
62864
59442
40929
50128
51728
43118
42112
60291
41674
56903
46429
52018
53617
56503
49503
40627
51412
39005
50041
43716
55815
32789
35045
64068
52413
50124
44205
64419
55033
64915
60528
37527
47078
61681
47715
61968
64002
54398
45206
53871
41090
55725
51577
55282
50163
59114
33182
48499
57885
47077
50880
38739
58668
55341
55301
49841
42514
44032
64384
54495
60967
64354
44282
40726
48146
45932
43506
39528
53229
53735
32482
53239
49828
44825
63940
37221
44190
39391
42453
38283
40864
63996
46233
52590
63470
60593
63519
34158
51379
36750
53894
42689
59298
60807
48832
44320
56286
49738
54934
42176
46103
34768
63980
50308
34806
33330
64327
63601
43196
48575
62860
61538
50470
45899
44811
34557
33939
34505
44475
38117
56680
37917
57543
33841
43700
48683
33610
47134
50448
46132
40023
40192
41674
41314
49213
62591
49986
64161
63241
45567
59795
57009
60492
64352
60022
48249
52254
41448
37220
45983
61794
42877
57595
58197
51532
42008
45731
39798
36897
40822
63857
41937
52030
45841
44108
36293
42076
34894
39758
50190
35346
34552
46188
52446
47515
51181
64346
61999
38362
40983
47273
50264
61339
55198
42035
43743
41756
57692
36536
63375
44748
42642
52937
45002
42834
47833
62693
32800
44241
35931
35555
36384
50539
58434
57999
40045
49412
52081
47000
46357
35400
42866
43178
52767
35055
41904
52183
40035
63807
47847
57915
34975
56531
62680
61152
64198
59548
44097
46303
61339
37925
61708
57544
35967
44571
56007
57668
42375
39436
57172
45817
59858
39791
33250
41902
43546
53733
60956
53424
60808
51902
54175
58484
51405
52159
38322
55165
43886
47906
41777
47232
38751
51423
35531
49095
63188
48426
40814
45523
33876
36925
49406
54597
63759
44887
40269
32767
62833
37637
64840
32646
55287
35488
62062
57514
63042
57623
63623
55914
60522
48878
57234
57362
63124
60807
37375
40614
35015
57249
35614
59779
39163
41758
37336
55876
53107
40969
35741
42979
37197
51415
64413
63776
39256
40941
33339
46631
37669
46691
61630
40301
60513
34824
50506
40923
53345
55462
41744
51246
33279
63111
39617
45470
34725
34359
55112
53693
56743
48012
33464
39331
41686
41956
63363
45640
62290
58798
37358
55345
58783
39212
46529
39503
56827
40566
56387
32804
44015
38083
48741
56103
42533
55012
61246
51050
47225
41233
64183
40826
38994
50152
56456
59270
37683
34995
58211
62404
43917
43754
54382
52753
63448
35577
58103
40664
63457
65090
53348
40244
54374
57446
51304
51801
48352
51648
52605
64560
55200
36659
51598
64321
63517
61222
38643
47062
36749
36812
38307
55901
35762
45737
41125
45839
38903
49490
63432
52431
62651
38772
61844
42837
55533
44567
35200
56459
37337
35876
40550
46391
54593
40997
62771
61659
63920
59213
54243
50393
35083
34232
51373
55003
57705
46067
61818
46706
55332
42431
55196
39422
37681
52754
46013
58061
36012
42079
44565
44167
62647
53015
61153
60361
58757
55152
37648
57360
40370
51813
55615
56537
46294
60158
39655
44550
65113
55761
58837
39812
36489
54729
51675
53291
38377
64038
44742
42981
34508
40389
50831
43283
47395
47010
61398
44332
32916
60571
40075
64679
59596
43639
37103
57884
35861
62502
36539
63654
47147
49994
49310
47499
54603
41719
63981
36127
50062
59319
40599
58085
41589
43218
51031
38136
46789
57036
63021
39593
58005
52014
61198
52842
58277
36234
35035
51947
52209
35257
35472
41858
59526
33639
59582
64464
35477
37586
63291
49826
59078
54990
58135
37909
65230
34829
35027
34558
51524
53661
64206
59784
35760
37554
52224
45343
39654
60838
62186
41357
62866
51262
55501
61283
60691
41263
59675
57755
53389
57056
46379
46715
52793
64370
32816
53181
65280
45566
51052
59884
53321
37149
39585
58129
49167
38574
55497
54415
40758
47315
42246
33868
52767
32829
42972
61713
42874
38826
61598
65076
36187
62635
35622
33396
52368
64939
40393
48676
51763
53549
41867
64652
44923
37461
38542
58508
34775
57002
40657
48258
34110
53530
39191
42350
57024
46655
35364
37204
64866
54752
53807
63714
60200
62907
46229
37971
47219
63873
34763
39827
52109
50211
41366
53668
52867
48716
54142
57152
44851
42542
35712
49344
58789
35970
60675
52028
62623
41674
62989
36084
55411
48858
33975
36078
55324
46998
53470
44513
60553
65277
44572
47186
45625
40295
43510
53245
39176
61962
55895
55414
50761
56515
61502
36112
56596
46356
58035
53246
41185
45673
50687
62648
42582
43423
41756
35233
34398
50118
58219
58598
51067
37414
42149
63657
61789
41857
35092
45663
65203
65176
55299
59766
41281
42480
33395
41275
35891
35030
57359
41468
47281
34209
47202
44393
55475
57655
60488
53824
60439
55251
54178
41770
44017
43781
41806
54496
49186
53498
61271
34705
62252
43261
40296
49032
55364
55614
56199
53514
38825
47570
61183
50045
54581
61692
61342
61392
58673
42155
49953
56854
50030
58691
60653
42612
32913
46496
34304
55614
39343
54361
61734
45661
60954
43585
40816
39924
51066
33332
63714
50243
43039
60944
48492
51915
54165
64769
61980
51378
50553
42754
44689
47210
35468
37280
57011
65678
45062
37377
52385
42508
48429
36902
34539
59785
60197
44909
63234
54273
36618
57434
48108
63150
59964
49046
40252
57900
54522
58936
43586
39130
63283
36676
55679
65667
33688
46705
48219
38718
43254
37936
39707
61330
44483
39657
36109
47070
59895
55688
57605
53496
37661
59192
59917
47125
36521
48238
33881
51177
48780
40234
59001
38159
64518
63610
37586
59818
46267
57663
64847
42061
56842
33843
47444
65048
45722
48939
50164
64548
60981
48538
48739
36898
64474
48727
44206
44094
51725
59040
36009
52810
47474
50782
55593
50712
55706
61866
52596
47911
59421
54161
64758
46466
50665
40468
37686
44518
55001
64371
53256
59683
65418
58540
37891
41668
46442
49470
37173
51954
54545
46130
62486
56214
45781
47708
39099
35006
39320
64991
41036
53314
44005
33519
64184
44199
56124
37339
47271
61251
59817
33354
47537
34210
43419
52164
35533
44585
61428
65397
35084
57337
60509
36654
40071
59927
56284
34221
40853
36297
51624
37918
50754
38979
53820
39138
39421
49026
40106
33678
56721
50809
65074
47671
60759
44139
64531
58349
61353
60312
40865
48261
59801
35611
53400
54684
35811
34835
43440
59608
52257
55809
64369
40817
40510
38513
61769
62192
57901
63453
36060
35639
55771
52174
60315
48578
47970
35908
35480
37420
45951
43096
64664
61429
60486
49184
50794
55682
60436
55251
54648
55397
57542
50733
50332
65247
43816
57877
58165
41635
48816
45950
45689
46301
43373
43915
52493
56179
55354
42998
60627
44939
60215
50610
33539
50509
44666
50895
38525
57578
35585
36767
56413
64733
33771
65303
48848
34161
37864
42615
50727
60803
65263
42030
38954
65673
60463
42487
33199
38355
56391
54857
48747
35089
53177
47342
62215
39958
45468
47857
36214
42459
55954
63934
65415
45767
49146
34181
34742
64045
41831
41695
64584
52503
54864
53172
52375
57922
58889
36700
44202
41833
50161
49668
40712
57286
48622
35668
53454
34775
56086
35919
64512
54878
61615
62586
50205
35499
33626
44608
49398
38941
51339
43669
43967
61159
56380
36826
57959
49680
65251
53248
46373
61118
61345
59889
45652
59571
46780
55851
58496
53272
62543
65198
46785
38009
34624
61977
62279
51474
41075
41488
36919
36425
38461
42208
48822
46203
35868
37478
61506
64507
49829
58413
50761
38488
41917
41174
40948
52447
57100
54973
47684
61537
43695
43481
38497
63031
64557
63716
39471
59010
52653
56764
40737
65463
50022
36106
58194
45916
50518
55585
37074
57356
57655
56361
53053
60609
34991
36220
37779
43347
65479
50768
41539
38971
36766
63895
63369
34205
53599
41763
35322
36742
42352
45582
39774
33650
43756
62041
35773
46353
52052
47571
58045
45642
44673
56380
33579
63617
43741
43691
48343
36629
34259
66093
45221
43821
39044
44463
47841
49333
44220
40734
55251
42147
42532
50124
46739
42111
52153
63510
60959
46882
50556
56900
34987
43710
41579
40112
55608
62494
64177
50987
53096
33583
66074
63388
48529
49344
40649
55786
50448
39302
55341
44828
56544
47715
45617
35775
42603
57831
51379
54664
33951
60184
48952
50235
43333
62830
55518
59851
35982
52770
52370
34243
33519
65193
43394
42980
58671
42107
57301
58896
65215
63000
49562
43367
46665
39245
36863
54959
42123
44723
59588
54777
36198
46714
42991
48513
61234
45668
37312
41943
40021
43284
55527
56636
37652
61065
54517
43087
34729
54758
64785
36329
54421
45172
64236
63557
50487
48617
59895
50532
61086
61931
38611
55471
35484
45776
54024
61407
35099
62888
45307
48922
52148
56189
48154
39006
49022
46041
65882
41507
51492
34953
64483
57660
46907
38561
47625
39423
44754
55488
52863
52389
50762
34453
57799
53492
49768
44450
63469
54555
43432
51008
48757
50141
41428
61412
63122
54769
52182
41888
53145
53929
37323
41965
50612
50131
39768
60071
55515
41181
56385
52825
45056
46396
61751
48059
64650
50701
48882
43129
45573
47869
34688
41782
58904
52839
59869
42193
60599
35005
65475
34535
33945
35625
36291
50073
42989
60788
63893
57999
54601
45862
64173
46908
58595
39919
47374
54372
48643
54085
52835
55516
65720
49999
56652
63890
63435
36610
45814
60621
59121
63370
42734
39605
35140
45291
44343
46869
54260
59880
52890
43104
53562
35620
64317
57330
42894
61831
60279
34713
41242
42979
66275
43092
51054
58327
59827
44634
59253
51700
53319
61022
37288
48415
37119
36882
60033
48438
42061
66026
57139
39159
39694
55842
37528
63261
37658
51458
38507
64203
55833
65633
50359
34606
45721
46184
52623
58975
61278
39320
52480
55174
55545
33806
64836
51269
37277
35846
55608
48468
60205
56223
49937
44648
58265
35294
66378
55642
47979
42740
46048
53381
55965
56772
60354
51312
63406
52896
48771
59565
46325
34643
58451
41984
43060
48229
40493
56260
65648
42906
43602
53899
48640
44988
56565
45573
45285
48538
45368
43043
45401
57937
58967
57211
50858
45770
64803
55023
45129
64644
43443
56457
34078
46996
36182
44970
56607
55786
52427
36452
47393
61397
54965
45604
40174
40394
61001
65428
36759
61281
52810
60863
62988
38816
63543
59511
64489
34428
33731
45555
65171
63389
66181
34749
44676
56930
52209
36556
56035
54053
50567
51948
39768
58816
64330
42343
52254
63823
40052
50910
36954
36152
45160
51320
52907
38761
38888
65599
56322
54241
44680
60614
51380
44402
41058
33807
66509
41925
51212
59821
51368
53918
43207
53286
35516
65121
55545
35227
54201
51670
61662
35755
51156
63785
53626
60052
50270
58933
55250
36763
52380
35329
53339
44719
47315
49035
48819
48969
56226
41925
52623
64662
37268
46814
64245
45272
61174
41666
54443
53258
65510
51940
55535
42434
52909
35131
53096
39516
42063
48266
44637
54101
46944
35813
57381
45813
48408
66417
64734
64305
37034
61035
52322
38863
58578
37484
42103
54219
45997
45035
63302
65018
57550
60419
42511
49389
49550
34678
60442
45592
65443
34547
62961
56371
35317
45204
63692
51425
34733
66219
56909
52624
65934
34750
55405
40864
46472
43984
61879
62407
51338
63202
60852
44212
51865
53434
36262
56562
49439
45539
36216
40976
43909
58869
60662
36607
46595
49943
55610
54203
36535
64193
51814
41005
37109
59335
43417
35921
47839
64915
37659
40852
41269
48305
35035
35200
54638
53394
43292
52634
61959
47753
48491
59019
49435
44570
46548
42111
45364
66164
58453
51915
35937
56636
35987
45266
42376
64140
39884
59945
61438
46652
40205
47609
46421
47712
48549
54693
56693
63249
62937
47789
64750
51057
43481
39891
40333
59369
55027
43388
62766
41397
41223
47448
65232
53155
54331
37189
43503
40983
44783
55665
37902
47187
34804
63935
65683
40181
42232
58989
66263
66497
54597
40947
36478
62113
42156
59950
57860
53226
47803
65213
65433
51169
47671
48812
43055
43902
46278
42831
36049
44144
34539
36465
43574
39520
45111
59823
66198
34170
64446
42270
43452
59946
36041
52532
55133
51747
41930
36837
62376
54950
44949
55564
53790
36865
65228
36365
36516
65110
42395
44216
49366
59293
60326
53617
63903
42732
54848
59534
48902
35062
41694
36609
64075
53715
50635
58935
35891
53247
49437
57152
64416
41124
59367
49455
62052
35100
57776
61124
64599
35249
66084
44872
48296
36264
51466
65209
36208
56447
40566
43303
48525
45170
40768
46430
57517
38468
36276
58053
58793
64059
47755
48774
59157
34413
64027
37871
59925
46650
63946
48153
65393
49946
35272
37063
64236
52889
44798
34448
46290
60831
37185
45633
35281
63733
39372
48509
36105
50949
54765
36518
41062
45793
61950
43009
59182
38023
57495
66068
50902
36452
66050
58707
59930
54294
57327
34556
64077
52854
53609
60736
66285
49366
39689
56995
45946
54151
57194
57509
62344
42911
62428
35234
64788
55288
60765
43511
61716
35708
63941
36966
39505
64672
55616
60860
53881
39471
35841
39856
48496
42313
34869
51983
52968
61611
35894
56598
52785
42289
57602
60447
52306
44952
41195
51073
49240
48009
54928
59057
48622
57299
34827
38829
64046
57337
66156
60570
37559
42732
63847
44203
51968
57113
53065
52294
46060
52134
39216
45154
61854
50937
45948
49460
37774
35451
64129
36874
45788
41883
64382
38007
51941
47637
45523
50352
65557
35700
42094
36150
51452
49109
63367
60341
44451
64495
50829
45356
37152
54352
55904
44879
47464
34281
36800
54570
35173
38861
66054
65286
41288
51766
52753
64912
55585
63177
65924
38968
51628
50715
35375
36568
55150
56947
47562
56982
62465
61394
45545
52747
35245
49456
52268
66725
50488
41737
53942
45385
45566
60184
40161
66621
56388
56675
58416
65606
60873
42615
58758
59149
63646
51957
41621
50375
58424
45133
55192
57109
45252
41674
63813
35625
66746
64719
52989
44843
47285
54112
64839
62171
54658
52195
38012
58231
47222
65320
63428
36575
53765
36264
45120
55799
45713
51466
65673
38477
55680
38636
52314
39676
64145
61663
43145
58576
44400
42419
42812
65962
48008
49142
46169
52006
65560
46519
38462
46204
36489
50575
59059
44964
37631
42211
38940
60862
41262
58211
56052
65200
58735
42966
63350
37905
60434
43546
61341
60230
62198
36454
64847
41706
63832
67027
49365
65396
66025
55323
45967
58131
47907
47776
45798
64733
66012
39088
46977
62249
61980
45319
36028
36153
64044
44181
40022
40989
41967
37506
41577
49875
34933
48496
56736
36275
41422
46592
36772
59659
61212
38551
57815
44806
40684
56418
66117
42194
46023
51607
36056
36609
55043
48382
38091
58672
52703
41649
57952
59623
50384
57888
47318
41921
58645
60759
47253
37069
59537
54660
45485
62771
40922
34995
64126
44059
40590
40157
40632
59850
66022
52257
64135
47630
66957
67153
38407
48605
55986
48048
54526
60473
62812
50426
52938
55894
50173
36005
58008
52991
66891
56679
56279
42294
45131
63992
47853
49691
41646
57881
63016
41487
35169
59605
50935
49432
46944
65543
55130
57991
57035
56604
58263
64473
57403
56090
42031
50908
42070
48609
37904
48915
45985
47794
59148
36442
65686
59885
50314
44237
38903
67103
39547
47079
43873
39995
40080
50407
43556
37160
50090
45688
56402
41084
57747
48528
46102
47240
40171
56729
51527
55188
59749
43983
45885
52843
53299
55785
46308
35867
40126
64507
61198
55030
49563
43419
36110
38620
35258
47683
40834
38077
59873
41206
39280
54105
67161
43814
41877
58698
49384
42710
47609
58437
58111
46076
51143
60829
47155
50473
46428
51208
44273
37739
40094
38566
50542
35187
38799
48447
65758
59891
56610
55757
64742
46410
41037
63290
60755
37475
58719
56682
48140
48858
49556
41596
58693
51809
47334
57677
58358
41315
44583
47422
49804
43751
39245
64312
41950
64950
63501
42989
55394
61632
44203
41824
54177
35516
48912
49575
38376
38159
46109
37103
56897
54767
61247
66754
47265
46536
53827
59013
48227
54238
36716
44869
36597
52789
57795
44723
65234
49326
40879
41836
51888
49010
56261
43134
59642
53395
34785
39976
58240
43249
52854
58338
39790
45147
38434
45469
35194
37111
58246
44620
52834
54756
36180
44451
42902
56605
63145
53023
39985
41121
50078
45126
63022
39633
48154
37936
56281
51737
53482
42054
40323
38866
63251
44618
35706
42599
52582
66456
59449
51895
49238
56747
51931
46267
40967
60386
67030
35689
56487
61060
58853
65496
56577
66307
56646
39844
41807
66941
61222
52884
46160
43912
61274
65402
62619
48175
59983
42075
61491
35128
51524
42448
49243
36265
67254
37292
66476
54666
67356
57567
40036
37611
59861
54427
43265
66601
58975
44725
60175
36718
35273
51533
36926
46967
59499
53681
37303
52634
38868
43647
40368
66823
66820
47370
48958
52046
64220
41471
47211
35361
60626
47433
49801
46683
55785
43313
43206
53314
56289
38090
61696
47369
46762
47500
67290
65946
64543
54335
40207
38546
38897
52507
47366
60812
55265
61229
40103
38818
50227
44796
66158
56625
56415
50285
57277
50909
35849
39908
41335
47061
60467
58028
38602
64856
42162
45721
65100
63353
66014
41195
59722
48927
37518
46198
59740
60751
57924
67328
48189
59310
41892
38379
59866
54849
57131
67092
34985
42616
64029
57082
39996
49003
43455
65827
49686
52067
42695
56251
41149
47772
46353
42367
52497
58185
54163
40153
39387
58073
43155
37708
66985
42105
65047
51219
47834
45274
58014
54789
54773
43828
49677
47292
58943
40843
35564
44278
56460
67121
46034
61499
56405
41100
46366
41921
41739
37657
51944
54924
63915
57521
37688
64217
58515
43787
56437
51901
66964
56451
47136
57354
58440
40729
42434
66418
37029
50365
59938
63215
54227
66762
59068
48994
58171
45776
66927
45434
51681
53910
35958
50647
64499
44383
61081
63599
51362
52333
60324
46897
40496
64708
38169
41961
54346
49200
35618
44388
61593
53129
67017
50132
39316
37430
65131
44149
43928
44784
36202
47217
42042
39368
53283
58114
55260
50028
60192
39638
42366
52646
64654
47799
40151
59685
37617
62827
51876
49280
64534
47321
40769
38008
65609
52334
41846
60798
56777
44735
61331
67189
39033
63088
39103
54456
61912
47700
34957
53599
40243
50389
62160
59326
66586
38551
56753
44335
44816
64600
61438
50706
42630
48155
63941
39953
57355
40325
60194
51625
35773
53639
44373
57061
54787
64829
37399
58221
61822
60438
52527
47552
64828
44342
44096
51134
39727
40984
65765
67689
51934
46200
61695
60140
56411
57712
41294
41693
36725
38881
60991
52671
45870
46100
42757
37323
55664
45729
65259
39408
62203
44176
43241
37656
59298
57023
53621
36525
65207
49283
60059
61019
43972
60818
65104
48408
37755
59169
64260
39266
56560
61513
44662
38088
41734
35247
58060
44204
39463
53348
53731
49223
48697
50186
58084
42990
40141
47161
58904
53651
36761
62753
49917
67214
64296
52080
52377
48798
58832
40822
45070
42026
64229
44934
45423
44493
52780
39328
43730
61714
62354
58446
65958
37500
48926
36556
67143
63178
49445
60523
61904
39288
53949
53047
63025
44169
50803
50648
38017
58756
37185
61622
44437
39869
65466
45665
65745
39893
52104
48943
36158
54404
42264
53287
67805
49302
66964
64797
57915
45620
56594
66079
65606
58213
61707
62480
46175
61397
65294
43155
37552
39892
63413
54571
42176
36001
58841
43424
43588
54761
54786
59812
56377
65675
53793
51638
58927
61086
50562
37703
35304
49333
56572
54299
41249
41057
46955
40179
61872
37880
64096
37737
67535
49045
40726
56091
35512
46944
35752
39435
49010
50960
52354
40006
44522
53934
66069
56004
40005
46235
54992
59792
54389
48340
37195
37160
59402
46453
38597
38695
58955
36988
61904
64033
47238
41680
45387
42191
39076
36994
45969
56428
54784
52818
45552
61022
56442
56437
41053
57625
45511
40597
46437
44097
56587
62746
44647
48142
60585
64424
41985
50165
36441
37096
66248
42117
60796
35724
64572
59535
52141
49293
66555
40329
67481
48823
44340
35636
67088
58216
64607
36477
45404
44181
65835
39841
66257
60429
52408
43925
51877
49154
38919
39077
43522
62661
44719
44635
62298
46033
61905
61602
58619
41995
67405
56875
61923
57160
67894
45584
36053
57616
51588
59576
43436
53922
65033
35834
59632
55351
59559
35461
41383
50059
53183
40575
48493
53146
56044
67436
39623
51623
42994
39762
59829
52099
44017
62234
46726
60172
46303
46650
38640
66292
40756
51601
44384
63684
37863
58770
63119
42016
58010
55205
38230
47948
52242
62154
37059
59631
53481
62336
47212
61207
55431
56037
41731
64382
50254
66846
64299
37132
49941
65273
36490
43676
63704
57041
54048
64259
52909
42163
54999
61006
65274
58814
52571
53324
45542
50896
45099
48205
48653
35423
42225
47656
57720
46500
40463
44163
67276
37119
59770
62542
60097
67479
41419
60817
46550
43585
46483
43368
56900
55715
63727
67915
58928
56217
62813
40851
51748
57303
60366
63802
46016
47056
48381
46307
50349
50647
44030
35610
36307
59268
44826
43996
67276
57178
49882
38234
39320
65958
62306
51194
38546
43178
36864
64415
42146
46075
48389
47658
65973
38696
55252
66369
42858
48028
57656
56655
43022
47558
57851
63435
55243
44407
64948
49854
38428
43403
42976
40831
52100
36555
44852
36545
61312
51730
37682
65488
43706
48559
55291
42264
59775
55819
52324
61927
62067
43404
63051
42356
54660
54200
39212
67359
50972
56222
35567
47098
48027
40305
51972
48521
55044
53111
36786
43462
66806
68129
48556
66664
52447
39804
64998
55653
46700
43464
58790
37046
53828
59749
58590
62298
47861
59895
61113
65949
41518
48834
36980
65178
48688
67158
60015
54527
43903
38257
49028
47376
38621
51489
36503
44015
50040
50217
60014
50202
49507
39846
66499
57141
59459
46834
39320
41226
59979
59081
50123
58318
37738
63402
52202
64933
67778
50048
67656
65385
40029
67202
60753
53415
67867
64344
51482
52459
43759
66175
56637
50750
67403
55534
51939
37100
47577
41466
66850
64651
39276
51319
48522
56888
43318
64288
65274
36900
43579
51257
60088
68176
57605
40050
52161
63636
58266
43279
62558
61926
66475
62790
39416
46297
43278
40680
41773
36196
45167
36420
39972
51173
41538
41289
50461
54629
54779
37354
61260
66846
54658
39879
39911
63290
38113
42249
37246
44254
53824
61069
56203
55655
45588
36678
59466
55540
60307
48860
47306
61476
39275
45977
55108
47393
66227
38790
67501
57821
61474
55505
59015
40859
57727
55666
59900
64434
46936
49678
63789
56717
42231
64540
36296
62967
65170
38726
37848
61333
47042
40466
64482
67764
42550
40385
45869
64070
56489
58744
63073
53286
45585
49309
45652
38564
51482
45188
59168
65853
43986
59723
49529
61098
53158
38402
56893
60957
38285
43023
60493
43463
39555
46545
41116
55965
60473
44164
45189
43356
62987
55653
50786
41162
47666
36374
42074
38207
43835
58435
59770
42341
47543
58502
44295
47164
59957
38024
58387
40033
67437
45162
50511
44175
50366
37731
40736
40294
58587
37802
54261
55403
47297
54678
61655
67665
68332
55811
37442
47735
51914
52217
68403
47537
35952
53640
66178
67147
45196
58358
64114
36683
51354
62237
63111
37111
68443
55310
45975
48279
60803
56058
42532
36220
45746
53331
45801
61249
68262
37166
54707
39249
36527
53996
43634
50089
45923
41497
35984
39136
66194
66708
49281
67940
45437
67312
56220
58374
59202
47387
56873
55225
51099
56893
46011
49814
38344
54243
36288
61988
66506
62557
52310
47319
66002
63588
59744
64726
41465
39937
39385
41985
58417
68266
39273
65843
65148
54957
54326
42692
62812
65490
58109
49747
39050
52539
36193
58818
47082
65168
50819
57729
42175
39001
55250
37904
54044
53163
44581
53951
44955
55559
64775
53177
64848
40575
44113
41280
53248
41242
50175
52794
63119
67962
51772
66541
59832
43964
51135
55559
37633
66208
58970
49633
65517
58858
56784
39428
54643
65544
41704
59117
38831
50932
36031
47117
39384
64604
58466
51220
43634
63745
37532
50031
53188
51037
57357
55311
43149
53640
64380
62061
50419
42588
47727
52171
68540
39384
51192
44476
65472
50370
46545
36582
63902
42896
41899
60679
43439
62601
61636
67638
63032
50472
43960
58220
68068
48833
46233
44610
42609
60006
50497
64508
36777
50188
54247
60359
41620
50410
66545
42559
60652
60706
39177
54324
55505
37027
41075
62126
49342
60238
50334
43054
65468
49240
65273
65335
53717
67823
39943
43533
39116
63008
50614
46013
55563
51704
67565
49757
66269
52201
66404
52885
56285
56432
49848
62559
40111
60405
58815
49418
38637
55539
38681
41605
63332
63832
65543
56282
63617
54063
44672
41721
39174
51324
41346
52151
43777
47719
61351
42006
52991
59293
48120
58823
44925
68084
60677
57581
37023
63310
55862
50212
67621
51647
58204
42434
61850
54002
42635
45661
62158
57032
51244
42125
42119
67907
65870
59890
45940
43939
59453
39289
36194
42190
42838
40668
61106
65781
38425
49000
58379
50293
59520
56323
37964
56827
59535
37997
59077
66540
60973
44998
55718
65796
67890
61009
40119
46141
37313
43127
50250
51186
37592
57103
43119
58436
49957
41180
50278
57533
65564
59735
43610
47411
65350
56495
57164
51695
43484
66831
45901
38671
54932
62751
59888
41769
54715
62413
50943
39217
66436
38221
54125
52637
54432
58718
61068
56006
37134
67280
65408
56466
45365
60483
56052
36688
37168
36401
45323
54755
61033
49711
38809
60195
58217
38767
66708
49792
54766
56458
52421
56297
68414
45692
64195
36588
54972
53488
37410
37150
38585
57279
37608
48061
62348
68019
53568
54420
38117
44176
62835
56863
49502
51797
47123
45808
40019
40895
44666
61521
62964
66575
47987
62507
57752
62989
63542
61990
67157
64077
43418
58386
56781
44721
38278
55686
54602
46895
52392
60102
66830
59348
48234
53994
61924
53257
40226
62781
68859
68374
37001
53732
58868
63972
66671
44480
49978
51719
44461
61845
38034
60923
44890
66667
62451
60078
49730
42292
43159
40511
61587
67504
57426
58374
47578
47246
37667
47572
45870
68820
50441
51836
63403
41088
39447
65938
64803
43119
61643
68722
41231
39807
63132
60548
65996
63217
60114
65215
63492
41489
66458
40044
50282
46360
43354
47405
50602
42833
64578
41533
51871
43131
55332
49913
54471
43375
51845
37536
57077
55298
44788
36695
64582
37421
58778
60016
58198
37995
55315
51691
47540
59235
49276
49981
45971
53447
59085
62289
56258
52092
51305
55245
38878
51963
56820
52630
48326
52727
62309
55446
51023
66624
50780
39101
68921
68583
57013
36933
64098
68003
54621
40763
44602
41075
64868
55355
68983
68741
41812
37499
39946
58711
54978
56586
45905
51996
61986
46938
59534
66401
54496
45821
47000
51440
66476
58028
50640
54004
41749
47757
53591
55135
65625
50614
41086
68745
40059
54509
66942
60953
60823
68273
51818
51497
51827
59519
39265
54181
46166
49486
46344
54004
62237
46428
38199
38363
46987
39724
48115
50590
47073
63951
54941
53864
64174
63588
65384
65260
50153
59099
45841
53069
55357
50174
52938
57147
68260
58545
43639
58208
51255
41080
41756
55802
38469
42811
43414
44745
46754
58438
43402
54827
58945
37524
56476
41862
59909
58957
56801
57062
56789
61325
37270
56807
63983
39527
46354
41942
49790
61482
43769
52499
54638
64994
55219
51641
51839
66594
41500
43905
55704
54273
60541
68324
47967
64867
39356
51072
63494
45690
62159
42941
39015
66700
65654
39856
60756
56822
44330
42816
57640
56689
50000
46983
67490
63124
39859
59259
57332
64410
36913
63437
64790
62566
67253
65041
67680
59076
43109
36640
53848
62450
39196
59578
58825
61279
49946
56944
53525
53938
68346
69057
39371
45838
65509
40324
36476
39828
56326
68742
60107
61738
59709
54131
65988
50043
40472
56826
57967
44863
67327
40748
43684
46525
53166
50469
64544
44430
65769
53231
51161
45219
50794
36771
58255
43914
53535
52689
40356
61932
43410
42530
49965
64603
67241
53820
52297
45898
64655
60646
41650
60253
38898
61549
46737
63204
47471
62534
54679
61602
50506
60916
63561
41938
64355
63789
63899
46444
68453
60216
60609
62116
47425
46489
66882
59571
42459
56304
50510
43483
36866
65823
58961
58277
41382
53163
45000
43630
40261
49509
45140
40481
65447
68169
68876
52294
59851
43686
56088
62268
59169
60543
46972
68290
58362
53297
37169
46525
59452
44119
55674
65845
59994
66795
69237
38048
52867
56750
54256
46947
58906
68553
69247
53142
66407
51892
46283
48647
62860
38999
52013
48002
65722
40047
48508
39760
42660
40756
68387
38654
54068
54073
63862
67424
49533
63123
49222
44756
44274
36669
58546
63691
41685
50875
46657
53894
67570
43262
41518
65822
42636
51848
53507
39111
55448
39376
49769
63829
41513
57320
56127
62464
53292
46173
39401
65124
61269
59487
58603
38604
44889
44321
42934
48559
67166
63875
45505
43131
43183
62191
68572
37266
43189
56704
47042
51602
54051
55146
69101
60890
39792
58262
44462
59466
44170
67468
45948
40009
61897
65686
43405
58637
44065
54306
59043
51479
59293
49001
53033
67324
58632
51790
44158
57195
52205
65929
69265
49260
47299
39940
60334
46566
64353
36741
62103
50020
39352
55438
49879
68376
60096
63874
65363
58913
56755
62728
61218
53769
49530
51124
41118
55186
41060
42213
49851
52914
66590
64233
43160
41948
46560
66152
43860
66177
52964
56575
56867
67799
44316
67371
51361
59609
40996
41321
39782
39567
57974
54427
37594
66447
45789
54702
64586
47044
41516
52346
37180
46958
59695
41449
40192
52842
56034
63836
41096
63668
50913
55626
59514
61482
57376
50986
51586
51090
64476
55956
63213
46815
48337
68515
42868
64688
65198
49309
64597
63770
38342
57046
57001
58791
46856
58065
50929
52894
39985
50089
41714
45445
47168
42415
52675
58597
36906
41045
52772
44365
68560
39755
53009
41881
54062
67303
67223
53364
68565
62410
65255
41244
68251
52673
62889
39270
52625
48617
50578
59137
53813
63511
69177
47614
39913
63350
69158
67216
65188
61042
58156
37905
66024
60885
42234
64838
61428
67376
69100
67044
58682
61053
42535
59731
62483
57090
42212
67249
45234
51065
64524
69146
47446
65901
49670
37671
69316
38887
60876
43188
53493
57674
39237
59879
46092
61564
48591
37998
49547
41286
40730
38919
47557
50174
55357
48966
43415
44131
48899
54675
67667
42952
37254
61042
61949
40565
41472
45575
53690
58442
62685
53977
36997
64677
66837
37078
39972
54662
41656
60823
55898
48625
40907
62950
56415
39828
48978
50301
59021
41898
39598
41489
41052
39711
61737
59023
65680
57845
38352
65446
51633
52710
61313
49285
43708
38987
48964
57062
55320
58172
41182
49483
45259
39417
63908
66183
50158
45192
51598
52865
51806
67232
37516
64565
59573
61894
51741
67835
52601
45750
67869
55564
65427
55812
60894
57666
61698
57347
58491
40479
43472
62438
51561
64529
40773
50725
39503
38132
68444
53795
43288
59097
55411
60173
66886
59398
62790
69637
69513
39998
42270
52096
60304
69442
41030
41452
50207
55447
39103
54167
38242
68746
63284
62924
61825
48754
58416
42815
62324
63541
61839
58282
54297
51981
63539
47801
54659
56716
65016
60964
63637
39646
47081
47898
45264
59215
64692
53990
68202
65036
47963
50893
63136
56366
51757
60213
45645
56564
41461
62989
64186
60240
55665
56424
66744
60582
62725
45931
59884
51408
57009
39018
65643
45925
39489
58446
53383
39483
68035
44602
40168
56618
54846
57710
45278
45843
53409
60011
59637
57377
57082
48983
43466
41295
51688
51108
47390
61739
65107
59117
44329
68057
38746
44832
58928
51290
50317
64994
50778
54543
57437
67887
39872
46456
51920
40769
61635
43842
56442
40372
46754
66689
66984
58343
65100
49466
60894
50341
45938
45604
42884
47877
69089
62639
52188
59022
44303
61510
37687
37535
37363
47313
48489
52494
60186
64127
56954
53264
59128
53954
58270
50009
65660
47771
58471
39044
63975
58903
37946
67252
63965
48410
59392
59772
65212
53595
50205
67324
39982
62896
50854
65869
46842
55948
65998
63264
45856
54213
47778
38817
51236
43931
65527
44450
61354
42743
44448
58869
41539
40688
45028
54553
54919
54163
39727
65562
63076
56292
60423
60594
48821
55072
66370
64692
48406
49989
45686
39082
57335
40148
60594
60861
52464
43990
61291
49878
61780
41501
63417
43267
65801
61132
55236
68380
55191
60186
65656
57510
61310
50258
54145
67575
58317
50974
53619
68507
45040
61446
63560
55031
41418
58676
58896
40492
45572
48506
37860
64831
46756
47254
48412
37494
41953
52404
50882
38917
53045
44340
47942
49385
59573
44718
44658
56597
40606
44083
40353
67788
40752
53718
41004
60238
60607
61547
64550
51382
47111
48783
62281
60195
46272
43753
56367
42774
40050
41903
56262
65307
54155
63339
54014
43692
58543
45823
54468
66642
50767
41190
47156
41741
40573
52670
39690
41718
63742
46595
59482
57635
41889
65822
46978
44747
42192
60830
38748
49066
65637
53957
39352
55207
48831
56134
45833
64437
59924
56653
49758
43511
62984
62400
54676
56615
50559
48324
64970
57144
49840
57732
51222
44858
48508
52014
44662
65151
66557
43325
38154
67836
59745
44286
42880
52465
44793
40525
43727
58829
66445
44448
38696
69196
68851
42824
69161
69090
45023
60403
65877
38236
68093
53876
40129
52933
53821
54983
51727
42118
37743
47695
57248
66514
62735
63843
53254
40513
67170
47625
60856
61115
49090
38913
38666
66968
44597
61958
56924
57349
64837
40016
66193
52906
54028
40029
52163
44938
45711
53745
41012
65322
55373
45404
58760
66805
50455
62203
66098
40671
60193
56321
37677
61513
45402
66679
43500
63524
49401
48770
42643
53850
53592
66277
66151
43113
58886
67270
40579
38225
45848
57013
60110
65713
39871
53994
63785
46381
65312
51406
53485
46610
51039
58814
38548
38973
61181
53003
56246
57913
61541
43845
43832
47015
54209
51385
42432
54243
53010
68920
49771
38884
44160
37658
67523
44900
60142
38787
53483
69953
52434
40421
62237
57124
51524
60614
55127
59488
37717
51140
56400
54301
43937
68310
38065
46773
45096
68308
46466
38494
56921
57146
51426
41738
64368
63785
63740
42379
38658
43950
67382
59899
56278
67911
50091
43355
58103
47779
39132
46714
48391
45738
65442
61976
42454
58301
61288
51788
38452
55871
40598
51491
43011
57428
42832
63114
65680
69352
58465
69998
46371
61428
39538
58401
56788
38396
49536
47104
51873
52445
66189
44115
69310
51141
48533
62580
54828
61571
43971
49460
47501
48129
61925
55674
66615
43022
46878
42541
41095
50785
37850
46420
40567
63707
60679
63612
67699
49933
69507
49754
64105
54522
40912
51122
44832
45854
45583
42872
63434
40879
40492
48692
53724
43298
58454
51371
69405
66033
46514
39355
50173
66972
62800
59271
61481
69358
50526
62420
38236
66433
62619
37811
45176
47236
57359
55905
51413
38076
40186
60267
68057
37833
65290
47125
39625
69291
52944
44029
43230
60804
50293
68860
55196
42655
39593
70221
68447
44722
52701
63217
49719
48736
56242
68433
61173
69890
38577
68134
68230
65703
57916
46230
53120
41817
60100
63903
54267
52643
44605
44217
62882
40528
59599
69559
52234
63348
47567
46063
38210
67761
38125
63130
53419
52915
54191
40062
64521
44029
64286
53450
42715
65256
68031
68417
53224
55528
57796
41370
49435
47890
41860
67623
56720
64475
68649
66998
38383
47651
44200
57013
63225
65906
68855
48025
67168
66433
69498
52864
57820
68348
43198
64532
54395
68486
49001
68531
54841
62206
51313
41678
43472
40960
62349
69519
68817
41391
64489
42687
44532
42162
61726
47334
56748
45437
68705
58036
44287
40914
58874
48287
61077
58247
40697
44494
52751
38537
54052
58934
61850
58401
59187
50179
55747
47478
67392
43065
62349
57172
59769
65179
69824
57643
43288
64716
47749
58715
52629
56500
70192
55982
53785
38437
46173
40742
49463
56254
53822
66554
47319
57104
62771
53979
60018
40960
41115
47227
60293
52076
50667
47184
59967
60690
48893
69014
39549
63661
49834
40339
61177
61024
67482
57118
62142
40536
67931
56162
55008
53166
41905
44000
67689
52874
63533
39347
58006
42382
53761
49688
53572
67186
64531
58413
63397
42475
48464
48121
44855
69330
61251
69293
62199
45186
58086
52265
68306
44162
67512
59842
68444
42852
67855
55875
64964
41196
54704
50993
50184
38773
50589
61268
68965
64145
53806
52850
61202
45296
37987
62046
62765
46467
64889
41266
49142
69600
64955
46296
65851
44009
69019
53199
60947
54440
52481
53035
63695
54910
44259
40414
59182
68733
55062
52535
39120
56594
51300
38568
70125
59879
53470
43724
40519
63239
61043
61864
41053
52548
46530
41010
57570
39894
48429
50959
62061
40260
48687
48801
64882
66440
57583
37953
67697
61294
58901
56521
69741
63293
41692
69718
66976
65689
66408
54092
65645
61864
67419
53402
49814
64884
60579
67903
55471
69520
64661
48397
61395
39679
44864
53420
45973
53329
39163
54499
51257
65295
54849
70419
46373
42585
59839
49924
54162
63694
49322
52708
38279
55212
53590
49805
47368
67896
67589
57095
48011
44641
62973
54094
41387
48032
63197
41301
59168
63778
49200
48714
43759
52777
69443
55580
60382
56240
59700
59963
59691
43598
41292
61599
64381
61276
39310
65547
64027
44378
61840
66707
65628
45967
38794
57180
42847
49392
61357
49315
67579
52803
66998
58112
39161
50052
64706
68588
48513
40072
45412
62850
38867
49376
49653
66946
62520
70400
61739
62875
57399
64161
38637
53482
49675
61027
70502
60094
66645
49335
63577
45726
43535
46076
56500
67981
57025
39400
69223
64652
55031
66090
38518
67681
38130
48205
49997
51863
58782
45280
44373
50118
43460
54740
59844
69396
49025
49701
57273
45820
40951
42173
62344
61262
66882
41621
64594
44151
44205
57373
47066
61443
67878
47582
45203
64096
63984
61533
51710
61925
55704
52035
59186
48914
63786
63420
57276
65050
56228
42525
46762
43422
50603
43721
51171
58044
62845
42581
57274
64072
38695
63722
61634
40793
51448
66795
56291
55048
50229
66776
65197
41332
65038
63603
64493
61450
54481
60705
62078
53507
40286
42386
38498
62509
42203
58532
57361
60655
64169
57221
50705
54663
38550
39704
46279
46999
44884
47259
47245
56800
54570
62854
69125
62285
42217
58038
68780
70451
42786
38602
40882
44759
44950
57294
49417
60465
53486
47127
43708
57839
47276
66157
45698
54461
67426
53616
66451
55748
63777
48692
43706
66160
62005
70191
43179
62839
50191
51285
65176
39191
48771
43393
59647
45727
57652
67607
48326
40752
49484
57063
39561
68037
63344
55125
60467
49777
43507
64183
57547
39656
67401
70399
55953
60481
50367
65178
66378
43514
62826
64408
64216
42557
52573
44556
54285
60257
42271
58806
54209
52916
53597
59103
42530
41080
41691
47749
65100
40235
41648
51640
54298
66572
57011
51268
46139
63194
55857
45712
54920
67295
63201
58054
61076
70445
59929
65844
60037
56360
70209
54259
70691
61508
49289
45510
51247
54800
51927
40004
47094
38772
64003
50490
59686
70198
43079
66379
59359
45507
41969
63961
57101
63021
43611
63529
68342
60528
69405
54209
47631
64505
58241
49685
53268
44393
45624
62819
65367
52886
41803
65756
44121
38866
40020
51204
44951
46705
45293
64859
59814
57477
63337
62525
56706
54764
38338
51719
50468
62093
39635
43643
54354
46558
63431
45926
40379
58282
44498
47999
52803
41489
66591
65683
45724
47312
55817
65759
47894
54722
59789
66494
61880
64167
69119
38276
38543
63525
58109
64169
54854
39436
53154
56874
52983
59614
53755
48940
55105
42127
40639
57826
48027
56457
59706
51122
58855
51443
59275
62099
41803
51507
59151
63418
64572
43953
66845
42357
53979
41694
57332
49239
48005
68470
54257
39829
50085
59394
39174
69808
39629
46496
54375
39508
53766
65030
62086
38529
42340
51909
56642
62440
66525
56779
57947
52888
51546
54060
56874
49113
57103
69666
65167
58712
46600
41810
45610
58245
53253
64080
38862
59194
51848
69734
66098
60061
41004
64145
58346
49479
70712
62669
46998
44966
64628
54418
47194
70047
56636
66719
65166
54392
68562
60918
54454
51190
51961
61992
55476
68290
71103
56018
48444
38417
68762
57960
49033
44164
47286
47665
42318
45133
39310
45459
55024
42132
45242
58001
59890
56857
65543
67474
44977
42778
44493
56932
40017
55927
50045
48256
39415
47636
47738
47248
39992
66687
52010
68910
67538
69075
45644
39151
49818
57308
57484
40864
65462
42363
51284
45263
39948
58700
48614
55182
40698
53127
40360
63347
45896
41764
44222
64227
44123
60995
59358
46736
60331
44490
46176
42561
47735
69712
42901
59090
60343
57402
55386
70011
55890
55587
61165
56405
38801
60546
59135
42009
56787
47494
47114
49963
39811
48197
55268
55768
43592
63510
52117
60380
67195
41275
47718
63272
39646
68036
46906
59362
62603
54703
46113
69036
62250
47700
54315
63017
51559
52481
69498
53437
57764
42209
56731
49045
64234
54306
55831
47592
70182
64598
38724
58236
60306
66074
70497
64875
53361
41974
66530
54311
54527
63621
60169
52924
47784
38870
43958
66389
49784
62481
69504
62722
66515
42334
62212
57016
39782
44290
68733
44954
50781
62411
65686
40054
48598
67503
47484
60051
59030
56496
46134
55210
43259
70915
47161
49970
66866
70768
44343
64736
47018
58108
66361
56431
65993
41670
57581
67229
60125
40239
68673
66422
68949
43837
49456
68052
50225
64834
60124
42023
52407
67000
62174
70258
45160
68464
39642
69014
68402
42732
70742
53203
66023
44809
51916
67212
64750
55520
70653
69962
64313
69359
47753
45572
70006
50036
38589
70302
59786
49690
43436
50095
54843
50391
61057
39047
53036
53269
54803
66673
59663
39440
41146
56629
40470
65919
68194
42721
64170
55158
64733
52425
66144
65675
48254
60365
57641
45368
49891
70106
48329
51584
48146
71348
47754
70613
55752
61938
68913
60218
61709
45642
40753
68773
71180
64014
44319
38823
43554
42231
58470
66126
69685
64290
55868
66635
64327
71000
61140
48464
68426
54930
61653
39612
44086
40636
70924
49274
60250
39610
71261
63782
46831
54697
70144
61810
48115
61287
62442
49865
54837
40021
67464
69938
50860
53851
65715
49270
41996
50989
69857
66693
47515
41933
56472
53526
51265
69970
58665
60558
56799
66279
47770
43555
46818
57622
68068
69441
56856
64071
56159
59436
65218
56451
71034
69608
40170
64638
38831
61270
42999
52693
65974
63391
39806
45204
64249
39893
41563
55291
69193
69080
61441
69250
60879
49783
50190
64282
45893
65752
52259
52150
61542
65818
55282
59658
41890
56888
70552
38802
58647
57137
48174
43479
57277
56166
66202
42990
60128
48707
69803
69697
55252
60961
58470
71058
51172
39531
62874
65084
40587
46336
55739
67772
58343
39641
55788
63857
43882
45036
44894
46496
53971
62032
55769
69563
44380
51361
50328
43235
61237
69542
44378
68523
60722
43825
65974
58399
66753
40519
42671
63749
49182
61057
56968
51810
68298
54962
49370
63808
68153
68810
63715
56495
61130
40699
48673
59402
53501
44058
47903
50811
61153
64327
54928
53185
56779
46800
70298
47665
66637
52819
63092
44539
61542
50211
46643
40367
56823
59885
68833
67584
65910
53404
64720
67271
60134
61305
59949
53067
70919
50839
50136
67519
62666
65646
44659
71180
40199
54982
58810
52177
51826
48855
51218
70568
60364
41134
49252
66476
64086
40402
66091
63800
46731
43816
52172
41457
40206
66068
41767
71174
42978
44257
49259
59318
45017
45667
39726
52243
66127
42202
52669
49414
65303
38938
49840
54420
53942
49897
57538
61791
41167
53161
43232
54384
45791
41015
64128
69683
65323
67858
62004
49347
39926
51136
71295
54632
62198
47213
50919
70495
51465
69334
41291
46553
60965
71269
53623
53061
43405
48541
65270
53202
46667
61625
52519
54576
58330
67472
41364
42903
44835
51900
42110
67595
59307
54267
44989
46046
46346
52693
40903
49526
69791
54912
47886
47697
67458
68096
41871
71237
55482
63378
67239
64525
50096
67147
65321
60161
39652
68861
56751
45605
61151
41306
52013
55397
58729
57948
63948
55839
69883
49636
55285
57314
56439
70049
63915
53878
57111
55091
44063
61468
44195
43920
59262
50966
62952
43431
70414
47466
68965
45124
53113
60900
42055
64308
47977
53850
54168
55209
58964
70451
50611
63456
58778
44074
70651
43520
49101
63056
44236
63046
41551
55120
54706
59487
70947
62967
40409
67605
41213
71668
54469
50478
39835
68828
55619
55953
69208
51825
54432
60587
60159
40483
46616
59153
66269
71639
66193
56679
62490
70120
52362
62336
65865
64107
59470
69830
67389
49592
45165
58077
66846
70182
61036
62339
60093
46357
48060
54715
41253
51506
61161
44586
65907
44534
59668
39617
44519
51312
55203
48540
65850
66885
48695
61226
67634
48117
56542
56207
47477
55135
50827
69446
57243
59272
48067
46859
59782
65688
40344
71416
70902
68389
68827
64750
42840
59828
67982
45622
43231
71549
42648
45160
54742
42095
42428
40332
47669
45684
69580
54144
43890
55286
40218
63130
70809
68514
66096
57229
51359
64876
62657
56465
52980
65747
64735
69054
56919
60518
58989
57529
63982
70279
59096
61331
58518
46959
51970
50926
56952
43122
49535
55138
57565
55428
70916
71199
52291
42493
60188
69843
48303
44441
56093
63694
63558
52931
61787
59748
44055
50451
62107
60818
60220
64277
62411
67813
42017
64076
39408
51096
65571
40054
71263
39420
57693
57874
45872
65309
62142
70176
66544
49827
65119
67368
69270
53750
65044
52605
65720
60582
39490
63171
50431
46089
68336
50863
68825
56870
69408
40206
41581
69585
61023
49417
71380
41496
47259
61863
41094
55006
47157
57235
48658
49350
51799
62496
61715
57939
70024
67978
42335
51277
46717
63615
71809
41830
43826
40669
54634
42269
42042
50110
71779
41955
48212
64690
44870
51836
63038
63563
43502
54953
69838
53727
61164
43780
57662
53897
67707
47147
42952
50033
48567
65824
70258
46413
52233
48880
57900
57640
54502
59283
58904
67170
54201
39956
49449
59897
45085
49650
44527
56070
49232
52165
46257
57483
53220
62756
67517
62571
65208
62919
63996
61370
68647
61417
50121
68663
57983
40432
68099
40727
63157
66384
56161
61701
53335
42157
71686
55142
52673
68416
63318
62177
63636
71547
40967
46879
65124
59120
67195
40911
41393
53615
66893
46830
46873
49518
58410
53317
66251
60334
49378
40499
68159
43548
69310
66476
44581
65014
40981
51074
41115
64814
60954
68835
68514
44819
70392
46372
64467
39982
43553
69308
58190
71018
68322
62868
51444
63097
69948
51326
63446
59250
59631
55298
49900
57791
69335
45665
45323
64566
64635
61652
42257
49798
45540
59925
54883
39893
70059
60960
44441
66727
50006
61243
55671
40962
69605
48180
45087
58320
60583
45034
45190
58500
43090
64014
47141
66560
61011
58667
49393
67510
70755
48612
48012
55822
58971
49022
55741
64264
58441
43422
56606
58403
42691
58195
48660
58237
56699
53078
48900
45627
39956
46481
49092
51755
59700
58847
58704
48808
50139
63507
59839
40127
70387
52539
43125
71312
45864
46630
47769
65014
71417
58147
47050
53866
44303
65804
61197
58916
65742
42883
44042
56964
51499
64636
56441
70577
55741
45308
43479
70528
43542
47903
56157
52119
59219
61792
70706
40658
50162
60181
49632
59877
63972
51769
52997
47939
45795
53870
61003
49727
51974
61762
70041
47473
41363
39858
57739
53340
60436
42221
51488
55373
49069
62042
59827
47238
50348
45275
68397
60828
51298
61268
56440
71710
41266
49767
71735
56951
71911
54658
57780
42518
53578
68892
60953
59340
55029
40507
52708
41845
54882
48954
60053
46810
42823
54729
68777
39894
41510
50741
64972
53688
62495
51178
39755
62953
58634
58166
60616
53199
50114
64591
70449
54256
60611
69528
41971
57947
40696
66336
50282
50244
70350
45419
72092
44270
67469
70006
57384
49614
47848
40949
49273
60909
65235
60895
45887
66702
57748
63532
68128
63249
39965
44254
61610
41495
47769
49470
63885
62951
45893
48488
68615
65040
57217
57609
50591
68688
68391
50536
42006
68277
69147
57507
68507
47362
42019
52795
64830
55636
63225
65747
70055
69637
69279
49461
68616
64209
39923
40598
72016
49975
53635
46107
69538
45090
48802
59292
49669
64201
57532
66983
48221
60116
57062
57032
64410
64960
41913
51719
63023
40324
51553
45235
67781
43637
68593
67422
39729
56423
46585
55337
70052
48917
47963
49730
56866
52675
63066
70314
50742
61985
47860
55868
45283
60019
46194
42219
69853
56047
49469
46667
48890
69222
49395
61267
55523
43559
67770
49505
63503
55585
61909
53886
54514
45639
46709
46819
43633
56889
69841
58301
60826
49184
53368
48942
44434
42457
55782
61844
45006
50007
50262
56333
40070
64834
68056
55355
53095
50916
64931
42308
41097
71494
64684
42525
47520
47510
68728
54537
52086
64716
56366
69724
47001
67214
56304
42117
66128
52560
56939
46923
41172
64959
63661
63575
63421
53088
70711
47859
40379
68724
59220
56593
46726
53536
51113
40847
64024
50634
68364
54201
48153
55494
60058
66064
67483
47922
39939
61002
41735
42270
70953
40089
69719
42225
44522
48176
56710
65031
70713
72452
55621
55967
50804
67279
65520
54517
67569
48987
46272
39851
66523
56829
72514
46445
70204
54879
42248
42965
54106
62595
42910
66956
70983
64517
69311
42931
47028
52385
65225
71297
66054
45044
64367
58669
40876
46215
59054
66830
46767
47625
60418
54273
52362
70364
43993
59915
60733
57044
47944
59967
51357
66363
52221
56034
47598
58392
69749
51406
60851
49840
45167
47636
72133
58702
57760
46053
64419
60480
63656
55219
69897
63522
67141
56211
48836
66911
54470
57830
55748
41204
55747
62520
50803
55927
61452
42344
41541
71512
60895
40713
43920
43880
60254
40457
56223
55959
52543
41616
59138
43010
59334
55083
71719
71213
52720
62250
47151
48268
41202
40007
63994
54857
62433
68488
72580
44609
71603
63846
45429
68688
58214
70958
53491
67534
52351
68520
68539
58201
58294
57591
62064
54741
68080
41408
69938
58546
61805
44942
72307
45933
48963
44149
46086
60506
57611
51702
72313
42656
60122
65315
69285
60805
70003
59907
49539
52460
70842
57400
45634
67355
44652
62175
45718
55234
55566
59832
66898
59449
66339
63879
52025
55562
66210
47546
45585
66735
56487
40267
72186
57245
46441
62184
42238
72065
64620
45138
58601
58313
43256
68867
72539
65894
72393
45075
49179
66512
62216
62812
49582
55627
63866
69085
46121
69738
57848
65372
57923
62673
67103
51023
62638
59710
59208
42237
41896
41675
68794
52961
42701
43373
70175
71503
55087
49601
64053
50266
47016
41992
72134
40692
55151
42095
44762
64855
49898
45205
63531
52388
63171
50759
57561
56778
67902
51086
70751
63914
64970
53227
69318
65657
63190
61153
64793
71781
47589
60340
66072
44923
47589
63089
45872
54472
72636
59950
57771
44222
59685
66707
66597
66778
58810
46745
54335
51844
47697
62098
62615
59703
60044
72554
45815
54241
51372
63788
47820
48525
56230
54983
52186
50495
60281
44307
51503
71967
42942
65295
46165
54490
40065
52077
59596
40774
59727
46928
43959
52037
61072
54868
58326
65515
58648
46031
69044
44003
70648
65878
49186
51214
71834
69251
54499
44398
62733
60918
68009
66115
55453
60314
44353
66163
54951
47145
44298
42799
65451
60915
71339
61908
69795
53979
57861
56847
44179
64418
71527
48965
54370
46184
42497
68914
69864
53871
65180
58320
66376
54051
50824
47738
53120
60503
46805
71249
70974
61906
64454
48095
60150
46090
43138
41978
69425
48175
70413
47083
50216
67947
44151
71888
67985
45929
43347
63039
43193
71188
69227
47148
50899
60065
62898
65549
61839
61903
40826
50491
55791
70509
41959
69788
45399
71453
55460
72575
56547
55897
48852
54727
62204
42931
68940
71500
46894
70497
43775
65662
67636
65784
44473
52812
62549
46712
45329
42308
59380
41097
72089
71675
43618
44036
71767
60591
72950
55477
66169
58923
61536
59744
53572
70635
50234
54529
56910
60801
58592
56664
45037
48439
72578
61093
59887
40438
50295
44209
46731
69734
40916
53517
48024
60247
69694
48798
61437
43872
48124
61018
58729
58821
50256
72012
55876
58014
67336
50142
42981
41526
40528
69207
57605
53682
70346
61091
46195
62195
62433
46931
59402
48061
51802
69604
65505
61464
71979
49732
58817
48118
57489
65938
42204
53271
55133
69157
69051
50730
52878
56017
54905
69685
62245
71525
68399
63286
57909
50296
58031
60683
49978
46182
52085
46479
56491
40341
50394
43782
54995
41469
55435
41403
41180
61415
51258
44775
44077
57332
50067
54997
61942
46178
47730
58948
63240
56715
40787
64269
49643
59310
44554
65541
63274
62962
68276
40997
69618
61096
52461
62696
57051
48337
52035
62453
55046
51936
47851
57342
51560
72385
63411
49384
68709
40729
67640
42796
49569
47568
45657
48765
44563
66509
46059
62379
55387
49664
62382
45511
57685
43942
48768
64136
51950
58824
58577
56813
41270
55301
52311
70948
47543
48786
51715
50347
64774
73087
55347
43445
61079
63804
64809
46799
59093
63579
62908
58307
45938
53911
63565
46268
70140
45334
41981
48300
47282
58347
61469
40683
57749
69855
45031
54305
68546
49009
65131
46693
59134
58907
42699
71846
73107
56535
56491
60746
61531
55522
55524
49174
55578
54720
44664
67406
42768
69504
60363
69661
51663
62017
56336
68150
48715
41717
64769
63164
53808
66917
64723
65120
45432
58230
54377
62153
62012
72106
53704
65336
70346
60649
42699
52332
40441
60802
53271
72643
59833
68461
59474
73123
41966
49107
48016
67352
41343
61391
44814
43710
41897
60535
53539
71906
67482
46102
42355
68324
70715
55484
65894
73183
55885
45049
68825
41100
55991
45029
47891
63588
59166
73059
53242
57861
61623
61351
50566
69847
47449
68854
42359
61935
72407
50349
43843
71220
55436
43653
49747
67520
44855
46869
46190
69257
71434
53657
72822
43072
60413
42737
61778
46969
61544
61933
48427
44557
56785
71879
54491
46780
63490
50161
41890
41495
54879
53777
57115
72350
55159
52555
46959
58405
62169
50622
55241
43644
56617
46417
51978
41806
45683
53423
71869
67402
72382
59792
44621
42625
72933
50747
59509
72719
70562
70216
53497
58622
63724
52395
58516
56935
64387
55022
62769
61146
70345
68030
64606
57088
66771
62121
61949
42367
70336
40742
64316
43550
48969
71894
67016
50218
58266
63241
41790
63512
67168
43396
47331
47211
43300
57474
55188
44505
65495
46584
53248
51881
50862
64541
55060
44383
43568
54570
52919
71323
62861
63582
67256
63039
64305
51270
68100
54224
60313
73275
52253
71199
69221
61228
51911
60968
70063
44446
63493
59706
58268
68848
65603
61016
51760
68068
49365
43744
44391
56411
66208
45674
51073
46688
52503
54771
44957
62568
58730
63035
62089
41688
52729
54635
44505
64712
55823
44027
57654
51207
43469
66771
59897
45663
41572
42160
56569
70682
46728
65738
45728
48068
70433
67764
63813
42803
66627
51075
65973
52677
42592
41010
47635
57321
47036
43333
43747
40929
73250
60333
51809
47046
62678
67820
72215
45260
46794
68729
49838
61383
55572
60518
41477
56046
59808
64832
65408
68831
67106
56631
55971
47332
48975
72318
67551
42101
48205
71925
69547
55806
45672
64262
66519
63714
66822
70092
48925
50879
41437
71803
49914
58868
60771
48892
42940
54624
54150
51159
53979
73069
53406
48470
59276
52813
67232
66024
42388
45956
45716
49091
43610
57511
71241
64461
51265
64355
43591
53181
59444
59072
44037
69501
43395
45991
56412
56787
46061
64163
66108
62529
61438
66276
66974
41514
72091
55945
46777
50997
57563
50207
71033
52471
68888
73060
44333
58316
54854
41809
55424
67333
59524
46936
65962
68681
50673
68075
45799
49717
64193
52797
68392
57926
55184
56140
60169
55801
42485
56863
60932
44848
68443
65868
66532
66520
69132
44478
48764
64713
61583
51381
42904
69613
55092
70414
45876
64933
60397
69061
41452
63848
62559
67512
59316
50606
69177
47278
60105
50956
67013
69015
44776
53920
64189
68118
49341
48047
51039
58172
62878
58509
56771
46999
54137
54973
69485
67691
46347
42586
62239
55359
65107
42165
56560
70299
62791
42560
72866
41233
70341
57259
63025
53626
57292
73292
67752
61826
45804
57284
71480
50023
57851
68832
59531
45053
48138
56253
45142
55798
57239
73008
46894
63072
49413
63844
46236
69231
62793
57285
69491
69245
70885
44573
63585
50767
51994
54013
70341
48794
58713
61279
40896
67525
63228
48009
57231
58865
58675
45877
72984
65079
61249
52462
71618
59696
67304
49341
49034
52923
68897
41477
63316
61178
50961
53420
53630
48286
73529
66939
64187
60517
67309
64968
50975
73184
68615
68178
71030
65914
63196
66924
64730
73654
66671
62558
63621
42424
69861
55304
67043
56071
50745
61640
59627
42129
41777
63902
68272
47344
61073
73358
42547
59883
60046
45638
46972
42816
56453
59137
57577
73377
48365
69291
47813
72956
41867
42566
49436
70911
50148
45196
54222
61148
69112
41942
64739
66889
50989
61244
61726
62411
44938
56062
65237
72245
67365
51235
57088
63851
67551
70495
72847
52588
42830
73530
67073
67728
46331
51567
56626
70670
43214
53138
47476
63936
46534
59126
53218
56107
62701
68558
71153
55738
48268
52114
62024
54346
63387
69285
61394
73195
70011
42292
42769
70117
51688
72545
53685
43258
66857
71841
48237
62443
60553
52834
68349
73534
62219
47602
66193
58429
70234
48540
52816
68418
54271
54548
62005
58162
64214
59669
57370
53832
57539
67144
58134
58388
56481
64360
54537
63683
50299
41636
53877
63904
57343
55876
57488
46811
57135
61584
47511
53897
43354
67309
45924
56557
71755
45130
62531
67062
62400
52922
59906
67592
49438
62562
46919
45056
47970
52118
68390
42610
67419
51775
71411
56884
63511
46208
71253
52257
63387
45721
73116
52247
59350
65035
41557
55106
69592
59901
61979
61341
59712
51934
68528
58549
57843
65868
69196
54705
58900
44084
45876
70799
50736
50747
66959
52912
52664
45661
52341
73367
73141
64468
56138
60142
73655
52540
48202
46793
42254
58100
59748
50991
67133
64711
67404
49623
54956
70348
54988
43311
65693
53642
53339
55714
56673
41312
73200
60443
73164
48421
59160
41413
71398
72715
41799
48406
50915
45769
58987
60427
42582
53241
56263
42933
72097
71614
58111
44276
71344
58027
66415
62083
53991
66528
43457
49204
68952
47734
58303
52093
51514
53790
69221
64820
68758
46852
43579
50327
63300
65786
51682
72591
50710
47570
52972
73782
71251
58123
59633
59286
64871
65201
68318
60852
51416
73598
51857
50893
64124
50245
56995
62943
54506
66193
44677
68715
68654
50313
43215
63353
61121
73238
54228
73182
72376
64840
52346
46010
70459
47606
42825
59204
51769
51365
59329
51914
62042
70827
66033
73715
44341
50581
72261
59464
59844
62405
63392
57074
67348
69728
56234
49093
69441
66663
46444
65406
73378
52003
57882
55625
52033
68551
61487
54663
73870
63057
71871
44493
66388
59313
58121
45616
70123
71981
42573
70592
54448
57092
56797
47186
53938
47697
66421
64387
57006
49715
58319
65785
45118
43051
41331
64492
73037
56261
55757
69605
67534
70011
73857
44742
54189
45270
50435
71691
63750
60886
71266
56655
67222
70036
72036
69650
43119
46630
58584
64697
67311
63939
71720
71382
70130
60711
73774
64170
68679
49465
48712
42985
60257
63468
66991
55740
57167
72803
49924
73740
71407
50776
66092
73214
70750
60606
42590
70074
42418
52133
51322
67953
54764
57695
53149
59806
59944
50913
63474
43148
48919
59243
48075
58136
72367
56172
54000
44728
50721
60064
48182
52412
66572
63867
66900
41684
46832
58826
50419
72915
52197
71320
64260
56242
48525
49998
52054
54744
49991
46623
50792
52376
65701
69027
46204
47868
51489
49602
71404
41409
52235
61396
54209
54434
48326
45574
49026
44250
52020
67072
63818
50404
65647
67269
52509
74117
54202
64986
69756
60428
68535
69546
44343
41433
49114
67369
52867
56604
69149
66744
58444
72415
55541
70729
61645
41543
74117
61123
54365
61718
53778
60072
68492
53621
68792
57333
70510
64753
53851
66377
59447
61635
71136
64586
53768
55124
69532
47940
62473
43776
58636
53780
53688
63002
63687
54341
48769
54321
63154
66168
60302
71826
61555
50441
67552
48654
73256
47599
42655
66558
71512
55780
57262
56452
71721
63687
56963
69651
42708
42302
54070
47665
44375
43935
63959
66427
56170
49169
44037
48362
58547
70638
45244
49238
61245
55916
48751
47672
50727
65661
58199
49332
42137
72691
51210
56279
44284
54760
65615
58141
57451
54365
56881
54326
43620
59169
64338
67337
54468
64501
60546
58106
63474
73197
54160
63848
47962
66585
50016
43386
64029
62309
43582
45340
73734
63422
46706
53060
53953
47222
59669
56186
47943
60394
52003
63127
66461
44642
63697
47309
56510
49208
63264
65767
73942
61245
67506
51410
58800
44888
61148
41821
70514
42608
57342
51005
54152
44940
66575
52052
60382
71993
52860
63539
55890
41773
70707
53981
50281
65321
71930
50381
69440
55588
67334
66875
46022
43685
66761
42908
41769
56689
56587
62312
53134
65894
60732
59679
44293
72103
52745
71822
48828
50425
59949
44111
66675
50541
63370
52879
56367
43840
67192
51987
44083
42751
72541
70269
59692
50926
67198
66252
52396
41899
60948
71971
53209
49167
48803
61643
48743
73813
62855
45946
62915
56446
63951
57046
42129
45555
63311
66357
73305
55405
61425
57255
71549
73234
63308
65334
56687
69345
52344
47980
57120
43855
50720
51222
72124
62002
50392
44104
48532
49631
73649
52385
73564
54415
48907
60112
51606
56328
55723
48727
49742
65657
67598
68239
55560
50853
74236
54765
69879
74051
72288
42627
64367
45477
52566
59338
71325
64409
62598
56734
66678
69773
46513
51338
44525
62966
65417
73542
42601
51954
43206
65918
58230
61739
66934
51157
72890
48383
59028
54570
59436
61663
47069
68890
59008
67573
45023
70598
70629
70666
50771
47830
69875
45734
58540
49086
63455
56697
66800
48959
70130
72185
45767
66097
65849
52301
74450
67457
45693
45418
54333
61302
43893
50300
61592
44088
67899
70535
56802
72594
49917
51022
46823
60919
66805
57972
73165
65219
47003
64481
72937
65988
67353
63591
68055
43513
65279
67493
73417
44441
69176
59436
48671
52055
67389
46817
70712
46309
61576
52643
68488
66231
47436
62765
50923
70921
42595
60989
71225
67107
68487
71158
71963
70108
42182
43394
66589
71261
42032
60669
48132
70183
51155
47502
47969
50008
68585
46807
63078
52265
52559
50064
45305
65724
61497
53614
64263
49685
57125
47178
50971
68198
62989
50303
53039
69263
44513
66708
48066
71909
72756
72219
49450
65842
72502
70104
42796
58878
44514
67366
61130
68365
62584
71319
68188
65833
50478
58331
56290
64290
48418
46819
60825
62482
56724
62533
71884
68325
67922
62691
69357
46873
63091
65736
63716
47811
59464
61778
73895
62931
50576
48790
55563
65176
57067
64512
71642
74631
63890
67642
63013
47672
62020
62543
68315
57265
68740
58897
54171
69095
49665
63928
73671
43650
42582
59083
45530
62177
45811
60484
68347
59742
69467
51183
70866
42963
43409
48403
73114
47965
45772
61012
55927
60767
54386
69336
58378
73162
45380
44713
57667
70300
67286
42586
54391
57511
66371
58862
48819
53652
74526
43765
68943
60199
43948
57848
67014
64453
70992
46871
74693
53299
64070
72177
73089
63136
56724
47300
66126
45798
56894
46805
42862
67597
43706
74259
55078
64272
51363
60407
62999
62180
66738
59822
70348
55735
73449
73594
70544
58230
67345
56150
63106
73105
48487
58073
55275
44034
43923
47196
45774
55180
68057
47967
69569
53568
42131
43049
71164
53062
71135
47791
45744
59098
51093
63671
51866
51093
53628
59197
43479
48110
67517
44822
42490
70400
52631
62675
42588
55182
65621
59368
67251
63556
69245
52494
67558
50495
69451
67557
49952
59088
61021
59358
54052
45437
65456
48216
42976
64329
69579
62473
47172
54838
50234
52128
67156
54279
57406
53160
43388
46922
49603
46512
54052
46486
43666
53417
65925
44818
43464
42127
54459
65334
47495
56652
47643
51926
58603
44249
57798
61276
68160
54438
45694
63317
68978
56892
44985
47151
69316
50977
67060
64832
63941
74747
45386
58379
65665
65273
62021
52671
55028
62831
66804
68097
49860
55488
52798
73451
54063
54913
62325
53845
54593
60379
69679
55379
55371
43057
65105
51966
54930
66307
58476
53112
54852
51475
65101
68650
71344
58566
54223
54352
73141
67020
53748
44216
47483
60419
64052
69062
51810
55705
72725
67260
59704
61554
52476
42552
48559
65225
70211
52223
71950
65305
61835
51192
43302
53054
56148
60028
55176
58071
74699
59853
43253
62704
64994
49379
45334
64734
44198
60271
61037
60009
57038
74522
74380
60721
59535
66061
64133
52042
53176
44727
72609
68394
56826
62666
59477
62661
44423
61319
70001
44534
58336
43324
51099
63009
69351
54283
73980
50455
55356
65516
67385
53561
66246
61941
49573
49377
59024
65754
61365
68349
57047
72368
67508
51965
56929
55286
44471
68592
73232
49109
63188
52969
72118
74151
60559
53416
53035
42935
58517
53878
62365
67399
65709
59985
70440
61912
60139
73289
52902
43941
74278
53034
43977
60273
60077
46683
43879
59266
46902
64262
72212
46062
73239
74361
52982
54805
44729
57293
52437
45423
47945
67269
63858
45448
60080
42488
57114
54600
42694
68659
44154
65400
47810
48409
59061
45186
46582
71948
65972
68984
59065
48209
53950
55384
65956
55662
69960
48527
51457
70359
55822
72379
51328
71626
59490
74421
63788
67704
63940
66255
57758
58725
69556
60762
67184
69137
66500
44396
48885
70360
74225
42976
49703
56855
48435
60829
65505
63632
62035
49948
72271
60688
68861
49444
70562
69455
49942
62168
66568
43543
47695
70900
60379
55464
68603
55892
63000
69468
47902
55734
48916
71559
53446
67776
62314
66209
70302
59461
56120
55463
67520
50628
42379
67006
49099
46641
67607
51994
69685
44536
67372
46878
48099
55872
63973
59588
47351
73580
73379
74304
67818
57576
54201
61152
55002
63010
51305
57399
53285
61654
47632
42618
60214
71823
70045
67626
69791
49003
62791
64755
55912
54302
74368
61397
56743
54585
74788
60545
45649
68013
47351
48134
44368
74378
65102
46252
65750
43533
45836
49440
46832
58330
42704
58066
47710
66182
43373
45980
57762
54872
69275
43684
45143
55633
72172
43139
49860
48233
59137
69287
71601
55836
74237
58869
44153
45605
74810
55475
73569
53898
51515
66470
52264
53720
69602
57975
71392
48816
56291
56156
55548
43138
60281
44532
74921
75161
54616
51570
53858
64088
74466
52733
68798
50627
55965
48471
52877
55105
69349
73405
67364
70047
50398
72207
55541
65369
51117
52785
42595
64533
48104
59057
57556
71537
67402
46250
52743
70910
57516
52968
47016
44428
72752
64844
47393
62889
67520
62322
73652
68964
60343
73362
69830
64855
66525
68260
60030
58596
66713
74440
70287
56766
65634
53476
42834
47275
49527
49295
50968
63369
60368
51502
57790
43151
64340
50012
51330
67286
62028
52624
61460
66584
52248
50169
71921
73655
67616
61357
53740
44801
57614
45315
67853
64178
66619
43325
73375
54714
56678
42859
44677
69953
51884
56460
66509
61929
52404
72437
60040
68179
67371
74999
54232
73444
75120
52924
65610
63177
63376
63346
74854
48696
56180
73131
48005
56825
50777
70404
64739
60454
66177
70405
42741
72239
62760
49481
70909
50208
65722
53983
53979
66855
55107
59119
74534
62801
53543
53921
43899
62612
72723
58426
47893
42770
54835
57737
57246
67228
59814
50561
48197
44405
48175
65831
55057
48729
67373
50095
53365
69054
60365
69089
47396
61530
71550
70850
64038
53989
68773
46961
66348
65312
58258
68687
45857
45590
71603
51554
44801
59298
46344
68604
72430
65329
63959
50071
59777
73161
49313
50180
46430
61771
50772
49861
55563
47349
73922
50103
47362
46890
63826
47348
62468
61558
57334
55799
60849
56269
51805
62977
59222
59411
70505
50620
72454
64226
69347
65566
68844
52359
66926
46737
67295
50509
44217
48209
62007
49151
61433
72981
66527
54696
72855
59121
61100
71325
50981
52091
69613
54461
64663
56365
51780
58104
70576
58890
66228
60942
45754
45188
62458
53913
56698
74654
52257
70734
73571
72014
51281
55936
75274
56869
49896
71141
57306
75057
59339
45981
62217
62243
66303
65904
73930
50349
73075
42840
59589
62510
56352
55871
65732
74385
54612
44041
62639
42866
53323
72917
66234
52355
74496
53632
67549
55343
74306
70507
69765
43901
55306
64895
57737
63286
62476
64110
68959
52298
43660
63547
59792
68464
62835
62716
63593
63501
60322
51423
72435
62039
74374
53611
73510
72890
52717
57864
65114
61563
70168
73154
57342
66971
48145
73290
46220
70142
54335
68669
64700
58316
48951
68777
69881
56088
57557
42958
64785
75455
62860
68897
50224
51347
71162
55447
73999
74937
71871
48415
71273
73808
50832
47216
58287
70483
70791
46086
45564
70081
55485
46951
68939
53243
44315
69547
65000
75373
62573
69691
54820
63600
46520
53465
67661
66159
49614
68833
71901
54089
55071
67534
65778
62711
47058
72447
70910
67695
58901
53436
50112
55496
64177
45172
49523
43422
51681
73800
62277
50360
51812
65486
44810
68328
62161
57358
74546
68659
65835
64721
64248
60210
57525
56092
70365
69560
74247
45303
53589
60598
47458
64114
63424
56667
63297
57322
65435
56703
61232
53641
55288
74049
49377
64524
71467
53231
63357
64201
62663
58919
62264
60144
73673
66364
69928
50193
50450
75227
66903
72158
55835
72687
72471
43827
65508
43457
53141
57939
70189
44132
64177
43637
46825
47952
64013
48767
66032
68941
70244
54545
65780
74899
64286
52677
50102
67119
51233
50101
46201
65704
75241
43326
54455
50659
72667
53508
45588
56388
51414
67638
75664
43798
52748
75284
48896
75309
56336
46254
50879
56521
71215
71406
61345
61374
49156
53208
67368
45778
59719
53009
74235
64871
68582
59038
51859
61018
53335
52719
67640
75562
60460
54812
53804
49757
52968
45934
49958
67871
69905
65569
73985
44077
55686
56424
68790
66545
44307
53170
61064
72686
56387
53036
62078
68959
66421
68999
43286
60699
53554
63483
73784
53436
67262
66700
67689
44800
59117
46476
47681
73584
67384
63073
45087
48447
46864
46472
51227
45428
61811
57306
57916
43084
68796
73998
44780
46553
72895
68992
49576
60912
47893
71984
48124
45890
43445
65550
74927
65993
66500
66421
48955
47206
61615
73973
63359
75208
68982
75349
46520
56463
65611
50904
44718
70321
59995
71104
66603
69661
44012
68113
51633
61599
44712
61335
49516
48388
43576
59690
58726
73598
71445
59441
69882
46922
50075
48485
56971
53135
48992
75480
68982
64906
69827
65333
66628
59880
59592
62025
49957
51571
51491
56002
55962
51441
53394
44343
47729
61513
74096
70761
60662
49384
71304
74441
70248
70499
47655
48442
45226
63582
45941
74519
43835
73900
73220
46968
63336
69816
65450
61361
57536
74531
53388
68380
61897
73390
51580
63513
54513
58203
60549
68178
49607
62159
64451
58948
51819
55291
53880
50683
73027
45563
54365
64284
69360
58942
59190
53801
65665
48616
43689
47873
62950
62068
57936
55974
61607
60830
50701
59971
58070
49280
44190
67438
52802
71163
50289
55722
58349
74840
52921
45360
47040
57903
69825
66287
56446
66184
61312
58833
64503
64577
59759
62784
49022
73904
58007
48361
72860
66952
63214
70079
55814
50689
50915
64579
57549
57139
62008
71683
44501
43971
46352
68705
63368
49858
56137
66198
56267
48594
65035
48375
43569
43659
49057
45942
73327
43805
63880
55659
73489
68150
69830
61589
54379
50726
58493
68955
43985
55105
68288
45144
72459
46468
53157
71959
47107
57724
43676
46619
63681
62564
73215
54819
44953
64398
46314
65196
71587
74500
70476
68534
66924
62318
52286
64715
69611
75574
62100
70462
50615
56043
71602
75185
49783
72931
44194
52441
47257
73765
63843
52614
49991
71301
73347
58333
70806
62993
54512
54248
54273
44460
57355
58194
49431
68857
58878
73835
61040
58235
74319
72306
76005
72442
75446
61204
57088
53544
73260
53552
72882
46212
50757
60637
61252
75903
70335
52398
50576
62685
44891
74805
73841
66655
54251
74693
75640
63135
73389
47484
62945
67899
59607
58241
46021
72757
51571
63371
53137
54682
47725
66467
60342
75874
70635
44074
54434
49816
53724
43805
70384
75451
55252
54424
60891
62563
75543
50329
61945
74791
47860
72199
53286
47807
65364
58099
75965
46950
71058
73245
71439
49538
56205
62906
69901
55687
59644
71540
61256
69913
63234
52659
45340
69233
58883
48667
53543
57089
54709
61782
48640
56667
66426
67603
52006
44623
58093
49486
44599
72019
74938
46546
56419
49193
73652
60669
56351
63931
53281
44740
57118
54346
57688
46838
47229
66247
62863
44485
66366
47489
73710
67970
68855
48641
50408
48552
55499
44594
54474
56092
52890
49862
70804
66995
60021
69844
59657
58101
65621
69318
55298
58913
59404
57458
46087
73073
75131
44679
75296
58526
57606
68907
68073
73895
50245
46562
53221
59599
69372
71858
55828
49380
63566
67717
67272
51399
45101
67278
56756
66857
70933
62063
70470
75155
61946
73179
54839
60329
55423
69751
72544
71599
60264
63303
56271
65100
44370
67782
63770
43918
75681
57365
48115
46895
64955
70488
73981
44567
49268
67934
59358
46369
71112
53888
71830
51490
67792
67787
62223
49192
71151
64353
64756
61439
51021
76060
74183
73210
62854
52853
71982
72687
65699
68260
67470
46724
70985
57353
68827
55465
53808
70603
46511
67686
57815
45247
66201
73943
56438
45451
63927
60789
67125
71179
63111
68246
48539
59379
44026
44856
44617
62134
68810
50170
72680
45735
69134
60267
55648
48990
63500
57223
49226
46430
47438
51327
48297
58101
61432
61625
49364
48227
73048
64024
46519
56126
47039
63613
47931
68884
69263
71054
52483
46419
46230
74166
73561
67174
58522
46700
51304
54817
70709
52665
68011
69983
76004
62196
52645
70377
66394
61649
44499
57754
54554
73882
70879
72129
62532
48827
53526
67015
74159
59524
43804
76306
62777
75563
54494
51240
58459
44048
50377
72984
71425
74309
53562
57110
65176
47438
73781
48741
58216
52517
48985
60794
56356
53122
63507
62558
58303
54872
46099
54100
65922
62371
67068
47292
46940
47713
76384
52791
76409
70878
70891
57612
47637
53301
56798
59850
63635
65812
74687
46895
47817
75199
46415
49225
45471
76120
71613
57819
49624
44125
48409
68354
69167
46706
65291
72984
59302
46433
45509
66265
71707
60767
58166
49860
47900
48785
72321
69828
71932
58318
43949
74512
47142
69287
62366
52816
71858
66724
69700
44289
52790
74193
59666
54810
60383
58489
72626
59120
63168
58930
73975
58455
53865
58905
48659
46858
56252
51295
71178
51021
75260
44805
61286
64464
69159
69603
66093
73687
71814
60399
57872
62616
52354
68540
55525
61924
66233
58689
50519
64010
55633
69340
53724
66809
49804
58263
71656
67236
57757
48297
66401
70827
76219
58432
68178
69431
62323
75133
68835
53541
64578
73152
61833
43880
66659
45863
53626
44968
65254
54353
51556
69167
67586
58728
49758
68358
71084
65118
50975
52827
71272
56950
47469
70694
62048
47367
64473
65293
74419
49021
58282
70276
54031
68768
67351
71736
49538
54553
48057
62638
53389
65841
55615
44839
65403
70621
70756
45256
48368
66296
67102
65271
51141
58575
45848
62728
70163
71394
75619
49433
55950
49641
64105
75834
61461
57110
53026
54738
54151
74394
74890
47678
43991
61290
68178
48314
49251
47171
69077
50309
60801
61931
62287
56640
51035
64187
69449
64151
57086
72538
54360
73508
56749
66763
59655
60048
60027
61354
55826
54012
69145
49330
48341
69023
67820
54915
54787
60080
53090
58530
71835
75910
73863
65474
69912
66046
60115
48962
69865
64541
62278
71670
44576
46838
62136
54314
60270
50638
73066
52452
72783
53887
51424
51306
55682
69658
74739
74244
72124
49360
46370
73475
49821
54035
70441
70914
50659
55800
68565
50540
73438
58592
44310
70207
50212
64087
58454
61455
57733
47676
75785
47437
60993
60195
57221
50889
62329
63223
64788
61814
71396
72420
65096
57709
48579
52851
50831
52789
56343
75255
67591
70722
50193
46121
44692
50107
68042
44815
65839
68737
53044
56354
60801
76652
68689
67503
45488
48344
75682
68478
55417
71776
62179
75954
47999
72169
57333
47344
65506
64483
66076
64195
49428
75467
44906
64831
56808
72180
54907
61157
72684
53640
56419
54215
70905
52681
71397
59117
74504
73629
46822
76534
48711
73290
46880
60930
65901
76414
74523
50384
51274
74386
51801
49444
72866
60431
46033
59244
58683
46706
58784
75682
68405
56108
54522
56692
67994
65261
70246
72611
72502
55330
67115
50857
64169
48829
53509
49822
59578
59700
75037
47196
60654
64204
76600
46562
66650
50967
51247
44534
45749
61115
54943
72463
76209
47478
76001
51569
64139
53599
59197
68762
67041
50031
73306
58333
73157
59711
70137
53837
69135
73747
75747
60892
65271
61720
65312
59844
58851
69354
67434
73766
63613
52313
44258
57073
54793
61549
60417
64518
56054
68520
57808
62618
53938
45706
44124
72667
64451
49499
44900
72918
70164
68900
69974
54168
54156
75263
66682
49555
45797
69264
45164
74052
44220
68820
53199
56595
62180
63513
54848
60795
57856
75854
45705
57962
62801
60029
65815
72683
44236
73366
49839
62978
72048
57966
60252
60375
66518
60935
56748
62999
57610
66834
75291
75928
67993
74162
68304
54076
59115
48259
50055
76311
68307
54747
60879
47316
58725
74832
70005
75092
68872
68730
51520
66969
52428
50682
58334
52451
60669
53690
69919
70680
59896
75127
61281
49513
68925
45181
68940
54067
72902
73138
46015
53795
70807
63190
68617
44702
73367
68873
63069
68960
48286
51854
74880
51043
55503
53710
52421
73986
45096
69024
67899
64606
52055
71367
46885
68353
63951
70332
60074
49857
66332
61359
51918
72167
66163
74184
59809
52881
73870
50610
60598
48469
73655
52314
72151
68391
60962
70644
72695
75389
45695
70208
70760
58289
67280
62475
52303
47270
54648
54776
72276
56238
68757
64128
53406
51627
72592
74040
50942
63349
61171
58194
54634
45692
56954
47463
53934
62639
49516
69236
60254
44956
73003
66594
58639
53976
74250
52298
74182
70049
60000
48056
63409
76738
45019
64047
45333
48567
60182
62382
51336
56338
69997
61170
46432
65053
58640
60732
56427
64449
68438
46932
63713
74406
56660
48078
70038
75420
75439
74380
52852
61754
50862
47492
49705
70852
59283
73411
64541
58962
49196
52146
63143
66351
70565
58777
46464
50560
58272
63329
75896
60454
67719
63646
75367
63973
74785
50637
70759
69573
74340
60889
68928
50872
48267
63717
72996
52350
45672
68677
58781
51142
44538
69581
48579
51094
66882
47183
74418
49644
52819
72543
68667
58790
63913
45145
63962
50079
59067
58022
52200
70427
75475
71994
48402
71013
57886
55137
69642
56502
70399
55996
50556
64089
68521
55942
60996
55309
63981
52252
60894
49323
56656
53437
49438
56328
74593
45198
72993
74269
56906
67297
64131
67941
51620
66486
57554
62599
70032
59010
67139
74549
69635
71216
71588
76372
62561
64102
48274
46941
67918
64009
76780
74499
68801
49923
58504
71446
52825
48964
56868
52135
67573
56070
50847
73581
74879
65622
73577
69479
59656
60368
53048
53699
46106
48810
64508
71679
51017
61940
49430
48206
53004
69405
71108
56893
72907
53690
63456
45718
51001
71299
44747
68228
74980
48030
47780
54777
54539
54817
50109
75085
51887
57554
73295
60968
69100
51249
46700
71585
75658
63416
63542
70055
60112
52321
67663
64416
70040
69737
57488
73297
57001
58451
75006
48382
47680
47409
50425
66002
64752
49183
48311
67969
56492
62224
68337
53803
45091
72397
44764
70020
64588
63034
49755
46642
65601
59099
66675
71798
45904
50840
59391
73231
59727
51901
64165
54619
69937
71749
47112
52160
49623
60760
73023
74570
67880
66578
69767
76693
45412
70278
61748
66030
61621
68611
58350
64693
46856
67478
44825
58885
69146
61391
48021
51608
49110
57288
69032
55780
46814
53604
51768
45194
52584
65749
72766
60913
65099
76129
69239
64558
76889
65381
77149
63784
62448
68506
66901
68601
47820
52119
53546
76183
61983
48023
60602
68787
48868
77181
57327
58593
64624
69909
71153
65786
52554
70045
70810
63678
44604
76932
51243
72126
49066
75121
46909
72570
47395
64391
45818
57030
47926
50152
55180
48242
62343
68983
61654
75561
50978
45539
71522
74906
63246
47073
72091
57814
62246
76472
66877
59129
53028
68355
58633
77325
69119
48306
67261
74027
46967
71251
56643
50147
60397
62864
54057
68575
60025
64760
74065
76994
48439
57090
65002
56150
65505
55886
47006
52199
62627
52015
69901
61418
56106
63079
61563
46819
48639
61745
47045
54917
76307
51845
55450
56858
66715
55703
63719
71973
62237
54689
48019
66886
68043
72418
65901
57183
46097
49382
46691
68597
68458
58889
65268
57049
69751
54327
55784
67079
64082
58101
68158
72654
69664
47781
56678
74801
49381
56581
74160
63886
60829
71418
57605
60541
72072
49036
46037
72443
62661
59441
49232
49864
62754
57934
47577
70413
61747
48635
62647
49474
61857
75271
57870
58703
76997
48443
67598
57585
57461
57571
51819
54880
65054
62603
71437
61999
56595
72455
51976
68723
59173
65718
58318
58663
62324
72455
53412
65487
50053
65851
63570
57948
54932
49773
50975
47952
67371
56528
55548
45858
75507
47673
70656
60644
68811
54749
50964
64035
51479
61275
73968
50703
62554
61181
70470
48091
52232
57146
63036
76903
70037
73600
65568
46877
57298
46129
58711
47641
60025
55276
46231
69004
56326
45581
50007
69218
50633
54903
48771
48162
54842
62097
45939
60950
51596
52110
75038
58285
51333
61938
65931
46109
76172
52817
68489
57676
51204
60250
68768
70129
58840
74005
58183
46838
52055
66921
49495
73762
72003
50657
77504
50164
65828
52912
74875
48850
55266
58098
54208
52579
46739
68148
60792
50745
73106
63287
65013
54963
52689
52209
45281
67361
52336
57045
70004
51754
50318
58708
72426
72555
47967
75684
77109
61793
51838
74176
47599
67209
54405
46512
48530
48581
59356
54026
55531
75266
50126
47033
73420
57624
46050
77309
59906
61937
46440
60339
53126
46574
72530
63191
65784
68998
74821
45895
45896
63537
46832
64969
56759
75652
47261
63568
58622
52637
45573
60283
67276
76481
46697
57695
72054
73284
49374
56710
62442
48809
64489
54839
70118
48395
75595
54008
51303
71612
69662
54354
73315
57387
53025
59604
73146
71691
49489
70491
45163
59825
61113
59024
56835
49086
54154
63921
64860
65535
49006
72341
77443
60817
48922
57578
45306
63049
50210
67266
59936
61266
65298
76366
45037
66840
73658
56552
76770
57957
61385
74583
59968
53962
64414
52047
59769
58433
48474
47672
48612
52240
65082
71984
73140
70385
57892
66131
59691
52335
53631
70458
66315
56723
46408
67777
68942
71360
47458
51214
56854
74972
67886
63695
49383
73136
47708
70850
55316
76690
55809
69755
45687
72769
53225
65890
59749
55056
68654
58619
56033
65095
45833
60778
54288
49094
47849
63286
49134
71915
45250
68685
77374
70070
71336
71752
50887
45867
69788
45553
64701
48376
54182
73218
71294
56920
68388
61232
56703
63031
75873
59240
68229
73367
53353
65113
49688
67378
56348
45362
46388
58209
73346
65453
47683
61244
58718
47692
62024
53251
59398
67042
52829
54205
71793
47190
67935
54302
68242
62116
59880
49326
58852
72740
57469
70696
70983
74511
54793
47392
76042
75327
48778
74217
73545
60470
50187
71606
67193
52066
73170
66815
77377
59296
59354
48935
55947
59646
69252
70491
77020
69573
74377
72381
47072
51639
76083
72130
61770
76949
48333
61144
62939
63972
69976
54349
54207
69617
45439
63852
53024
60435
67533
46825
54518
74288
67614
57983
69660
60802
68947
67031
54441
48795
48970
64684
54653
60071
70926
48685
55322
57330
51018
54690
55990
66474
50948
52819
57486
72933
68743
71333
55420
61669
53921
73351
53708
62619
70159
46348
62284
46955
53558
59737
59554
60207
72724
62146
47586
77182
47221
58416
49504
63022
60010
77510
46019
53015
56567
47044
61019
47386
66316
66987
65461
57955
66742
51362
73324
70122
68759
49688
66113
60480
67988
53163
54126
62856
47309
73032
74808
62659
68562
49812
75972
72786
48916
53131
74027
72629
46233
68711
76240
65177
59124
61636
58866
64786
67701
71169
47229
74021
74397
76009
65318
58761
51668
73363
66486
45486
47454
77958
71590
55039
60300
58401
69101
62309
66095
74043
67350
56588
70482
72710
50069
64361
77353
71225
61531
45436
76868
47982
74152
48466
74504
72904
61473
78031
67936
69594
60450
59306
58800
62660
56149
73401
71691
75679
62596
69743
70821
74012
69035
47779
74379
68199
61522
45458
62097
51282
51225
74792
74380
49583
57237
62843
65730
58621
73562
69529
74655
45384
66393
54147
76202
50762
64109
51833
46519
49110
58416
64632
64349
57463
74003
69634
61354
53076
59566
71453
61974
60758
55892
77214
65974
66957
64491
52391
53938
56528
72442
63343
55289
58532
50180
75073
70963
71008
50197
68808
52472
45966
59546
46217
57151
66707
61813
60593
60441
46739
59729
71185
69279
65423
55347
55911
50216
47056
66642
47583
54208
62345
46377
70105
51670
57272
77002
65773
56373
58957
52085
52268
51766
56718
69993
76201
68915
50874
62202
70713
60734
57324
45796
68726
52755
68931
46815
60170
51276
56640
68212
75818
58068
76911
66574
48224
65694
76874
49236
65166
54935
53594
59318
74544
64985
60575
62022
49377
63009
62514
56778
65057
76931
48937
68111
52309
55900
47291
77696
54287
53385
52901
74742
63120
66262
73419
57810
67723
59321
75811
66890
76332
65601
66255
46080
57433
72777
58249
74457
54072
77553
60996
77324
54769
51023
72720
46969
72629
65889
47167
48957
48639
66374
47302
60035
63513
55982
62950
60572
48099
52880
66827
67155
66512
63771
47860
69498
67121
48622
71956
48841
77238
61579
76344
74729
64305
48905
70251
67531
46238
46346
54806
75582
66913
60141
72812
64449
62414
46405
61701
67221
53230
59529
51401
53783
65408
66829
52752
73037
52031
57136
47112
58815
69987
71639
78166
50056
65898
63771
70144
52140
50456
68415
61578
60588
47805
62949
52831
63832
74934
65921
58227
54757
62006
52493
52519
64319
66887
68607
74861
50336
72203
57464
48940
47970
45896
75198
73958
54546
77859
48876
56984
55237
61228
48616
63969
55471
74395
63126
63335
67825
47577
53835
46199
50355
66627
63365
49131
71795
61738
72153
47697
77980
69918
67116
65865
59227
48236
48934
76335
58542
66277
48612
69626
66750
51425
76525
63588
63598
46468
74600
70732
54324
54848
56972
57176
65832
72603
51031
74462
50266
70451
56963
73733
53353
66303
63670
75047
70993
51671
77049
70266
49797
76087
67435
70128
77630
56384
54326
67163
72978
73727
71363
62933
67784
69874
65834
62303
64875
65992
65517
52168
73117
77673
77285
63953
55086
63030
50300
75150
62701
60562
56349
45839
66238
67233
69865
74816
47085
75599
57260
53774
56258
49813
53007
49355
55382
62712
47375
70612
61348
46162
51373
58481
50915
64980
65511
65532
48148
75084
55784
53574
47575
76196
56700
63798
64898
45739
46022
55987
66420
72729
71477
73156
69031
78285
77492
60918
63621
65880
76065
63487
53757
58559
77057
60064
59093
76413
61554
65232
47682
65224
68960
51990
72630
64021
58876
58935
52985
63710
77162
72977
64123
73891
59578
49095
53225
46639
64538
51742
74494
76060
71754
60199
58012
63641
72784
77855
75803
54635
49004
54931
53473
75058
71502
68039
54834
51950
52871
69465
55114
55489
73534
75554
68009
69367
58916
74333
66479
52291
57770
62987
71016
54091
61809
52374
74665
67943
59905
55988
47452
70310
53439
64398
49944
61203
70681
55330
76021
64822
70660
73189
47774
67037
69288
67757
74151
46364
50521
50127
52769
74898
60874
59012
69996
56046
50045
69522
56141
58546
52606
58408
52544
59959
76881
62985
71696
59121
66601
54508
55204
58869
55131
53027
57628
59320
58641
75132
46877
54554
57411
46693
71784
74659
70371
58451
56498
69388
49496
47972
70576
68609
57902
72259
72305
55333
65036
57932
72432
52055
52198
62192
76266
52788
56691
62555
63213
72156
61410
46421
49842
75001
46281
73830
69548
57854
75614
68670
49377
78509
49641
60243
72441
46300
75641
73420
56212
52344
71126
61598
56033
69322
46008
63733
60269
62201
69430
62165
60472
60369
57473
50177
49422
52930
58578
48156
75028
76844
58785
53006
68514
64730
49176
52905
66384
51404
65735
59277
53076
76601
59289
58696
76555
55252
59399
65986
60373
66895
63883
50137
62758
57629
52312
78152
78554
61565
46664
55245
69065
66228
60438
61835
69276
71833
56013
75949
74463
58711
46464
48716
47191
52335
68412
71826
74389
65788
63803
64544
65227
76347
52570
62638
68063
78154
77005
78065
72894
72752
70418
54722
49907
72222
48419
68732
73592
74997
54512
53414
70603
56327
61708
49362
56645
64546
48295
63172
72872
71883
56252
76503
64503
64199
57227
75421
59018
51168
57162
51910
67425
55269
67864
76867
65977
56051
48946
68779
71645
46323
71017
78301
46143
78436
49876
57575
67783
64091
56258
65574
47211
57799
59378
74927
48896
66554
76039
69358
68431
50277
75062
55949
65388
73123
51778
58775
52035
57786
48298
78558
54644
53149
75553
52122
75361
74229
73278
58450
67972
64288
60533
51456
55559
53882
55878
54384
75662
50908
50868
63209
48216
64099
74745
69647
71046
56179
76920
73736
58554
65275
58355
70622
47588
61434
47358
78116
53337
71746
55987
58589
78374
75388
71336
63897
75171
71020
54046
63713
72011
47222
63867
48085
65994
61793
58619
61204
56920
62300
76194
69084
55110
46910
51061
71795
76502
66834
73193
68037
56400
46803
78748
53326
55634
71796
75331
52794
67944
67875
55011
74955
64476
49615
75333
52988
75728
58600
54692
53092
62089
47974
57256
62812
61454
49932
56728
64868
70130
61934
52427
69827
47214
54065
51295
59502
55731
57618
68398
71467
78717
49193
52734
48886
47852
49135
54776
46500
48784
50303
51036
56518
61122
64921
69746
78032
49211
69356
65732
54139
56543
69013
57482
71015
71386
63203
72806
49925
70126
66653
55633
47284
71435
65798
66773
66090
50721
66527
46462
67862
72242
78766
61323
71427
62379
63486
74216
77440
72948
47975
61281
65406
64838
74511
71696
64249
60861
57201
71447
51675
58542
64093
51349
76573
60218
50752
76754
64815
69923
53926
71101
63130
53983
68093
59289
53732
75243
56476
73203
61619
73570
72964
52183
47670
59598
61797
54851
47297
63294
65124
66524
47799
47257
77595
46304
64173
76593
48737
55132
70348
70555
58700
60319
49015
50367
54005
77038
46382
77355
53627
78457
69043
74925
48203
72846
69739
71968
76702
74253
55814
78214
63811
70172
75619
63575
66206
73243
51117
71193
52209
65499
63947
51505
59610
53258
47351
69625
52765
73970
48300
47378
61604
78180
77766
52732
54724
52206
58085
68579
63682
75348
65042
57020
76182
54590
62885
70289
51438
75823
50789
77593
66934
65974
48370
78220
65111
65512
52320
71861
61181
67853
47141
63305
51230
69786
70965
65655
55800
75872
58987
49856
62426
78338
55339
66825
72933
50348
57158
63983
51732
72450
48925
48474
46458
73047
47882
53333
47819
56352
63227
67357
56606
69288
52064
73079
55793
59909
69704
58695
60782
58442
74694
50015
76781
47102
77722
61077
70841
48077
61965
75032
49687
57982
69149
52228
55940
63269
75482
77107
75583
59802
51728
51031
62471
48937
60966
58437
72742
64395
67398
59796
59566
71189
63423
71527
74755
53040
57255
76167
67225
64009
69572
69301
57599
69258
74669
76350
75549
71560
67372
54223
49338
53566
60135
67979
49985
68602
60479
67675
63684
75542
62585
48773
55361
47146
70427
52353
54052
78464
55193
67592
72718
74440
60977
46445
51925
54029
66580
60208
65996
60136
46790
54225
63556
57332
70343
49634
69202
51841
58739
51808
52691
62093
58919
55619
64686
76016
64165
62548
74841
49366
72378
73791
78495
48498
71454
72681
71584
67569
51099
58883
66841
49581
58481
49376
78565
67236
69370
75907
52420
78888
52618
61181
60764
67544
65177
62198
51837
76494
67364
74889
63145
64794
49232
52309
56276
79215
59473
51408
54120
76061
72330
46559
65420
53311
70389
78500
51622
55862
49350
47511
76318
58966
60491
48857
73062
79070
62487
67781
59959
58414
58719
63175
72989
69172
62372
76401
56629
55848
70546
50891
65077
54905
48425
47595
62382
77575
71962
50374
67982
70546
73076
79174
67049
57970
56703
67229
71673
60297
69864
56280
47203
57207
71199
67767
57019
48908
62462
72892
77899
57091
73387
74882
68624
54253
66495
70992
71686
55915
74152
71406
78758
69536
77388
73655
62380
69094
69870
71408
68381
49600
78678
61784
50569
68369
60972
64512
63117
65163
70822
51549
66205
56169
58211
62620
58624
67937
54934
77621
55068
78548
76646
52419
64756
53065
69781
49427
47855
78361
51808
50299
71899
61803
52647
70253
54833
47459
71246
63051
70555
57239
48355
72317
79283
51907
69505
52674
58638
66237
78324
78531
53113
64683
67869
69102
69250
63347
62872
75137
55099
64627
74141
59365
55098
55411
58916
52286
58084
73943
68429
74048
55532
71961
59390
48708
57110
68727
74958
51867
56385
61417
75298
69410
54180
57430
57749
67094
66904
53511
74398
73002
63510
65116
66157
56791
53315
63678
71445
61428
71721
56276
73200
76422
56712
67066
75071
75481
51277
58351
63762
68048
69281
74957
55144
63353
59941
59967
77718
58596
62076
51438
61677
48182
65803
77116
76951
67321
66044
63541
69314
70326
54921
59586
62209
50118
76919
75040
71662
68197
61152
63633
79381
77320
78902
72018
65037
58097
52613
68300
49640
56832
56056
61454
52686
56012
67999
57979
78820
51186
56943
73920
69490
69037
78475
76298
66374
74407
50370
72053
63315
58127
66648
54727
55710
56812
63753
59742
58971
68785
60491
71271
47954
76049
47060
64337
47752
70932
56668
56193
65564
67947
52132
57416
61295
65025
62647
58898
72583
65746
72047
76256
69302
61184
60988
60152
79222
50211
64801
54490
61592
62433
59647
50551
70302
65984
62998
50078
52325
52023
64457
47543
52487
47115
74657
51379
71935
50393
72085
51011
56462
72686
70025
49480
48478
77919
50708
68491
61286
69463
54406
49071
69901
56235
72234
78948
70290
75700
63176
50653
76971
74077
71790
66179
76396
50299
78960
69611
68203
67421
53678
56325
47906
79268
67605
61079
63124
60757
55657
61162
65844
61997
67393
78276
53250
52021
68179
58261
55799
56982
69361
74485
71843
65453
72404
73550
64533
74594
49177
69590
54779
77494
65929
71361
65546
70556
52253
58548
49568
77834
76225
77948
47272
74575
69977
55040
51647
69031
63490
46964
56212
60941
67482
73680
57749
70224
73346
56705
63944
52585
64674
50782
74230
59404
49582
52701
51215
65405
73896
64135
47562
50853
60583
53161
46988
56677
58070
65357
77451
78378
54719
63592
56883
74178
73162
75093
60617
51566
62208
61058
77646
48952
70677
54634
75942
74886
56998
48067
66553
50928
48319
76536
69210
49999
68512
77785
62374
57110
57281
73362
49839
68582
51731
53977
64666
51548
66185
49260
78726
55598
72663
59323
64623
63862
74874
66273
47185
72013
55544
65241
63632
48028
52073
70895
66199
64559
74806
71796
79551
60171
57377
52406
56947
78338
77701
55088
75155
47236
56031
74237
49941
47544
53390
49811
70898
65739
49111
47277
78656
49033
58668
72073
48795
78634
60334
64340
60874
68462
67568
79075
73376
51180
77822
50595
60959
65446
70814
63955
72676
50914
49109
73456
48319
75573
64685
56433
65697
56801
60470
66741
69563
54369
60363
62010
49892
67393
77974
50447
47931
53043
48215
70796
72974
49248
69472
59712
61947
70652
48100
70443
63061
53277
48754
77869
54730
74189
49085
63167
72514
73053
74654
71905
55305
55549
67932
54099
50737
71050
74026
64776
59954
59815
64241
76504
63444
74511
78416
47989
65103
53802
72674
57248
73648
78814
55231
62109
55166
60839
60741
79588
70814
53226
54296
51993
76404
70278
69223
60222
56651
49069
47217
53800
69111
49394
78152
53039
51384
49826
49365
58410
47970
57688
57117
65435
54971
54732
65730
75558
73509
70380
68813
75336
61565
68142
57258
70981
47426
68132
65396
52322
61690
60241
58740
71509
52689
65339
65764
48378
64900
62913
55032
77639
58749
76975
58399
63362
77376
73104
74374
78513
73221
56771
55773
78419
67238
58577
72799
70989
51900
68862
70924
60711
48645
66078
68409
50040
58634
70314
48971
70559
55294
71443
66752
68788
52456
58198
48495
77759
68869
63185
72208
73255
55655
56917
50174
76909
66275
64636
54332
68889
47402
76861
48054
75765
54582
61885
65738
61818
74472
77160
62983
54920
60911
66881
52789
69722
54763
63606
78229
62648
77266
53560
47210
71278
60051
59593
61111
51710
58618
61911
50507
58002
62164
48392
70651
47924
72531
76758
69935
57409
60084
50589
58016
60699
76062
74482
76639
61983
63694
74551
47898
63191
73585
73836
49819
60528
65233
70984
78225
74862
65716
59785
74131
73630
64001
55432
62050
51532
51493
75280
64366
62135
78773
71024
63132
74434
51029
54991
67655
69100
49624
57024
67717
51842
50345
56343
61867
70932
55145
49146
71699
47397
64985
68667
69404
61990
58619
56293
57203
55462
60276
55828
62097
77763
67893
72458
55173
75492
55898
68480
50420
58282
53586
59962
64606
59427
54337
65502
62114
76097
51618
67846
57797
59787
55345
67220
75759
76819
56840
59462
71606
54184
58120
50570
73119
49740
68218
71827
57058
68841
51190
77740
79214
71487
56196
51404
77101
76833
55554
68459
59017
58849
48838
54421
66095
64265
57220
67901
64019
49995
74609
58067
68532
67771
58536
59929
71585
63804
60109
70706
72252
52280
51697
79355
74174
61589
75958
49567
58747
55012
78260
66150
57960
76763
78875
51918
73946
71429
79769
51421
67472
53688
67454
62645
57332
76360
63774
52585
61342
51066
61814
55311
51994
49211
60947
70935
50667
56210
70960
57307
74703
68820
69919
60534
61253
65559
47850
55258
72013
51944
55353
65053
50799
70977
61558
68372
60670
52917
64816
63779
75934
50158
63933
62035
59140
75865
71204
51109
53757
59424
69946
62119
72370
54873
65034
54596
68138
68477
63610
76768
64272
67611
68908
58789
73911
61389
55459
55063
48987
61548
74151
64239
47530
76160
62186
79142
71554
75770
63467
52304
59901
51750
74011
68907
77995
73691
54079
52344
74782
72437
75285
47881
68012
74756
63034
49180
62576
59206
52811
52711
71570
60883
60234
58484
69064
55064
57412
79535
47645
50822
73009
75198
75250
55691
56604
67216
65602
47554
49028
58809
74282
73575
69889
48509
48296
55309
67371
53802
70563
75155
62391
75948
59947
67924
78563
52059
66563
53150
55573
53527
57436
61286
58302
55959
70116
70201
61829
63998
55295
55414
50594
80047
56660
77243
72327
77667
49036
49565
67526
58489
50262
63644
65327
58509
57263
59733
75064
51531
61280
47610
67747
74373
53192
61952
64858
62852
77275
70679
73374
50844
47723
70751
48224
57603
74407
65241
79855
53476
61921
57884
70612
50094
49300
53833
47866
49842
54437
71744
49939
64493
71401
57620
77366
68898
66024
65981
61389
66861
60896
74509
80046
69523
56845
59878
52872
65117
78632
61353
62081
75303
59182
73457
72477
49268
79458
51330
66914
51268
55701
66684
57658
66793
79269
78805
72984
79638
74820
79365
70878
72761
47610
75523
75775
48138
77165
80241
64224
78948
50145
65811
59269
63317
59131
49542
57705
77681
51146
70959
53421
48747
78600
65649
75893
68070
64156
50467
48272
68232
71780
68161
72279
53584
60978
76769
59607
63274
50964
51049
70706
76481
64985
55296
51266
53397
60624
63298
65152
59725
68307
71224
74532
78414
55684
49799
71054
78988
67799
52199
67557
79264
62417
56791
66046
48924
55951
57744
68479
77851
64905
48183
49476
68892
65048
48470
55809
66064
75830
53645
56873
51889
67973
52613
71439
62742
63892
58662
63820
78468
63325
74506
69216
76424
65554
62513
74140
66626
49945
72694
78911
72196
55125
74817
64735
68380
54695
73215
62986
73709
64692
50639
49198
78917
49641
57598
55990
72682
62397
59062
63606
79222
53558
51570
62281
73573
47791
62645
74488
50029
57304
54012
72542
76814
69374
61425
71114
55401
67981
68321
68005
66133
66003
77168
79957
68272
75270
72332
77920
65523
56457
76191
68565
62217
71019
57865
60904
69218
54577
60109
66524
74563
56533
74378
68902
74080
70414
62382
77519
76972
70354
80102
71194
50544
66329
50649
77415
79514
72677
59413
61015
48728
64639
62537
65585
74982
79619
78774
51588
79269
79134
50656
71182
52844
55831
51849
59869
63778
67084
59359
48820
50061
56959
65781
78000
51557
65553
77936
56875
74925
64908
56195
65249
79939
53287
61725
63057
67765
72966
76128
58727
71510
62465
55638
65367
62353
60326
77535
75212
63102
48769
59630
69698
56499
52635
57333
66224
78429
76864
62110
55147
50575
71941
76476
57415
70361
67594
77441
58111
57373
74365
53745
79063
63902
57183
56470
80255
50522
72075
55158
51515
73882
50932
63298
49729
48071
79150
63184
51554
59519
61232
62923
65005
69096
77912
77738
74961
79684
67759
73438
69377
61638
71279
57424
48925
59044
63682
60170
70222
64110
57293
61492
61554
49822
56813
63299
51065
75888
56896
68205
54798
71668
58472
67424
67962
63073
63883
59443
62150
53932
60062
71837
71456
66649
48100
76645
73601
76946
62897
66585
76684
52598
77428
51459
52152
60339
62964
78169
59057
61015
67034
66484
69116
78051
56176
55491
67034
64417
73384
63041
66672
54840
64096
54820
60452
59518
51684
77336
66890
56717
49077
68395
64256
64793
59785
54730
73558
61185
79250
53740
80563
56611
56579
61325
60020
59253
55249
65374
53973
73298
48566
73659
75797
63249
79996
62941
53973
61148
60280
67409
78786
53183
62549
51112
51827
52224
59667
77425
50068
58287
63310
59748
78405
51325
67780
65248
63677
78802
69906
62616
74803
58137
59582
52873
49150
77407
55674
64047
58363
60700
49063
63992
66095
73040
58649
58617
79789
65746
63770
69343
74938
74981
51633
60457
69680
67597
74276
67221
55840
53793
62139
71128
65979
53920
75207
69778
49779
80200
50659
51585
68701
48357
55674
60661
56282
74856
71561
62084
78966
58936
55718
55038
49936
53709
61250
78500
60220
63354
79403
65428
50149
49802
72788
74888
50999
63887
61145
71616
80315
71927
72254
77373
68804
48096
49144
60208
49163
67374
50478
58290
67222
51930
48832
68277
78558
52620
56969
63803
77360
63085
50657
67270
65364
51510
57702
50703
74861
59534
78333
80378
50208
70290
75539
54986
63992
52149
60969
74641
49673
76746
56207
69611
51156
65887
53359
53740
72811
48973
49678
57431
71638
59533
50767
56593
59828
61005
51577
66517
72997
78915
53561
61736
70632
77634
61675
54672
48321
53771
54037
59649
67870
48229
64564
78488
58873
57456
76476
63628
80896
70198
63578
60513
80628
79235
73852
59230
62543
65015
69651
52034
67881
62809
74391
56115
61276
48174
77900
73975
70119
80010
53701
78438
53392
75559
64678
60191
74446
49844
56750
61051
57829
62831
70644
67007
65107
51446
78192
77462
74859
67674
74942
60862
70720
51318
61471
80385
78020
51839
53697
70503
68145
60636
49472
72362
59304
73271
58988
48362
70680
67284
60749
51106
62050
56353
56164
63707
72891
70287
51764
57247
70481
57761
76545
73905
48689
52802
63448
62331
50792
77660
62927
60232
68200
57510
60558
57523
78254
71614
63246
69471
74658
69495
53665
80873
58815
64884
51507
63003
74995
67062
77775
52067
61001
74226
64101
64899
56005
76647
60362
70025
78479
66542
61696
51970
52053
67987
70328
59243
75242
52707
73749
77288
69427
49990
63155
75577
51267
54415
68584
70121
63941
72402
72521
59080
63130
75125
73328
65948
70084
67722
61949
49684
68483
75100
52187
80125
55741
57672
59077
79288
53155
48847
67336
51180
59538
68841
81034
67960
80439
73883
67083
50348
53751
52427
80299
51896
65934
68692
54956
69220
57078
70230
74874
55042
64394
79055
49896
73633
71275
58736
69565
63108
52771
76969
66927
61651
71048
56071
63278
67215
61411
58559
52772
60107
79954
72587
76796
78874
63595
80564
71329
59716
70178
63856
69960
50749
49389
71535
50864
52567
79398
71601
75944
63670
54448
73114
75987
73732
53213
73800
61096
58983
78223
59428
77500
50352
68510
68279
67396
66518
55418
55488
67029
80802
53010
62083
80495
76203
77300
63075
64442
62597
49589
64947
49295
77622
76435
56266
78522
78057
75097
54101
57087
70887
56195
79346
75355
63170
65187
74234
54411
48851
78595
53917
65491
70375
69004
79413
71160
48950
76006
48852
80526
76693
71137
74015
55930
78060
76564
62816
71855
58089
63428
61142
63547
74230
56839
73040
59271
67945
71720
60666
69850
69115
77134
55414
70688
57468
72025
65838
69098
59589
76813
74217
69557
60653
58226
69533
60783
80064
50554
81028
66615
55660
64741
61810
56933
49534
48482
78182
55498
59661
78583
64351
77113
48693
65698
56945
67141
63944
70209
70679
65613
76863
50607
70859
80822
71415
77616
56020
58488
75162
64783
51040
53980
72666
48773
56786
76164
52070
70109
51549
70827
58902
64982
57554
69294
49257
64073
72886
52683
71730
60427
78744
48937
78734
71701
53409
78617
60441
53730
71789
73372
64098
59673
61465
71205
71068
72300
80542
58784
80790
67520
65629
59826
79085
64398
79099
69187
76160
64393
69486
71226
55588
61057
75864
69767
52377
55687
53908
73319
70333
63570
57871
61155
56832
79073
54490
70554
71192
49762
70269
70337
78326
57171
79245
55912
60920
66279
70529
63743
78432
63915
63169
48920
48645
79209
48896
77423
59720
54348
56268
55847
70986
74566
54627
72790
72540
73647
55241
50372
53431
80943
62487
74992
62062
60637
68630
73044
69024
48808
72716
69610
79858
65015
54998
56303
76860
77964
51255
50919
73603
59054
61808
63201
57896
75655
70673
57852
74078
64715
73486
55082
56545
57754
61973
66612
58598
71848
60191
72959
62541
77211
62022
67597
80670
75188
63446
78918
60723
74674
71846
64505
76082
66291
56489
80158
52159
77277
50112
61150
66287
78716
70866
76885
79359
57452
74527
68758
70982
57082
64977
63471
58984
74374
81364
68207
57549
74284
58856
50086
77393
75427
67829
58284
58429
77668
76446
72037
67703
78607
69144
58882
63221
48907
59197
55755
80759
80493
74204
69148
78710
53276
78676
65710
68695
50226
76385
78872
61925
80037
61749
80278
65790
75046
62923
67592
53900
67145
76920
50238
78520
67559
73923
56946
55386
77505
67702
76054
78003
50533
68853
52433
70494
69718
48847
81348
62084
68967
59283
71185
56144
49768
77285
63902
55970
57092
49104
59158
72200
79338
63326
72241
51434
53547
77158
58166
75268
75235
77478
71614
81177
76572
67345
65722
77030
55279
71530
59831
67926
52460
76050
79201
77300
76989
62495
72518
70821
59397
52141
62173
66711
65678
58489
77767
77173
67492
59820
62292
66269
56252
54260
55113
60435
59738
79577
54753
72695
62257
63567
62225
75060
75147
75399
68368
73403
63723
57355
59927
60528
75761
66058
69990
65570
81023
69872
52615
75457
63514
69434
66006
79307
72595
79497
52545
77064
53734
50933
60493
73847
49762
57507
64601
65160
69130
72602
66599
67211
80956
53714
58776
66409
55952
53134
72887
73362
54275
56812
61433
57142
50005
56251
62916
76216
50351
55436
70445
54112
68233
58892
55302
73296
80331
70545
56344
78265
53554
51186
65965
57934
73718
60828
49490
57081
69546
74978
58074
71117
50531
61589
51110
58685
56860
69845
76324
60811
51801
65574
63126
71299
68875
50887
74005
73064
57780
71743
72917
48943
69067
61240
55466
53995
57698
72592
58571
59529
76550
63150
75223
49085
74471
78354
80149
76604
69945
62512
60928
78892
78809
79743
63747
70104
75572
73677
50049
51625
54885
80341
64792
68434
79517
55571
53799
73034
53704
67543
60301
60799
58477
81305
72628
72265
70358
53132
56527
67484
63858
53109
66655
54403
72823
52414
53244
50377
64203
76742
77650
62201
51237
67452
61290
56970
70256
53548
76587
76371
54896
74393
75040
73541
51111
63051
61051
51032
53114
80426
65370
79046
67472
61516
74826
51576
78715
53772
58633
70333
64922
76124
51345
68930
64317
54364
72273
58687
80907
75563
70846
67310
59553
73724
70922
70465
78972
74093
80947
68820
75545
75541
74048
53537
65626
75868
63688
78323
80940
73104
54707
49949
63847
56117
59204
77931
51190
79772
55384
77785
74295
77495
78824
58371
71076
63531
62165
49885
57012
50087
71397
54436
64508
69492
63240
57108
64666
52558
73953
53468
69075
51571
62337
65871
68603
67577
55158
71772
72341
68708
79876
78528
67516
81784
74162
71290
65218
59212
76297
68479
52758
58784
66712
76976
50283
77936
59707
50441
59670
80074
77725
68891
70584
78812
50172
56508
75550
64081
55596
75005
62309
61918
64479
50780
66402
79127
60195
71483
55617
60808
55852
77457
56939
70657
65364
50912
68270
68401
70752
52583
67224
51318
76805
61848
52515
65268
65707
51404
69784
65765
73840
55862
59053
52015
72304
75541
65520
61244
69956
66350
61033
52998
54984
53626
81787
57201
62753
63772
60684
58590
51455
75413
59878
56829
69920
77115
52572
69858
71446
72936
57904
61020
54601
57327
72884
81794
81471
62804
80944
53646
67867
72508
72580
70639
75620
64930
62734
56473
51208
81228
73166
50848
68513
58109
64456
57093
52726
70381
80810
70608
75973
70774
68015
72030
70592
66064
53699
80381
50645
79231
51944
50102
80818
50251
53720
67690
67465
73841
55020
74785
52752
78168
58172
64926
70861
63750
63752
79159
50576
72084
54103
62947
68417
52959
51421
56469
60379
77953
54818
59848
50105
53248
70369
78171
67089
67396
71342
81056
59070
68431
69852
53936
53570
71464
71582
72449
53515
49944
62060
52794
52981
56345
58281
59717
51217
53132
79234
71334
57765
65322
69145
49676
65139
69949
52963
68134
80190
69904
66382
66744
59531
62372
74408
67822
69541
54436
76092
62448
57571
65435
52414
72630
79149
72037
53225
58398
72893
64996
80230
76348
60707
75252
61936
63985
61580
76192
69046
49599
72259
78486
50432
63707
58488
62168
57366
60292
80705
62389
72286
74132
71902
53496
49348
70485
79681
78943
69470
73877
64206
75086
70224
65021
64095
65733
69102
68766
51339
77200
78369
53197
57896
57533
72972
62769
58894
67155
61679
74522
64030
74305
65867
65812
65923
81301
56135
77501
67640
78830
77138
72915
67530
62772
53770
64657
59744
69510
66140
80188
59640
71028
62189
77817
81395
78959
57529
72161
77012
69501
53499
56407
58949
78386
67660
78745
55131
77787
64782
60310
53018
49916
51467
72448
73020
65789
56922
70817
69166
63008
66435
66290
59484
81334
56034
57834
52910
60051
63825
51988
76882
54207
53249
51172
69053
72046
60841
73291
68332
63026
56035
52105
75504
77936
71122
74051
51369
81937
61705
80085
78034
64633
55720
78057
69949
59069
51400
59721
76128
58384
58394
78065
68625
64639
70090
72297
62094
61919
66474
59985
82112
49923
64908
54333
73409
61234
56047
63940
52123
69079
71647
57300
68947
69243
57622
52808
57894
79089
61287
52669
55058
75216
78429
79777
75672
71463
69151
68748
68289
63851
77974
66772
53599
76980
49618
69468
80277
71209
62378
78508
72601
76217
79011
66631
54201
80909
68116
76344
69020
78010
54663
72431
54475
55482
67937
69451
69231
70941
69830
56056
82013
70140
61111
73467
51535
77231
55421
68235
61044
57407
53067
73251
57900
79646
64799
74965
75788
80150
55529
55265
64041
50816
54767
57478
70547
51638
74352
76824
66591
52171
80263
50771
61802
49529
52307
77295
59674
74842
50773
55156
75879
76891
61721
53840
64731
81263
64281
50215
74325
56704
58846
77418
49748
50859
73576
78379
63602
59820
51920
50736
65583
62615
64556
70470
61424
78282
60339
60119
75080
54047
58402
68543
50805
64870
61534
76124
64814
75794
68698
59620
52892
75058
56635
51452
79014
58787
79034
75654
56433
52612
58314
55738
77351
77035
73851
68216
66040
78038
66335
53980
75359
57445
57003
82196
72615
64070
63584
82286
75949
50800
58026
73141
77031
77844
65352
67262
54181
80848
60589
56382
68759
77351
58022
75486
60816
63022
49726
63634
57737
77959
56543
75558
51433
54931
79545
70938
61188
60900
51303
64687
63713
52209
66512
61762
78144
49678
73804
68313
54747
50587
61961
61436
51693
59515
53420
78278
53745
79304
53563
77371
81068
50884
55098
60636
73069
74771
82196
76153
64404
50984
78781
65863
72529
53246
51606
63026
50094
49928
75921
81012
75216
58218
50069
67175
51577
64873
52004
49815
74450
79136
69947
65564
79208
77173
58489
60711
59508
72524
75396
74714
61535
71931
74153
80221
61829
52733
57794
49966
81978
81642
70749
50872
57866
55718
78874
50984
78917
70105
66389
58748
56252
74144
72197
50908
57797
49795
68324
79150
74373
62118
58321
77285
61550
72259
68978
54041
69894
75095
52765
62173
63210
58780
62457
71885
56595
53432
60000
56806
75609
61108
81544
60059
76853
68783
55139
57124
52171
67540
58563
71194
63528
50313
51650
62785
70344
75241
67169
82085
50011
72053
58479
74728
76744
68358
60333
58842
73075
54535
57647
64074
78780
65760
54789
58908
63432
60341
67867
76188
61827
74577
73822
75026
51685
69469
64800
76695
57973
80598
77758
79910
67084
53694
52864
63734
71388
75537
78784
75015
56752
55034
59215
53243
56949
55623
79636
77864
54778
71707
49910
68331
50420
57058
65533
80703
76869
79242
63155
67214
56958
64497
82129
78791
68258
55705
68119
71856
58413
54691
71804
70014
68692
76539
73607
71331
73871
77008
58109
58599
70229
53063
60604
60346
76838
75888
55783
62920
59343
64889
66371
81871
63978
77857
66785
61869
79524
73840
59646
77246
78787
54949
64039
76388
52199
67953
65697
68071
59151
54370
61191
58496
76896
78498
82485
80048
65826
70113
71781
79318
63756
70032
50072
70913
72641
82512
56120
62467
74650
63914
69883
59079
72102
69120
52490
78564
62191
69315
54627
59761
70399
52455
66683
54044
55203
51092
54056
57974
70127
53535
80319
73873
69762
65592
76921
51149
73484
82277
79644
65775
73485
72879
64471
63091
73183
66458
72045
78372
68598
80731
81046
63721
63847
79686
57506
71906
64423
63366
66399
56755
73877
81936
53309
73504
70331
80858
67248
73179
53969
57415
73686
74393
76419
74982
63322
70507
81013
58205
64408
62284
54659
62368
76033
65526
58189
55399
54465
57851
78835
69598
68256
74512
58141
56478
66086
57004
71743
72412
61187
57554
64027
62944
77998
75562
64391
70073
75083
63575
58736
64816
74706
66949
82463
65530
57710
51777
69051
71986
50723
73358
53263
82438
62644
77621
66446
51376
68036
53340
60820
55208
54843
56922
52207
64791
71915
73930
64414
50831
64372
58334
64728
50426
54884
80887
63569
68817
65699
75634
76216
67215
77327
66244
54148
74596
74083
66249
73712
51757
79197
76121
70468
69796
65824
59421
62295
70868
72663
58784
51282
68305
50075
71849
55990
53925
60311
77257
53921
76429
62825
60208
56397
53606
72140
67268
62937
77154
50292
74357
51788
51967
59194
58058
81367
51258
67705
54208
69466
65535
69816
69589
78634
68069
72585
56672
51986
57880
53168
79395
57239
52630
66184
60707
81536
52895
76451
59064
74390
81254
58801
71392
67753
55565
71075
80344
54739
58576
55568
64238
78593
75137
58071
64913
82350
54068
62726
64682
69106
54075
66298
62511
57788
52821
81608
67828
56667
63266
71132
74437
63812
70874
57568
60595
54543
75327
51936
77739
63426
78032
78763
80717
58706
69696
70012
53498
77159
55846
71129
50479
55136
76278
72124
51986
53143
59696
70897
73291
80358
59351
74943
65301
52586
55589
58826
78997
73094
67709
75064
67946
62507
55969
77075
63109
74071
61221
77806
61499
58332
63012
71628
67992
53091
69169
80957
57847
54192
81552
82890
69839
51496
57767
78995
66512
75408
70575
63543
66351
50199
63919
55028
53310
53143
62635
77328
70207
54808
70936
58743
66938
67222
58004
59557
73869
70148
52180
75462
74756
52368
53982
56860
51241
62505
51576
79522
64797
81982
78304
61423
61736
73417
71613
75356
53582
82573
62806
62313
63523
59035
63746
60765
65248
60187
81631
51757
58549
77641
53959
76191
82017
52414
69248
51887
77825
71665
75827
77874
64293
68093
66848
63673
72489
63397
74895
60856
73155
80277
79626
69096
71128
76266
79305
71401
69268
72437
69230
53804
79033
76604
79603
76048
76343
72386
81376
50251
79870
66953
76481
80524
53776
75604
82647
70239
74202
68785
67086
72528
68292
54583
63535
57939
56583
60173
68183
50531
76478
54188
80040
60010
62273
64997
77886
73057
71854
78117
69988
55736
54216
66040
74248
66296
72197
61388
66669
69799
76258
69624
50720
78188
78202
59900
56109
76147
82775
59658
55698
61459
69000
67270
67828
53422
67315
70475
72337
70361
67309
81518
73078
60861
64264
50758
66290
51901
77612
61164
51018
72538
56298
75647
70318
50771
61196
65643
58988
61456
82545
55019
76388
74304
79128
55757
77500
71362
55930
52086
62933
76225
78877
75045
55933
79652
76134
65404
58982
59173
78255
58428
60630
77375
58521
60752
81313
66638
58531
54541
66645
71410
55292
56248
75700
64308
58262
75336
81255
74348
56444
64110
58864
71266
74597
64467
74977
82099
56969
52897
67915
82294
66995
82756
80506
71968
62616
61298
81119
76197
63335
55400
66382
53984
66977
70263
73834
77365
73515
63936
76893
77173
65442
59452
78540
73985
72686
68863
81161
59699
73242
51389
52363
55033
54114
78733
55708
65475
82062
77805
76370
67744
53375
77574
71104
76963
53512
68146
67437
66188
78335
71100
55046
50596
80531
53479
51279
75241
75999
55089
51039
58219
61376
63192
79117
80118
67300
69790
55206
55793
65828
74953
82913
67462
56596
78191
53780
65796
82904
50672
62375
54145
76345
61380
64713
52419
67576
58487
79459
71009
72033
68849
52298
79397
57124
54779
60345
68789
53345
59903
75262
62322
62210
79887
60275
73889
52813
60457
78512
65737
60345
81082
73727
69723
55809
78176
82193
63640
59000
50932
78063
62384
65692
70856
79922
80935
64493
55085
81271
68477
74752
66361
72206
60430
54991
51143
75506
57911
72019
73662
71166
78010
55893
55703
60253
80996
55169
79897
76611
53997
55484
69735
69594
55583
79287
67901
56192
74810
55748
57207
72495
66200
80361
54227
60732
79757
61747
75255
73797
61073
63309
82102
81509
59809
75089
64399
55465
61154
64734
71030
75464
80264
58731
52440
53006
61942
54235
80089
60058
61734
69713
51168
72137
54092
69189
67413
81138
73142
68312
71849
75092
64503
58724
63383
53836
55364
58968
62890
69324
54046
59459
69376
66312
56882
71470
64589
69234
65149
80431
75298
65001
63923
80699
56688
61997
62178
57660
64840
68247
80466
61539
55780
75783
54449
74944
73963
56349
64876
80656
69361
55468
75872
64470
73277
62315
50866
64685
70352
70126
54011
68572
67491
70101
59561
64043
57647
65860
60066
79605
51506
80787
64810
62079
71601
81478
55046
80520
52537
51775
77281
83233
66155
75058
82416
56767
61624
69466
52434
75919
63592
82282
55226
77833
51169
67271
81103
61640
67622
51188
55251
55193
78494
72013
76291
58834
62487
74233
62783
61413
82186
61210
70251
76340
65312
67398
67349
63527
59382
53819
73304
78204
67869
75982
67840
53727
66918
74021
51438
50875
64348
60198
60351
53071
79121
53551
55464
74500
66846
78088
79268
53758
62693
65814
75730
70641
75801
79313
62232
63798
72065
72568
81165
78366
70904
63491
63254
57478
70329
67929
78799
75691
55257
78787
60332
60992
65557
62624
62688
67262
54478
60763
78461
78332
70994
72347
81629
77823
70749
68537
70978
54035
52960
77431
65209
51482
57344
66287
50756
69413
63074
52169
63543
82753
77478
69297
78051
51348
63281
63752
81522
61864
57648
64730
72210
75014
66265
80401
64598
77831
52980
67560
69848
80871
66971
78498
68900
71963
74302
82299
77521
54500
60138
55519
58609
52517
66762
68826
75948
79474
78318
79824
51495
51305
72779
76142
77483
66629
53763
82400
55555
51632
55015
52548
72997
77273
61242
78687
58901
51399
67512
53135
64775
60653
57047
66817
72900
64766
54093
58148
54350
54274
64466
61022
64711
62378
60455
57597
83599
60640
52055
63600
74157
79523
73533
74423
66928
59154
61766
73752
56149
66246
77945
60692
69932
54885
62644
67737
71287
69236
67384
60025
51475
65901
54375
81435
70938
57362
76493
79217
52231
81920
60254
67625
63259
78983
69374
62248
76032
59833
75079
52276
70317
62913
77958
65008
57225
54391
66310
65550
72915
82225
65938
73664
77889
58075
61237
76911
74215
65098
75332
56496
81243
74445
58014
65396
52759
66821
65843
52606
64286
64503
55491
61211
67043
54368
69608
68109
61542
61000
70743
60360
52896
55514
71523
74721
50977
57459
78787
74435
67320
82681
73876
77988
77011
65134
71074
53431
61287
60869
83171
58531
66322
75764
68932
74805
66239
54602
51880
81233
57355
61187
59182
77871
73382
72986
70067
80836
57083
75358
81305
61053
64531
75464
53190
77619
82102
65548
72943
53852
63444
79982
72982
69502
56356
80855
63569
60138
76555
78632
53454
59302
57023
58830
60948
71083
54188
55703
77195
53328
56599
74947
56383
82183
68865
75359
56801
64071
78670
71886
83215
81609
55334
78505
82132
51447
79260
51657
66419
75426
62605
76961
67168
64755
78027
75217
53136
51364
67707
56825
72690
61039
80572
69579
70462
77767
72074
82533
59629
55239
53985
64989
69256
78952
54565
77341
56102
77814
53953
75761
52273
73413
76047
66654
82792
70944
77432
83510
58922
55682
76764
65001
66033
83721
66867
57246
72221
78887
54645
65410
66291
78235
65976
75872
77285
79263
67480
65651
68371
67427
68316
61560
74771
65211
58967
65798
54253
60436
82955
74274
82026
81069
65685
69903
63631
77572
56773
53347
56420
76686
51340
58976
78330
71082
79387
54656
68523
75992
56393
66386
58276
79398
51509
65925
69793
54764
73261
60738
63480
57785
61903
55488
73945
51853
73070
62226
68820
73545
63928
57923
63899
55139
52885
66468
61450
79326
64082
67173
83044
55418
70654
70755
60384
83752
68884
64833
52068
71616
71259
71610
58256
63990
52235
52533
65022
81803
60721
66458
81864
79040
74324
55653
83275
56592
71513
59385
76587
59422
60580
65590
75928
62189
82816
70989
73423
59727
59841
51667
82403
72608
59560
54037
81597
56499
64262
75436
66145
80909
77476
75345
67188
77905
79075
81394
83707
83452
75424
75781
83302
75346
81754
52252
81101
68249
54167
60345
60281
61316
67203
69988
71078
72946
66267
62972
75143
54745
80649
53323
68747
83068
62609
82652
51679
63205
74411
56337
80436
65423
54321
56432
70850
69219
80060
79678
80269
71141
65803
65871
79079
53424
73380
82460
72758
80672
75453
56086
75767
54606
56412
63802
77571
82241
75198
83174
59153
69986
61686
82923
69245
56113
52182
74211
58184
57911
78610
53957
68447
61243
56483
82870
53792
75705
65898
69154
57114
63888
59926
57612
51732
61179
82759
70818
77905
65218
64755
72725
77587
76978
80138
51623
59230
69194
68949
71942
61182
67511
72868
62424
53964
54531
52008
74903
69164
78729
70174
60319
72666
81836
79533
60037
66535
56008
59410
55723
68350
77161
67834
80913
59116
72123
75823
66926
72799
78402
60535
59008
59886
67787
63418
78752
58458
59811
66914
72089
75796
55046
83975
70842
82943
55514
51788
56874
82294
62622
55044
82812
60817
57757
76954
72835
83876
52583
65455
54120
80137
83073
69892
78585
64032
70492
55963
61252
84115
78724
71705
72805
53983
71962
77423
67484
64784
62596
79545
75427
58059
80995
77926
69950
80530
70597
73370
80147
65092
57501
70864
54204
64739
75376
63172
76571
80282
63824
61328
83949
80895
72974
58389
76450
79253
74924
58524
67181
73877
75281
57789
78487
80878
54784
75905
83480
67722
73803
59843
69992
76755
69700
53468
60051
56182
73077
60799
65420
79462
77969
62689
74435
77605
62634
73245
83449
60223
84131
73176
71507
80919
58601
66848
62638
70885
67934
67482
76083
74240
83862
60637
76075
58713
81222
78105
81940
64584
54009
71932
58612
62092
54021
81110
76013
83597
60606
52987
62482
66275
63465
74089
66681
69916
68724
77482
58257
76218
82532
76284
83382
66940
77326
55984
67587
78815
60554
83664
82024
80611
54373
61700
70652
58386
73366
77238
83860
55999
72627
54133
81556
65420
51557
51863
56325
70959
56346
81955
63976
76405
69881
65518
60106
58758
56347
80387
80281
70764
83704
79688
72630
75471
70431
82271
51531
62722
62763
82379
77791
63556
64498
56404
78632
55359
63487
67756
61472
61909
63299
61266
79451
80668
76039
69047
76695
75943
81445
58784
52629
63496
72056
80843
83495
66450
58513
76245
83339
66404
56491
67419
55031
57251
60385
61024
58229
63494
58015
57070
55025
66712
58711
83456
72592
62393
57973
60320
57156
59750
74900
68685
55198
82875
54514
74143
63459
84150
66081
73262
52577
57662
65280
73903
62979
66916
77290
57952
58660
81384
68653
58535
60065
57087
70078
74229
77874
57427
80171
83441
73978
63052
82896
78035
61276
53390
69198
51725
77073
74179
67897
58929
76151
54426
76305
82959
68140
70159
59508
58653
53724
64750
72593
83229
84311
83602
52192
79097
65255
65779
52497
56562
53216
53728
78914
76281
77944
60296
65140
76381
75225
60991
64320
73127
75381
71551
53190
80835
54426
57901
75239
63328
83782
64542
56244
81816
54588
79066
83749
66772
71255
84384
57871
66794
69407
78506
62032
74377
80538
54705
66124
52183
58981
82356
81310
78936
70914
55286
67079
58898
55924
67142
54442
60911
59145
63106
80764
75618
78968
55134
72438
60237
67883
74338
57357
75299
83422
66354
56931
72010
78185
82962
72383
52163
79578
58281
72123
60940
84423
79877
67260
79173
58595
82656
83751
61843
54990
72482
52690
58306
53554
69543
82617
71214
60939
59201
54003
81123
73542
57857
81124
57603
81038
57266
60595
56168
74595
53159
81150
57995
73068
52663
77773
77732
65806
69765
78789
65299
81981
68869
84383
61439
55698
62267
73176
67389
57246
59462
60073
55667
68223
74142
79417
73853
67504
83354
82194
81935
64550
79157
80081
64924
60568
74513
66338
61303
65566
72636
79084
59193
53501
58163
68041
56162
81857
52132
61369
70723
64653
59768
64279
73755
80560
84113
54988
53888
82552
67280
66754
54016
54603
63451
66204
65289
71667
79389
75428
74502
63290
83214
84228
52939
80567
75956
68922
84275
80359
71274
57286
59143
59264
74464
64549
84258
75521
69987
69379
83411
73870
75870
84141
65923
67323
77601
62405
64152
66599
63714
58425
68761
81803
73985
53877
77458
78610
56465
63192
61626
82475
66835
63845
64851
83741
82052
68028
73938
68252
60059
78664
73024
55705
74572
82361
52448
77150
75408
84405
55314
72153
53608
76234
66167
63032
63519
71592
54102
62391
61904
69005
73022
71350
64809
76800
76013
83471
57966
58306
67441
58534
63169
64514
53133
76098
58528
84176
84574
75931
56751
75220
54078
83380
72120
67904
61161
64618
83696
82691
56799
80461
53116
80960
77321
80304
71731
51966
69534
70396
72870
60961
61768
63562
68701
66969
75651
53040
52580
56025
74566
72922
67591
69002
64486
63581
73689
80001
53303
63305
81403
58095
82676
84093
53402
70104
71265
61760
74682
69063
76590
57485
63282
78015
59039
52397
79352
53364
82922
69388
78495
71867
70881
62021
68894
59968
79312
75391
75219
70007
80041
53244
82376
59861
52062
58351
82996
82239
56719
83854
74053
69571
84325
58729
60956
55174
66494
77050
78362
82173
71562
77949
56666
83808
61556
54530
67710
67932
80070
84160
57775
70153
52870
78764
60127
77339
70629
54858
60753
74076
73435
68291
83548
53338
68619
56377
61804
78428
63724
75863
62281
73627
59690
65324
68252
53167
72522
79161
84399
72776
69774
56264
64884
56350
52248
70528
67017
59947
68945
60727
66298
77079
67980
52487
64647
78580
59623
66468
58664
79147
68210
70124
73743
71862
54164
84672
60269
81552
69290
83731
54327
79978
72944
57408
71466
79264
65445
74913
70413
81003
64618
64093
77878
66392
57580
58497
57679
65273
76226
73299
74074
63450
69785
65763
70387
81078
83342
59106
74965
83179
55259
66231
57248
55084
70070
56016
82138
67702
52086
57398
83763
75589
63992
54117
70669
59143
64577
60250
83515
57297
60516
62189
61961
79441
63398
53345
55933
65540
66017
76602
53213
79784
71718
74830
55153
54773
63142
54303
65674
57992
75219
66408
68292
69920
62146
53750
82311
81676
83668
81849
78036
58596
74389
52251
71486
53368
81892
73616
80182
80646
73557
62319
63884
69552
66771
76800
56115
63020
75658
55510
53317
62910
71940
69471
64070
83043
75665
54201
81837
71247
81901
66503
55968
65946
70173
63621
83200
84535
64922
53656
75173
76325
67761
73514
74475
59881
59178
56820
81517
56635
54312
63900
73232
71680
82768
84290
58948
61304
77101
80470
67974
72633
64211
73132
78121
68956
54467
84690
74583
84854
55567
69025
84563
60874
64703
70162
82176
67388
72818
82515
67751
70793
65609
84762
52213
82742
55040
80442
54083
74950
60510
60276
69147
74288
73424
79759
54775
82832
55377
72106
52811
73757
69260
81618
67014
68187
69189
78800
81109
52370
71157
75076
62826
67966
66484
58872
77819
70984
72284
77678
63949
55989
74220
53435
77938
73886
59178
81816
73361
82848
56973
81847
54757
79892
61017
70739
60040
59457
74764
61451
62322
82641
55545
71408
62524
68994
68147
59101
70698
53278
59308
80391
83561
60333
56990
55252
83861
78313
74538
59377
70783
69874
64832
72607
81452
75587
56510
65869
81697
54245
63708
79468
79325
71394
65223
60287
75944
54781
70540
61041
79499
55712
77112
77612
55712
71190
67389
62055
73356
70906
79384
75455
62793
70384
73265
69642
65321
75155
53763
81128
65047
64942
72572
64154
84256
72110
79015
80664
59955
64599
62344
74077
84261
80823
60744
75782
67576
64600
54418
71195
62557
76986
71484
79405
78455
70912
65322
66465
66786
69354
55919
82507
54772
64003
61110
78911
58947
81948
80865
57827
83047
65016
53743
75849
61953
74825
81443
65980
55804
74971
54114
81049
64530
65552
53726
70753
61842
83596
78321
57611
77665
58161
71243
53407
76095
82254
76112
57088
80460
74515
59836
65545
63179
80969
76425
77788
84773
58688
84498
56695
68657
64008
58488
58249
56498
80355
66885
66435
68642
80635
72783
71409
53934
83537
80352
60171
69249
77814
54803
64135
58949
65405
75649
63922
62695
64688
52509
59583
58011
62594
53085
73823
69409
84549
81051
68754
78150
76061
58554
68028
69549
59829
63500
71675
79567
65584
68979
55480
53313
67171
54215
68220
65334
79425
62072
63237
58948
59542
56693
67482
80491
60409
73804
62363
67411
83963
58514
81244
67797
82085
79749
61747
81341
77346
54000
56016
71630
64696
60751
74957
60679
59645
54580
71302
69157
85063
56297
58411
75369
68964
54103
83220
84123
67979
74534
83028
52559
67987
80166
65424
58983
71523
55534
83986
68569
83882
69315
55833
75187
84944
84411
73331
71516
57388
57633
76366
69660
60023
67868
61772
83166
56448
64140
56789
63285
77602
53813
82865
60830
67955
60191
57558
82181
59455
79932
57470
74634
55733
57676
70781
66692
74079
75518
55506
79302
55384
53848
54652
63010
56761
78680
70287
66860
76628
62172
70278
74816
58021
80831
59099
75975
75269
65349
62165
66485
70177
55481
53410
57942
60331
54356
68773
85067
54607
73057
76561
58064
74217
55199
76727
75072
71413
75751
65564
57050
78662
77838
75727
74181
52732
66061
59129
62290
74160
52831
84790
68994
71665
53675
62115
55752
59636
83363
84281
67855
58247
55596
77913
60671
61767
62399
83111
63100
76563
83983
79388
64880
70080
63980
58967
79307
81678
56167
82228
62920
74459
66871
66464
78193
73879
52827
58540
53093
73976
59137
54496
80601
60399
72359
83921
55005
57050
64896
80885
79584
54011
67865
62647
82039
84009
60476
72391
72282
75717
70165
79540
68783
78832
74899
80316
79500
63227
69137
67811
81079
83743
81462
81474
54704
78447
79385
70818
55025
59146
73641
78153
75636
60309
62541
81940
80758
80873
63175
71110
64891
73224
66654
85152
84114
82774
65852
69426
55258
68102
58389
66928
53061
62162
75017
71688
82332
73455
70604
65011
55235
59968
55556
84042
64831
62922
75506
57436
79349
79464
56661
76797
65844
56255
74891
85025
60918
74613
82938
76201
83043
60574
79790
83068
59543
73591
84291
63706
55973
81239
77830
77549
63452
77026
64599
75937
57673
71296
53842
57782
76668
58638
79790
79380
80783
81619
63716
82526
62821
68277
59796
78537
73520
54700
66597
62511
73270
76920
76973
64351
61652
81295
72464
71352
68035
55130
77931
65014
61594
71328
80819
70731
84884
55619
61849
69810
79508
84266
72625
65664
68454
70526
82644
55355
65352
73753
55491
67248
80297
56635
75020
81472
84016
62335
63794
59515
70656
62990
61448
63472
80955
58131
80990
68674
63940
67695
84703
72831
61514
73901
80698
72622
69762
80952
62592
84903
61363
84683
55501
78376
79992
55594
56363
58404
71874
55056
66227
72542
53532
63848
68086
84535
84275
68799
82331
74180
85397
84986
55113
81444
55993
69444
72135
60689
72000
59211
63329
82612
61306
63660
80782
61630
85036
76715
53201
70580
69264
66600
66525
60042
77726
79311
73980
76916
69770
84110
85169
61689
70286
57676
65180
56905
56297
66264
69023
70096
60968
56095
71743
63243
61860
61603
85069
65691
55884
82984
53701
63384
84388
80560
56566
54567
53774
58282
76771
55887
65353
61287
62186
55816
84023
59853
64675
59797
85475
68943
65803
60180
68546
82461
63458
75348
56633
73111
59985
58342
64608
62984
67536
81527
56838
56977
66119
73309
69365
73571
62835
70511
63094
65073
56716
65818
74264
60134
57637
53425
65198
58515
62035
73221
74391
76459
68369
70198
68930
69234
67811
57544
65520
63667
60346
72441
54204
63409
64536
85330
61657
59745
72820
72573
84764
71126
84448
85590
67514
85501
69609
67652
77906
57994
62399
70602
71470
67378
72342
65625
53446
63003
77643
65897
59013
59281
84811
82888
75472
78330
59057
77105
79429
75276
70574
80416
83520
64317
67886
60901
70820
57467
82104
67831
71896
66846
76694
63884
66063
77339
82743
80486
60109
76666
63697
70640
58791
82442
84042
62345
83786
56659
62041
85280
53694
73164
74217
80641
74988
71502
65726
53230
71774
54217
65370
53106
57927
60982
54306
82034
77763
55756
62909
69125
70239
76151
70845
76422
59100
60294
55425
59623
71984
60835
58201
65607
59854
64777
57836
60871
71719
63217
76247
75930
71281
81229
76695
56412
76455
58297
80809
73125
73937
75951
63215
85213
62085
69370
83542
72530
67502
76653
83382
59015
62604
64212
70138
56784
55548
54315
82560
75291
83194
84750
70083
61457
83556
71281
63799
78942
66560
53137
83060
68172
68033
73002
57239
85143
76358
73451
58597
65661
72100
77095
77234
78612
75109
82125
60034
82144
77265
71578
67181
80805
83052
59533
55752
57978
70591
81052
61441
57375
62555
81829
58571
82832
54044
73127
72827
59098
85163
81970
56242
79918
74310
65564
66109
71988
60356
73590
60729
84129
76499
73662
83067
68108
74629
84054
79663
65534
73227
61749
60350
60488
62912
58845
75510
84633
72041
62605
61029
63823
57530
64951
76293
58510
56093
71604
67871
59279
64432
72375
77417
55355
83596
76032
59249
61689
58189
67410
62271
68804
80079
55718
72758
59776
63029
71713
76092
58510
77104
53316
59931
58782
57726
67171
58150
60356
78256
84824
56351
61647
64817
55928
54872
71382
76676
54214
77337
54291
63693
58983
60226
69876
60307
65366
66865
60528
55236
53337
73190
72344
70393
82740
63589
69998
81404
77084
77404
63481
83848
54894
59654
68505
68687
76449
74063
61337
79937
74874
76601
72451
85260
84606
69758
55480
61919
85933
65143
69055
61556
76909
84796
80350
66381
82885
54797
58983
55614
59595
83697
63317
61995
55392
61852
70295
80147
64282
57238
70060
65357
66434
83354
78192
81170
81024
59453
62518
80700
72723
78800
59926
68173
60997
68486
54153
60083
76895
70618
53811
68171
54361
64555
72703
80675
54420
68521
58481
67460
57292
62837
61496
83760
81224
79876
67331
72168
59731
68549
79766
60209
72176
75011
74269
58200
64458
85260
81088
59828
80746
71315
83575
72747
77484
78163
56352
57335
78452
73973
58319
61354
69789
56116
82533
68208
66098
69951
69476
75925
74209
75870
80641
55623
58028
75225
55931
77212
57058
70166
69292
54487
70478
71425
80094
85479
55982
56752
61919
53808
81255
61256
63320
56718
59766
72986
66394
63383
59050
78866
82490
74273
56080
65362
55967
69893
62383
56858
80857
69410
83318
61675
75380
79012
80499
74220
74509
53894
57158
68748
56165
79701
74964
67689
68020
78135
59968
56177
62016
61741
58135
55110
72493
78741
77258
58855
79511
53747
77410
84366
62174
74224
65903
70612
75073
83363
72513
71707
66223
53520
59227
56621
56025
59630
64549
53793
67980
81582
79585
84607
70206
69048
54240
66980
72167
65016
55030
83303
78610
69529
55339
79868
77875
62480
67763
80153
61499
63581
66593
77400
55658
58509
82391
66269
63076
62596
80577
67128
59784
85497
71491
78476
76413
71618
63855
73201
82445
71250
79740
72472
63543
61824
72307
85294
75903
67466
62764
78594
77961
61785
75641
60777
77030
72710
57761
83170
63534
72606
80912
78454
73807
72482
63308
61410
83492
69074
63531
54008
72522
66987
54340
63555
61999
54063
66211
65770
70763
53860
66753
59350
54100
67871
72627
78359
67276
64130
56737
65156
61022
54212
81786
80034
75914
54832
59110
62152
78940
74353
55420
76672
78148
84236
54838
66095
86305
82990
66081
73465
77983
81576
72025
53727
68035
85048
56117
77098
62660
63242
61631
73485
76573
83582
59495
85638
65760
74540
72184
81797
67661
80934
67274
66128
70563
53628
68154
61990
67894
67590
61015
83746
81346
76381
80094
65379
84223
64299
83049
58218
67701
64677
63971
76227
83090
86357
81471
65000
76794
72221
59497
61026
71966
62841
54141
67121
54800
66564
57656
71022
53910
71230
65708
60719
65661
59276
68919
70315
84527
68224
72117
77215
55176
59995
64501
79344
70886
67024
76906
74897
77951
83723
85539
76711
66040
72946
62205
80363
69683
80299
61464
85328
76136
72286
54919
55527
82295
80956
58444
82431
68220
74432
65923
80016
64420
70452
73181
61146
80448
76152
66128
62537
71960
76287
60173
79772
74242
79130
64947
62534
56755
81785
61378
69396
85460
62446
61778
75281
85337
57973
77829
55207
84750
73842
67130
66822
70258
81465
76419
70602
71369
79315
62298
62167
62573
79616
66319
59016
72805
62584
61445
57354
56888
54902
81182
58370
82947
79479
79476
83062
62666
67647
67146
78314
69900
70686
71234
59337
81306
75377
69840
63495
86185
55403
71406
64005
54565
54806
65041
73909
55368
83348
76380
64510
79212
78763
55572
59746
54301
76161
61269
63454
68723
85923
73987
82705
75166
82508
66562
68001
74435
64229
58282
66267
53767
62152
59509
79769
86505
58185
59387
57961
65748
83703
61729
72427
68340
65567
59533
86139
68170
84114
84317
55312
60667
85672
56856
69988
71150
74629
67044
59222
60309
56987
55802
77708
84235
72304
83800
77148
66912
77474
61621
80877
66865
84776
60602
58265
68219
55514
78959
56982
79536
82740
54772
86230
62219
69463
81777
79659
78625
58448
79439
86447
83386
59549
85673
68963
75742
71917
63229
78102
69171
64552
60456
86409
71814
55471
76177
86224
58279
85733
76196
60667
60794
64750
68226
74230
65355
69559
60150
58030
70242
58678
70572
60789
58071
74739
82077
81832
74920
60359
73422
60559
69385
66531
86586
56196
78331
76309
71692
78168
84512
59207
55570
59634
67278
68937
82031
57145
63074
82384
76432
54837
68823
80574
65633
78704
63639
69539
53952
64931
80272
83076
84530
56718
77451
61916
81620
75304
68793
77281
68757
75768
62863
72456
63395
54211
73428
81867
79139
61543
82169
68522
60453
59399
81832
77168
82647
61544
82079
73399
84984
70299
74943
67758
59536
54749
71520
58906
61919
70075
75752
67227
81811
76666
74140
55089
56894
82613
71094
70654
68102
69960
84919
83790
82335
66157
68606
80340
66934
83237
63642
79926
71471
56794
59485
86477
85330
64322
63537
62630
85825
70278
83631
68300
85358
67236
69102
64713
68042
57106
69529
81258
83073
86436
67397
82627
57572
74671
71425
69747
54950
75375
57902
79657
82764
86694
84625
60775
77791
83846
66470
75142
57060
78033
61495
83195
79502
55359
65070
57560
72497
58912
62632
74646
85498
70978
59466
81937
74718
56853
84440
71124
75984
56589
82691
60055
66359
63560
54659
56582
76703
67697
61542
62660
85166
67812
61352
62384
57178
70418
80387
85095
55130
76071
61704
57866
62426
70635
59247
62785
67699
55270
86444
57983
86618
67016
58563
71048
77272
59912
55132
54833
81914
57290
63770
86631
59529
84742
54313
67955
69692
64999
68886
64636
75565
68977
62692
84046
59274
55655
65884
68698
77965
84844
73636
82685
69038
69992
70931
61189
81431
55085
57924
82545
86104
82779
56425
74360
75356
80768
61666
77005
62875
78724
83727
74274
71570
68677
78946
55787
81520
83326
79544
74596
57875
67309
59625
79829
63794
83125
75165
74260
86748
66305
85090
81740
74785
64746
56572
81150
73231
78491
56572
79941
73696
74418
80789
57950
55665
78570
75690
85607
61942
68599
68651
85095
67309
60594
75426
62863
71504
79990
60425
85440
77583
83146
77791
73293
59069
76352
82299
60929
68489
72861
62367
80484
66417
69177
82512
54842
82354
74409
68325
69965
57219
79004
68191
68972
77058
62211
71160
58548
85615
55669
82431
66830
80280
67537
60130
58617
75668
81189
54413
62858
85684
63950
54258
62896
63671
68833
79593
68285
84285
69834
56891
82466
84095
72499
81401
57466
67132
74792
79891
74187
59639
59512
66853
85768
64863
84830
73620
85210
55823
64352
58586
67487
60279
56952
57630
57524
80922
67954
63752
65775
68859
83605
58835
78960
86609
61317
79780
78746
59522
73320
86554
64860
70991
64072
71462
75445
76108
74424
78877
82807
54676
65211
83211
85067
68026
62177
82507
75253
60931
82611
60500
77273
85458
74065
76246
61374
67171
79194
68614
59603
85436
70668
60725
64495
58849
63405
56744
64285
69704
79145
86692
59992
54668
79100
84936
57235
62821
62290
58016
74749
70360
84845
63606
64130
61611
70216
63083
77717
86556
83066
86983
54829
86995
84828
54926
54797
86292
73070
82516
77641
76089
81399
59729
71430
63840
57324
86968
86401
73313
77843
61765
60755
70403
68200
67861
82931
65135
73408
56251
58236
67300
84140
76688
83376
81069
73376
73546
63549
78160
64597
78545
72256
69385
68715
76366
86792
83062
70995
80772
75292
71828
68972
57699
84095
80618
80492
69082
56114
74756
57346
77294
77563
55843
82362
78857
62821
60979
64544
72852
66312
83197
63784
73927
67338
65694
66509
68544
56294
73272
81657
58835
54636
72679
66469
59938
77834
80631
59969
64109
66889
78420
66390
66859
59802
58689
66410
70105
71507
62029
58916
59282
84725
77443
85168
66016
79024
57570
72549
83922
74537
86541
72357
80206
84858
66627
73477
67241
86650
75664
64686
83573
64320
73285
84484
81306
73442
75175
79237
60841
86402
63204
62195
56684
55436
62539
66485
85954
54841
79547
56955
56489
85592
69468
80417
73885
59469
86414
65494
63009
70234
63775
75901
60827
59933
65729
67923
63332
69210
64699
86994
62496
81403
85470
85206
73547
59477
65723
65279
67605
70317
77075
60502
68720
79611
59791
66355
68199
65517
75697
55902
80817
67119
68619
63604
61318
62186
71343
76428
71345
76683
77798
77339
54759
60101
60709
78357
70231
60121
74300
62293
76930
66837
70353
63551
56653
60058
55309
77732
59732
55907
85653
63205
73346
63619
73916
84828
85983
76462
82167
76535
82856
73211
59537
59430
83877
55784
61087
62712
57271
66719
68407
59777
82609
81016
56029
84350
72040
76478
79422
85308
78862
78774
78369
78261
76219
59357
56218
87036
71245
72306
66688
72668
60018
82228
78882
63932
66051
65901
69686
64454
62612
69167
86546
81481
87113
80862
72735
80731
85739
60654
82826
81346
58682
80878
57916
64277
76933
67270
83213
71966
85625
81725
68148
74371
80695
74942
66562
77477
82345
84827
78801
82121
66069
70674
61751
74358
61170
64079
70015
81181
86011
55987
74585
79616
64387
71444
70352
55116
80392
80837
84349
62856
67594
68119
73466
63539
76317
68639
77210
75433
83774
71098
57175
86599
64867
54991
83724
72399
74838
58068
72165
86542
78530
86420
56595
82620
63886
56623
72644
56995
76139
74082
80210
71684
54953
57352
78778
59958
61263
61153
59985
54672
55146
78483
81074
86665
73637
84718
71163
65566
68122
87156
79929
70004
86376
58137
56352
81599
58886
72263
63744
81250
71127
67109
84212
66392
86526
72217
56669
55762
67315
63628
55182
66337
80598
59373
72137
63447
58884
71928
66667
65321
80361
74296
70499
75416
84501
87242
61416
56529
84881
85605
84588
78801
56947
60567
69835
69196
71088
66897
87241
80976
78130
67750
63163
84774
81450
61392
59524
68729
70056
73076
72899
71865
86377
70439
63051
86210
65263
73776
84948
74425
80087
60815
87024
71223
75368
68415
68928
58282
82280
58041
63207
72440
62003
78521
77119
73061
78350
63556
81611
61110
75704
59626
85357
74134
62018
57929
85977
58170
71201
62162
67402
59969
82050
57296
64884
85214
87261
85157
73401
66104
63693
59223
83103
70417
70175
81484
83074
81318
60200
74578
54918
69847
61788
81891
59600
82568
82461
81574
78582
83271
63953
77368
73139
57647
63799
65837
86752
87052
70907
85842
67999
81088
58248
80949
58074
87525
72989
75496
59884
82867
82467
67329
69021
63780
64446
72421
75092
63575
60066
84807
54920
62002
55336
59371
61048
67916
64928
74160
66588
80906
87529
58829
63067
80392
77120
65115
72318
75962
58198
72724
77541
72531
70565
77146
58872
82405
71683
75387
73057
70602
72056
73523
71033
63812
74573
59762
81151
79968
60517
66912
58640
76064
84689
71326
61779
62680
66974
81615
55413
58585
63729
65880
67797
66637
82007
70755
66944
72034
56150
82730
85855
80299
65608
83314
61103
64963
69993
77909
78002
71731
59438
58437
60836
86933
60120
72782
60145
80890
73802
66203
77221
63370
79383
60988
86308
70250
77024
77351
79387
82403
73437
66940
73142
58048
87225
81165
66836
79607
72867
60957
87288
75404
71586
60008
80321
67507
61736
58724
79772
78389
79083
82631
85752
57876
79600
77385
83258
77170
82408
57515
58802
70063
65472
79352
85710
56274
86132
63755
73614
61482
66340
67665
71992
79157
75113
79824
67917
75200
56553
70760
69563
85584
65321
60505
70996
80321
56227
82182
67199
69933
60441
67065
75310
62223
57128
86310
68880
83368
78112
57460
76039
67746
83731
71801
86236
59892
81964
57477
81970
74245
61762
65507
69560
56084
81581
57435
64931
75735
84057
55803
72284
85346
72729
60440
77173
58443
57917
67471
59106
70924
79974
85584
77926
62376
77465
60446
78667
81554
72339
60560
58966
66762
79196
78428
79866
63305
79647
62420
75980
59807
58681
57521
59959
83419
83600
87312
87409
63403
61990
81338
85677
70340
76782
70056
59539
80004
82910
66759
56301
65750
60229
55288
75683
59991
62559
59995
60649
71095
77862
61389
56247
86113
56940
61615
82809
78430
58407
63210
72713
86902
80908
68655
72410
56217
87391
60804
75894
62078
87305
71676
84522
86666
60651
70341
87039
66291
81266
72296
63213
64805
62827
69965
65356
82277
74777
55678
55179
73396
61829
64428
74532
78326
78102
81783
67023
57427
66145
71914
60151
86238
62530
69445
57706
76148
56876
65792
57172
70375
58301
59660
66158
84060
87702
67932
73843
79346
60009
73380
80852
60069
61267
65889
77996
57713
67181
55321
77302
58810
66718
81636
85758
71403
63411
67627
59669
85854
65969
64176
57737
62076
65129
78030
73684
58917
75598
64771
61460
80722
76164
63403
59835
84472
57913
72206
77448
82992
79160
68253
71094
66710
78267
65145
71539
72686
63873
87093
68755
57870
73249
84957
71302
69112
59550
65591
82823
72006
81723
66888
82711
62155
73105
86042
81578
83063
86750
84925
76448
86139
64160
81804
74614
76206
58211
60081
76606
84783
55255
63724
56140
86860
65061
78992
56883
58787
82307
72142
83440
63623
64007
77621
70244
70054
83640
83834
64520
79336
85483
69749
87772
69786
55245
70509
74144
71115
63292
68245
70983
74742
79067
77782
84137
59618
61541
59599
81016
69063
60481
62491
58229
61106
79703
64466
64227
57642
59683
78162
83772
85524
58375
87615
67876
74452
70118
87752
81563
56757
85742
55596
66678
80267
63157
59005
76816
81047
83848
69797
55613
77482
69632
80294
81023
80525
56021
57382
81277
81569
68855
70954
76208
69827
76251
65314
80736
80242
78355
69158
68815
59956
86050
83327
84916
78645
83854
81513
82154
80946
55863
83991
65642
66709
71654
84216
87415
61154
85033
83257
81688
72529
65119
77451
69835
87485
79887
57638
68472
72380
66942
61965
66212
63504
58496
78484
57831
85054
71054
68896
75424
76156
66329
73519
74215
57296
78622
79000
71363
62071
63227
67603
67741
64644
85377
60667
85493
84169
76618
83539
80724
73978
73036
61192
64130
71696
63919
63349
57848
87020
70364
56364
57496
72253
73943
72180
86428
74915
87246
82702
85197
65557
84722
63933
83701
64384
85637
62469
71318
59824
74804
60594
78044
80500
85672
75164
78545
77565
65880
57130
68304
77192
79265
59669
87612
63549
71192
77934
83825
84822
78879
61155
75771
75395
80822
57150
84743
83341
72084
72494
66582
68666
83831
67146
62969
59762
78520
59987
85497
62879
61730
75961
81750
86106
79876
75105
86771
65859
84357
85670
57167
57392
85048
59038
81079
84107
82160
61854
68026
72693
68310
60928
70622
88111
81336
80163
80017
83003
75428
83380
86626
63678
82614
67372
67185
83881
71726
79514
67108
83736
75205
87203
71964
66427
56386
68807
66408
72947
87624
56806
72696
87039
82546
76802
75604
84311
78754
73542
84622
62744
84885
62535
76404
71970
62395
74123
68363
78526
71750
63048
66361
77701
72065
71277
71874
59773
59236
63462
88182
77444
64357
83228
81576
87794
74896
84156
66529
77690
55770
83642
74198
80465
67251
59029
74904
68498
67034
70364
72715
83170
81525
61937
82329
62544
71521
56333
75303
55934
79047
62084
64584
56326
78832
80971
86705
74263
55642
60343
86766
77407
58635
78215
88147
58926
65829
82213
62260
88280
65211
59945
76889
83291
87267
60191
72876
74561
71180
57738
77109
78536
85906
64297
70472
88129
67472
85112
56573
83638
85238
61562
74209
81359
69083
87478
76779
57078
75796
56447
76978
56762
59397
76409
86748
69489
59831
87897
87002
73250
69675
87788
81363
58018
67310
83035
75229
76284
66030
62125
67187
59926
77708
59021
57892
76178
69874
73038
65160
73459
76967
83244
84856
84737
85856
84693
84606
70254
85786
57384
68235
72377
66661
57404
68584
61011
60931
79012
73839
76801
78513
73713
72699
83329
62789
70009
59677
70000
77561
58967
87569
78955
66567
80819
77296
75125
83574
79428
61990
86424
72499
58130
84007
74447
62819
71041
61278
60964
56312
59019
86886
68886
77186
80205
69245
75325
87624
59589
61494
59697
76952
66266
56430
82343
59227
79004
71296
83421
58092
84942
85181
58425
75819
61858
63510
70701
59853
66243
58396
69213
60406
75928
62251
86020
68105
71624
62177
60819
85695
71673
70869
63644
86646
80094
57222
64751
86988
88176
76690
88323
81517
56955
65833
62871
70697
86365
59840
73880
60490
75786
68106
69446
64804
64852
71716
84883
58349
67690
66064
69835
73423
65182
88164
56186
60732
82539
86339
77963
68226
66486
63373
57261
63135
79188
55891
83195
82262
64461
86158
85467
68482
63839
75024
83238
78507
72518
81594
76426
56023
85051
71920
71981
84642
77883
73802
65939
85393
85385
83852
80578
69796
83702
59609
77476
77098
68448
83747
75180
87513
73337
82918
62908
55838
57033
72982
71751
62386
60663
83798
60339
70254
71748
79978
74753
72288
62552
79343
77487
83998
64577
64585
69085
77658
59065
86494
61104
67511
69543
55938
65268
80859
72425
81713
83461
61126
78929
65028
66799
60258
69869
63070
57812
78427
71052
66918
57998
72240
83581
83643
64150
79243
58522
85347
77860
62414
56198
59652
72856
77806
58674
84822
85017
74116
67238
74200
82044
58401
84478
63426
72551
67810
88498
62523
78774
58949
57627
84173
72221
72251
87603
58390
86287
62079
69789
81088
80863
77605
86501
84147
67878
86902
74504
62600
72804
63739
76599
77633
80618
88280
58328
56888
65527
65372
85454
85334
56353
56789
68602
61317
74742
77481
67329
66408
61924
57250
65104
61513
57174
63114
76382
61267
88352
74744
87089
87297
70429
63593
67108
69334
57110
61330
80359
76111
60134
83445
75719
61974
76252
85171
72496
68216
60769
77729
61552
65049
61659
57757
73661
78310
56529
74531
63866
81740
66895
87835
63414
69543
59276
72181
84214
84990
76490
85752
63540
62701
75902
71639
87591
79586
81841
60038
67525
85645
63398
80203
56839
70033
79293
57624
56044
61312
68247
86552
67520
65286
88699
75400
65694
60260
58616
72648
88372
87584
61388
74162
81606
65787
71941
62506
64373
87076
70758
62198
81602
70827
88076
76753
85838
57144
64594
84666
68067
80637
86769
58514
86456
88297
63852
85990
87537
86815
60075
65546
86118
65702
87013
71271
74149
78178
78020
73237
60986
58947
62148
75181
74030
88508
79837
76632
63437
60535
87137
69420
64172
84551
78887
65465
67563
56158
87785
70878
86712
87488
60395
68834
64532
66295
86237
57279
75994
69128
63491
72897
80125
60839
63891
83536
66577
81575
87135
73738
81677
74420
74163
74518
61263
63300
82049
68788
69344
63691
80827
80664
83450
75310
61441
85112
56775
63611
78972
78948
86124
82647
68362
80726
72262
85688
72603
72842
77939
67668
65243
79375
82069
85849
72721
65311
73170
81886
73286
80044
65312
67481
83115
68667
62143
72531
70197
68853
76550
57498
73866
85755
67683
73654
72224
67835
66718
86494
73635
62465
58205
73643
72856
56719
84973
74700
85825
73711
77887
83452
67520
62664
75057
82481
57982
87536
69647
77846
65998
57473
85338
73404
68302
60975
79048
71820
59790
88280
73355
74625
73845
72797
85462
70036
75488
84657
58526
79223
72459
67119
83102
85893
84789
63025
65949
83706
88575
59870
84211
66399
66070
73027
57930
64073
81169
87206
77218
83267
86429
82454
82584
87049
68823
59719
70887
69367
76537
62877
82479
64960
78649
79495
60661
83555
84718
79374
84203
71771
82933
73134
81010
88086
59987
56676
80734
73385
87323
84232
81657
57794
81555
73693
65354
88030
75666
78439
86423
60604
84524
72316
86056
88593
73617
80286
77646
79997
64819
61832
58276
72894
68903
84743
64917
70948
75214
65291
56862
72516
83124
71166
75989
85489
78008
69972
71467
67432
67438
86884
69870
74699
80321
80246
77330
68561
80861
72733
66992
87995
60492
76231
61007
73354
63070
85906
70499
83311
78799
74849
66579
58243
86436
68144
73535
69048
80982
63908
65730
73487
71474
76774
87028
86284
82688
71346
77683
79976
79843
61099
56868
64005
79488
74738
80244
85031
70754
68854
63716
71648
75677
78734
72388
85708
71090
63557
84542
84223
68019
65524
59031
81724
71080
73623
69554
79207
82736
80473
89046
59709
71532
83441
72368
72003
69144
59697
84380
79868
86011
59612
72992
57183
75906
87737
82873
71816
65192
79589
83419
84910
87320
69485
75571
60501
71062
71196
77103
79301
76699
61586
61120
68538
78399
80534
69983
86877
80220
83630
87886
88179
58865
85228
58144
70357
61892
64522
87163
57376
85580
73914
74269
66989
61133
87863
87325
69316
64965
64288
67955
88844
65927
84358
87995
61766
78886
59716
68662
59963
70292
85390
85778
67571
59147
75469
74219
85288
86700
87466
87697
76026
72295
70761
58124
68325
80666
84601
79581
62191
67837
81481
62855
86566
56893
72029
80462
85833
72935
62112
84287
82886
67592
86780
86384
66788
79891
59432
74889
85314
77442
88513
67459
88704
85184
62621
65712
70460
78407
73820
83708
84288
83461
86847
79474
60409
61189
63550
60930
81708
81995
64340
64129
59876
72704
61470
78577
61871
70095
67236
76291
62985
64654
82551
88282
81945
74529
75772
59154
64155
57499
87047
78849
75294
71591
78251
66876
73071
62759
82513
65117
81493
83482
76808
83460
68222
58563
66076
64540
87226
65800
64490
58720
85607
83992
69106
61469
67884
77648
71982
63033
82155
58976
74915
57460
66032
79017
87349
69358
65391
83434
71615
76522
77357
76316
78179
83409
63357
68762
76319
59770
71790
59013
83361
64936
65859
77927
65117
75476
84259
87830
79580
66093
68114
63452
70999
58078
80160
75732
81284
62607
85728
84631
89264
59182
87068
80920
80910
67567
75463
86477
85327
60305
68403
63248
58738
69092
56709
59588
72158
68232
63333
87099
62382
86775
73210
56663
60748
67013
68629
86000
60993
84775
60588
65654
80203
88755
88459
73688
65712
69222
78406
67236
70867
75499
57202
80751
57605
75034
87572
79991
76445
89280
61274
78983
83531
74910
59529
62235
79785
83892
73527
57285
61203
72639
56762
63695
72121
57600
84960
85282
79858
85823
88033
69990
60884
62480
76689
69739
82433
83541
66010
64200
81603
70404
61546
88514
76124
75562
63913
76143
82839
88880
64238
56859
84899
58205
84722
88298
77345
67997
72837
69567
73340
78977
63871
60509
67961
57222
59898
75468
71183
59546
72638
73471
75896
87772
73213
63923
72584
65188
66881
66714
74814
75459
68514
75193
70553
70412
65852
88590
60076
71699
73952
67447
62709
72756
72970
75215
89323
76247
63763
66394
61142
63219
66216
75875
64995
67025
65403
73251
73592
82707
58168
72933
78021
83188
74171
58728
88732
69585
61824
84357
67458
66537
70235
75793
65542
88161
60521
57349
74065
83851
72518
65244
57855
86119
80256
77373
71981
78186
65612
74970
80851
65663
69496
73368
66645
66636
61857
73712
79956
78518
77990
67733
65738
63655
69212
80215
67670
77582
79236
86343
86996
57640
63226
83484
67889
83967
59183
89045
71805
73520
61400
81824
64322
79600
76264
84475
65045
59217
70588
76825
84074
84162
63382
68743
71341
87509
71245
87823
88718
88646
59971
82909
79260
86840
71318
88544
66069
74945
87707
61555
56828
84137
65928
62525
60525
88687
63088
62293
82222
74893
66677
79018
76422
70397
74553
56995
85330
77564
69525
61698
83797
67598
73870
71182
84944
77378
59524
69361
61010
74167
63149
81759
69586
88927
85186
72824
74235
86787
89336
66288
79047
75400
74802
79981
66127
83568
78965
72752
60642
84900
82844
84728
74580
88688
70221
80419
57240
79567
81707
69143
62353
60905
88653
77792
71718
80090
85232
58906
78485
64693
59752
62738
66569
68552
79709
68136
63342
68642
86067
63096
65924
75603
57290
64697
83762
59251
73064
79460
65054
58726
86259
87065
80762
76893
79972
81216
75041
63136
57720
86764
80098
75660
84904
88580
73243
75479
58972
86180
79242
65820
81756
78529
88929
61843
62855
61964
69528
80159
82887
75033
63623
59023
79940
78273
62388
62493
60376
63173
76010
89659
85444
80051
86923
71568
87969
87566
79398
65085
81305
67241
60492
79460
61142
76372
69280
69099
64059
60090
89390
85373
76626
78986
58366
72402
62342
84949
85480
86065
62355
65464
88489
60723
80186
82234
75063
66761
66873
74103
82770
85120
77178
64255
85852
78084
61323
84601
62314
70627
83790
64140
70811
71316
73202
75519
72105
71352
58657
72478
65469
81823
62075
69472
78216
87310
77636
59976
87183
72512
61529
67721
65734
65578
68201
86125
71265
59908
63073
70775
75239
85764
72232
67912
73352
64109
67981
86719
79536
74440
86910
60516
82652
79217
77690
61703
61101
64342
73544
66980
68666
64252
88298
60298
60843
80835
68813
64956
64772
85610
89154
73112
67134
81621
70706
86710
59292
86798
65548
74259
72764
80779
59651
57455
87277
71855
71031
66547
70464
63890
89264
80151
64226
79877
74450
81603
85288
87505
86285
85428
82668
81728
73237
69410
80024
71391
80594
59040
57472
61057
79704
70467
61301
70023
78873
60422
63382
83039
78681
80749
58730
73035
73443
65129
86828
88676
87547
68220
75366
88286
87955
57117
76738
70029
89282
75358
75036
81576
63345
75980
64987
69326
67928
80023
72066
67910
75561
88051
61570
67467
80906
73405
61267
59400
65865
74594
84930
89632
73291
60157
83085
66417
66758
74943
65325
69210
89392
78996
63475
86458
71544
86275
79958
59899
62451
79958
83852
80720
71833
82172
67927
75066
67185
84267
65314
69457
66378
84426
73548
78657
84908
69773
79556
83987
73998
58722
67798
62126
67657
73484
74052
73629
85069
60173
68761
76306
71955
85194
60090
62507
82643
71658
69566
87157
68982
59903
75519
64687
67662
59240
68721
81360
86533
81782
86067
85323
88275
80845
71780
61329
60148
89869
87352
76759
76634
87730
64331
60698
81567
83001
79925
78945
83005
74117
87390
81987
61441
83072
81172
85416
87997
83461
87514
87508
84286
86014
75779
60833
81021
71369
65920
76299
79385
66017
68599
77298
77317
83898
67861
83228
85630
65772
76068
77946
73537
63124
77792
67500
61690
77815
88966
86982
72959
66409
82479
83797
60734
77422
72028
79773
82037
80158
72658
80677
81569
75982
65960
70006
78264
83436
81566
79903
87706
63787
64176
86268
80453
66528
63723
81336
63305
71596
57472
70801
59261
69980
72727
86619
73199
88845
82789
60872
81185
80276
82689
77798
64882
67869
79475
62953
63450
77073
75918
81963
67802
79678
77313
78449
90035
68146
69160
59760
69079
64231
60968
84368
76445
79270
78394
76527
89912
59941
67911
67241
61162
66291
87734
67927
69493
60437
61058
77525
75219
77042
87951
84809
80678
88428
67646
75104
81394
73296
86335
67035
58250
60656
60070
57419
81352
68110
87873
63768
88321
66556
70185
77000
63032
87042
80536
81022
79250
77568
78330
82881
83210
84308
57415
80767
59238
70142
70287
77394
59242
76034
75735
66049
84811
70926
65571
64074
89191
64605
57812
88287
87858
58587
84276
81582
87924
81802
87632
78437
87218
82724
85254
61494
82665
88578
88926
59096
76675
75580
72222
67022
86659
59154
64408
82155
80899
77451
72903
60694
75232
85595
76954
88651
84404
89354
89488
85730
64260
76883
71045
83988
62907
77259
85964
74683
61655
68291
58749
71513
84323
62318
77840
71772
88485
59719
80427
72096
86168
67757
62137
82486
73117
71120
71228
65892
83053
86225
82532
74732
77138
87333
59360
85649
83351
67643
69236
66008
66620
88926
73548
68364
75503
58588
76176
67204
80696
70760
87352
87849
83956
67261
63522
79666
76548
81028
65889
83506
65350
79992
77529
79957
73412
84168
82185
68326
70956
65468
74023
57877
71297
73628
77170
62456
85519
64974
73668
74959
72100
74046
82534
80012
66813
73731
59177
81299
72063
65599
87218
70846
87592
73798
73238
80548
58308
59907
71847
79387
88420
87448
58381
86011
75020
65349
80024
63525
60588
87179
61396
64452
64337
72849
64350
61651
69277
90054
81399
64224
71797
62152
64215
85263
84217
75909
85827
68961
62649
61344
60002
64822
76581
89878
63309
68369
69958
63009
60773
78236
87212
70492
80617
83948
84648
59176
64968
75525
69563
58703
81587
84129
80717
63976
57975
82733
64418
66939
83338
83733
77323
58469
79331
65857
83801
66941
81679
67296
73879
87031
64642
77412
64505
63625
58923
63949
87567
79309
84811
63019
87870
58343
61318
78942
63857
85863
65083
81697
79372
65393
83985
78407
86050
75547
65234
87875
69351
83478
58237
60142
64616
81041
72342
61573
64633
87642
72385
79345
85999
69958
59791
60748
88080
74452
72344
65440
77384
65805
83146
64754
58398
62126
57856
85375
65381
60041
85206
67653
67255
78377
86204
70341
78367
75701
65610
60936
70678
70422
83412
87264
85681
87644
57917
69488
76056
64862
85520
73710
71994
61601
78028
76968
71103
85884
57984
84805
83006
79225
76696
69966
87985
61181
79607
69101
78630
90412
59974
69876
74935
76039
71819
58144
85179
79319
82685
86944
66878
58063
89111
81617
89519
87021
82155
62028
65241
72225
89273
70178
68373
58033
76480
58214
85693
79324
68180
73708
87267
67774
71985
79697
78915
75379
67599
74043
75895
78975
73078
74978
84842
87661
88788
80336
66319
79031
63437
58853
63315
60134
75730
81053
74832
73978
89589
58262
89283
87052
66299
81996
86208
70194
86451
78631
60580
77219
85383
66489
74828
76572
67409
57920
65156
61314
74864
74355
62658
61640
89114
70523
64277
60947
89843
71999
83032
62236
89311
60132
71339
76502
72981
72340
82980
83282
89206
84607
72641
62687
58908
78624
59041
83573
72245
89794
83316
88404
87826
81474
66097
80360
63611
64278
76295
58352
90438
76430
66453
77791
82728
83546
79197
77698
71882
69197
77942
81380
67103
79713
78722
83567
70390
68602
63968
67411
62411
90479
60195
86828
87267
67270
89794
71135
88984
69823
83984
73924
86513
75541
89711
66059
77941
79616
71105
60248
64065
77566
64288
60337
73561
75731
84431
65690
88380
73422
85104
82558
79291
75087
89719
77905
82954
76166
74206
89716
71704
81021
81179
68825
71708
63833
79183
59495
84080
61917
80064
64416
68003
82991
60809
70273
64714
81375
71824
71081
66070
77861
78009
73918
66988
88426
78425
88077
69296
67594
83694
82288
83107
88665
70925
74869
89840
81892
85147
79292
78529
73721
82752
70049
86807
84329
79129
84507
63258
69516
64941
68580
72366
80006
89379
73435
68934
73929
73138
83366
58109
79835
77144
82075
64483
80474
65487
63457
71060
85309
85181
69842
72464
89692
65067
62116
75462
60979
58168
65097
60146
75490
64270
64915
62505
58489
60438
69020
64050
70259
64360
67685
78616
66176
71814
78269
89213
73864
86345
76645
61233
75756
82459
62577
78084
81423
87655
63473
71896
71189
60750
61137
80122
66026
79516
71934
74674
70790
89082
70090
65048
80240
84581
82834
79146
58753
77790
81566
67868
83179
65891
63304
58095
68218
72991
77665
75845
82969
89310
69328
65908
88215
76995
77692
83417
70315
64061
73837
66159
89398
69431
74798
85663
70857
77199
77429
58202
70247
65226
58629
75878
86924
76806
75732
76789
58221
78383
58473
79996
59778
83574
80009
64706
65858
89855
75794
64056
81710
78810
59943
77192
67344
85045
70029
75120
71557
60368
70741
64465
61113
62641
63164
58627
60530
69912
73039
84332
87376
80309
68179
73041
72531
60441
68195
60139
69533
75115
70747
82622
90489
62812
90229
67110
69277
81244
64178
81971
75948
61455
87164
65718
70655
58618
72073
60828
74661
70787
84994
65147
79528
86040
60389
71275
80530
84654
77224
61463
79664
66925
66591
69652
83862
62633
65951
78193
74851
61717
87140
90255
74567
84275
90672
79922
85954
67343
83765
62681
65838
81453
80949
86603
70143
62912
75752
59251
72778
66332
90014
62573
89988
59502
88869
87777
78733
68523
90093
71824
77036
88518
59242
85036
87645
76326
83130
76909
74633
63063
85384
78177
65812
80384
68144
69636
75228
69397
78115
88080
67968
88653
61838
74774
74784
72663
86326
69582
88932
79945
74150
59564
82112
85465
86157
85171
66806
59855
71522
76686
83164
78394
85577
89565
70495
88034
58938
83661
58568
58495
85600
78827
81726
80168
84159
61242
87180
86286
61978
79746
59685
72810
65812
70380
76901
67508
65685
77772
58906
66326
67951
83902
73027
73248
81730
80116
72728
68541
70813
84430
62794
74342
72293
84651
61067
76949
89723
68096
62545
73085
73113
85671
64215
65016
85117
85113
61541
75201
80970
83742
74962
70883
89643
87844
84551
65905
59961
66895
62277
60792
60831
77872
78314
88370
66555
61433
81008
58748
81928
60560
80630
64138
67451
88546
74371
83674
58922
69242
82248
76390
72819
59474
90149
90654
60636
62441
73071
67477
60663
67989
58609
80123
89481
87323
76080
64843
85482
64381
82420
80069
69295
86803
70659
83359
79751
90589
58928
66808
83043
71192
67476
64525
69082
60687
76572
86447
73931
64564
72772
81909
80196
69743
78113
85550
58530
87990
73125
59161
69370
84190
68639
73561
65464
81329
73473
81955
67974
62272
81894
59962
61808
58491
90067
58653
86341
78590
68797
61054
63808
70190
65612
73207
70887
59525
68575
78073
71476
72490
67024
86789
78323
79813
72697
79390
89195
61585
77687
69502
77120
73395
73133
85128
68504
81610
72332
70654
64381
72647
65554
59252
67971
72703
79633
63748
72106
58494
73010
67908
73093
83614
68665
90485
62876
76761
59019
81405
66064
62428
85229
81176
75389
63708
90510
75210
83236
77357
80968
72472
62794
68881
62499
69495
63707
82894
90651
68741
79187
88835
65827
74487
78814
83259
69481
71378
60606
68803
87260
72671
90606
70585
78572
79448
85253
72294
90512
70632
58460
65486
64910
61651
64371
61572
84983
89456
66193
63427
87792
63456
76203
75451
83896
60922
76423
83497
74215
88965
65058
83498
82932
88234
65870
90193
86266
85160
85151
73719
59324
88266
82824
83154
84710
61335
73410
78794
89750
60488
62957
59911
73498
81535
68730
75343
62716
65077
58824
81039
68155
64500
58509
83895
66780
74055
63864
77259
84641
79216
75029
76343
78361
88664
86256
86628
83161
87500
82941
84104
63240
64229
79415
69826
63521
83912
83848
80998
65780
68496
89577
90006
82670
75913
77514
66834
89243
83615
63412
70736
63337
68118
76333
89552
62127
74363
69340
82346
81901
83418
74733
74857
87126
60465
80567
75291
86923
89893
71836
85929
87978
61940
73521
76389
64135
62891
81823
62946
66617
81305
81226
61448
90841
83971
66480
90983
85894
89881
70547
61388
83116
83497
84826
82194
76166
83731
69301
75835
87778
78845
70016
84672
88357
78151
84458
89124
70542
89025
85462
71119
75967
73500
73601
90394
85113
86175
77157
59303
90791
90651
67934
65011
69534
82209
72460
72750
73123
79474
86392
88394
89005
88503
71674
72786
88429
60787
70234
63485
74892
79669
91189
91267
60212
75794
67490
84911
75729
59730
63254
72501
80409
74090
77445
86343
69962
66859
83914
79715
84914
67896
79433
81775
61301
83901
58835
79623
73867
61022
82122
83222
63496
84078
90501
58787
90272
80226
62197
88046
72810
80773
66697
78524
88036
79597
87376
70383
60984
83117
88670
71769
82621
78412
66672
74962
86977
88438
67795
70024
60038
73714
78209
85655
68746
78804
63630
73946
70155
88052
62146
61952
67019
87198
85384
59106
78353
90251
91142
77843
65264
71184
77710
84153
67019
84118
71477
71580
65049
85578
90817
75389
59238
70166
87241
91049
70810
65999
77847
74190
64638
76976
76881
84492
62332
75271
73177
62543
78503
65582
87281
88541
86011
62397
63523
87595
68581
67326
89568
59893
71686
84385
76135
62605
80692
63665
77544
71540
63169
73415
90857
63527
69888
66686
88298
87099
76038
66854
70980
72620
79790
72637
79447
66931
74208
80923
80100
86614
81938
85100
89016
78340
65294
86755
59019
65121
65014
76717
88103
82207
85382
88868
81869
79758
79002
86086
83412
84149
73200
76645
75667
74145
70446
89375
76417
60413
59687
78225
84635
86755
65882
72648
75782
84466
83131
87416
63478
84641
80823
75505
64718
64466
59250
60238
84361
63403
82003
74992
87128
74657
64962
79403
72844
85717
68400
70206
59319
68260
85592
64137
88590
61817
74437
72698
60946
85990
77461
73929
69488
91124
62588
68197
89381
75447
83724
59310
87781
87077
65843
80740
63934
75048
75781
75487
69625
61425
88507
77057
79937
74384
77308
74090
59399
84929
60252
71658
60708
75273
79395
59452
78528
88322
72783
72177
85363
91379
74460
85162
70315
60580
79938
61578
81742
86385
77888
90859
61856
87452
77016
82768
64102
80104
71835
70811
84300
66403
71206
65153
63620
62083
67821
82746
80816
81012
72503
81277
79362
73137
91498
64171
64417
91346
72329
83275
82511
61604
89595
78774
66890
87167
75406
69395
73839
71380
86715
75398
75429
81414
86572
90789
63353
73595
67707
77100
88070
74994
85309
65777
70424
64535
77119
79386
91281
91220
86287
89741
78859
69355
76990
83624
90814
83266
89317
60979
77988
84349
87270
69010
64732
75090
82548
64319
91469
88857
84566
66936
67979
77091
66151
70709
62718
61261
85218
75613
62529
71381
63708
66873
88520
64620
85010
77097
62918
66700
88549
90774
83277
74251
84899
91175
72887
59121
65032
74552
86342
71559
71685
69512
75271
62384
65215
84785
65532
76412
84699
88798
75129
76795
74489
75320
68815
85327
73598
89249
65064
62213
72599
70181
68786
79270
71547
75949
76544
78984
69616
88438
89773
68330
61200
62146
87874
72512
64077
73166
60505
74956
90547
82179
83715
87918
87149
86640
80488
88509
81547
77432
69549
62806
70658
83656
84251
89461
85236
81293
73853
82882
63282
82147
83145
77677
65792
80528
72451
84604
74008
75762
67167
72036
65521
77366
64422
86231
67136
81611
91098
81374
62656
90134
70173
62503
76078
61032
86223
79520
79000
59693
84471
85573
75480
73830
85732
82741
78684
87641
82708
76812
70440
76166
77396
67437
83997
88798
80425
87006
75131
82992
73327
88537
82341
70372
82240
89119
79140
72427
69143
74320
84719
87542
84021
70073
67049
90854
89156
84077
73644
72068
62779
61079
91269
67187
88193
78350
69823
90979
85333
73770
70437
89990
70509
86487
88258
85064
77021
73191
67051
66107
65339
83373
82048
70224
69633
85959
61294
71501
90162
66875
70520
80763
76609
83142
73016
83615
68910
73840
91232
84012
87026
63844
74822
78263
65565
69119
74144
62891
80062
77351
89483
65086
79491
68062
63955
69796
59937
85526
78446
61570
90614
66503
69705
87973
78573
91456
80200
71156
59555
73147
65928
60835
82120
75571
74215
65450
79303
80506
79814
89206
72873
66950
61965
68830
88630
72715
69488
75608
62302
87632
70129
83309
64728
70203
84902
60778
77321
68269
75965
83033
72487
80150
88765
72751
88734
62784
84238
78407
72115
83823
60092
78351
91239
73900
60792
86018
74910
60766
85472
69846
72832
79386
83200
69878
90144
82620
77592
90162
70235
62391
85919
83381
59652
83369
71305
65592
80958
78643
84678
87670
75048
59655
81419
68576
61376
65602
60884
69009
91137
78589
79274
60292
76367
81694
63137
61957
85781
60276
88102
63333
76205
90884
67063
78322
76416
88733
69491
76326
87150
79027
85012
72991
91504
71530
59706
90959
62075
76016
66858
77685
64168
91664
64342
80332
79251
83716
83423
76674
73984
75403
71768
89707
70085
73532
71629
83191
84964
86810
87043
69218
91639
86376
91650
88874
64465
69311
88017
71110
62562
74589
80257
82837
89819
82880
67436
90645
76563
75636
83391
74837
82217
86569
62774
74925
81004
62216
83239
89772
85367
85575
75458
66898
67488
91387
75159
67967
73108
85806
76121
91308
86331
64562
66785
64473
72418
85300
63093
77510
84888
81428
64843
92006
77528
69749
75849
81297
61289
77072
82447
66297
82819
77645
65079
84831
74803
85780
68571
83207
70656
72928
78168
62825
80079
82966
87378
77353
85252
83862
71929
85577
76778
60559
92042
74654
64853
83863
73496
65664
83078
73723
79500
88518
87630
73043
66795
65778
64119
62298
69079
85672
80991
65533
63321
86373
77542
69554
68829
87149
75658
80907
62334
86789
79057
71819
62340
76771
87016
74168
64299
76003
76169
74353
81575
77563
82465
66434
72036
76401
73011
80246
70802
68427
67575
83117
79585
91656
68424
63406
65929
68749
61629
63421
81550
78690
74517
76721
66626
63262
60888
68864
70155
87584
90171
69404
60006
62080
87876
69890
85548
77893
62256
68879
64789
66521
64530
64278
89978
66746
63932
71857
64863
71793
66274
68564
91824
84424
67453
70568
61643
73784
72302
80790
60735
68513
65124
83105
81363
79934
63999
80122
59851
89815
79670
89550
71782
91448
78326
63331
70827
90851
64011
70499
81509
89602
85060
85368
68717
87199
83666
82456
66599
91671
81138
74659
84559
78028
60876
75179
78070
79899
74394
78482
91847
91790
63500
73563
76687
65618
87787
86458
77309
72171
90110
68717
63142
91942
85802
87503
66635
63055
72156
76971
64863
76709
85164
65358
72388
69899
60474
71904
77782
85504
89436
63732
62378
89041
71804
84317
61335
84493
76859
91715
79606
75578
86874
76919
85031
90566
74203
66052
87765
79169
68963
85255
69498
63433
87267
85184
66597
89029
68471
67816
72315
63958
84623
84805
62203
79626
85836
87933
70023
88915
67373
87336
61216
60472
85994
73768
88306
73675
61088
62269
82064
64475
66095
73940
90496
62826
62688
85536
90106
74849
78156
91244
83181
89987
73337
76976
64323
87200
75589
84322
78438
61707
86280
66190
84483
77390
75125
71721
76558
71451
62401
69283
78342
71814
77064
76219
69242
62322
90092
67991
80844
90697
71551
73236
63285
83697
74083
91227
87817
62715
65327
74421
91964
60445
67349
71328
61222
71394
63426
84258
83075
90528
66438
64861
85950
81323
71349
60772
75119
91336
89421
84301
88354
61668
84952
76935
60762
72710
77716
64878
66773
81027
68050
60189
80146
86385
80540
64899
80401
78685
81562
60346
72538
81217
66615
76947
62016
65968
72703
62838
76135
90196
84043
72553
77188
69530
77857
68206
87908
61100
80214
83730
79664
78752
85493
77379
74991
84462
69861
92002
80460
62760
83397
81049
72089
68581
61467
85359
75285
89855
60846
85913
69994
73982
69680
86547
90746
90579
64032
79472
88411
62154
82671
87151
87200
83642
75362
64462
72667
74366
82743
84067
78688
78249
77067
64616
73035
86902
87419
87319
76740
78846
69770
68983
84097
66990
79938
66421
87437
61175
78751
78646
68424
65607
91304
64684
63408
83513
82399
92007
66270
85001
73435
88238
72915
74314
92212
61391
63605
81371
87711
64691
63445
82711
89434
83125
77235
69964
88011
68020
71748
74350
80484
67431
63795
70413
84681
88817
61157
91781
74549
67766
78593
88949
66842
70764
74288
91250
81671
89973
61729
71932
76239
82284
78545
78512
65768
69374
70665
60096
72209
66299
61480
84897
81975
81324
74530
84739
79258
85608
81097
81926
74028
64354
63819
68011
60217
80837
74492
63880
85325
71683
82262
87745
72019
91241
80190
68915
64506
68088
82569
89330
81501
86384
87743
73206
84706
91309
64799
60433
63842
64054
71651
85796
91787
89876
71365
78739
88707
86752
78529
83702
66254
59936
71453
68882
66418
60116
72615
82183
74585
87883
62526
87754
71670
72507
63891
78038
78892
69393
61233
89631
65131
83334
60091
62536
61980
87923
82037
88597
61503
74214
71942
71203
74578
76405
70781
62935
88693
73170
73361
73876
73677
72864
88109
60209
69158
84613
80428
65450
76252
86913
87393
77077
82171
88958
87002
62424
71333
68648
73573
74266
89524
79102
86356
70775
83617
78249
85886
61176
74917
68237
80518
90690
60957
66463
69984
86285
72755
68982
77328
92632
77243
85156
65461
67803
86363
76614
75207
63038
64239
75994
86173
87176
92203
89169
68402
86874
88194
89189
86568
64093
64583
66093
72717
73849
89875
80367
79582
90952
86374
87605
73417
78538
71057
71971
78391
83290
86995
92167
91914
67552
72130
89394
91427
89673
92396
76807
76328
84020
71871
68433
72324
81390
69542
72154
74671
88481
71541
61753
86959
73928
86279
88811
68063
66022
68389
88997
74991
88696
65706
67817
86572
71976
82405
89304
90625
86083
85311
64583
83390
85101
72478
74516
72345
66452
73993
76474
91635
61474
69644
89892
91868
76919
86622
71103
73944
90774
68673
80595
66531
91166
74794
84243
87476
65149
71202
89971
81983
89952
71276
92473
76157
73069
83816
68695
79983
80181
67255
86520
76641
76388
71072
81241
90988
85307
73906
83162
84286
83009
60075
90453
61214
74293
73369
75694
70698
61510
68927
73899
60643
91271
88506
86790
87276
89245
88421
78785
85519
61626
76537
61626
61569
78544
84217
84351
77927
60926
72525
92771
72856
64079
85036
64978
64165
63651
91200
92129
91159
68333
61957
90153
84215
89247
82035
89558
64404
69475
90332
68091
76160
90124
68631
76841
91612
71628
73438
83263
75989
73127
79221
85123
92271
80935
76428
82674
77442
61266
64871
69845
86017
85721
90940
90517
76162
92306
67549
61904
66811
73512
82326
66476
68810
90386
80985
60780
61433
84929
90136
63041
72639
69406
63091
62818
77386
75059
86931
91998
67259
78376
67158
60849
71283
73842
86956
60566
87949
85319
65857
80669
68779
88405
78684
72061
77302
61875
90631
90539
75616
75032
76144
75308
85037
72011
63887
78631
74673
79066
92425
75198
62299
69903
77652
69022
76274
84000
68124
85205
69663
62374
70118
76261
90668
61264
82420
83990
79627
78809
79720
64016
88218
89655
60332
74408
61733
79638
60944
71675
78380
85636
90293
81081
88167
65518
81067
82884
78088
62027
74070
86522
66624
92311
78614
62030
67844
63107
85286
69662
83473
60779
68293
60353
66606
71048
60308
81247
79281
67431
71488
64005
63300
80281
66656
61176
69097
71341
67233
75594
67132
77659
67616
85932
88312
89346
61975
68739
80061
92245
67772
63038
60689
67664
81510
77798
89764
85362
82418
84982
80088
85286
85093
62318
83072
74114
61906
66339
90088
69939
63871
70489
79895
62392
65859
73107
75600
75215
61490
79018
89311
74285
64637
66333
78354
70258
84115
66472
86149
60508
88972
75800
69026
61243
63688
90717
73577
71077
72403
82913
69229
85866
71052
75544
67871
71626
74631
71513
64591
80870
90799
92908
70896
91509
66608
82788
69404
81336
78740
92206
63064
81072
63787
77675
80664
63630
72625
92411
82310
67947
83243
65498
85375
87353
61202
83376
61406
88058
88499
72867
88318
80944
70358
62320
78970
87956
85918
83898
62007
90122
73136
74402
73893
60629
77719
82839
80961
71687
84072
60783
71775
87100
68257
68023
83238
84616
77399
71240
71388
87214
90769
69915
78436
92051
89583
87647
82692
66034
90767
74952
81260
62288
80176
80937
87028
69427
92056
84549
65574
73871
75316
72163
83324
78209
88319
79904
69994
64319
69540
66569
89247
70224
86247
89193
61833
74488
79169
90080
64535
86519
70858
62261
83650
71027
85085
66029
84174
72242
89590
77085
92621
67852
61534
89212
73318
82080
61963
91580
82516
87879
90945
81435
86961
63814
68478
92725
62325
63304
73237
73756
85818
71947
70169
85930
88130
67673
78204
66838
93114
92218
74616
88518
86080
60520
63022
92004
76964
66819
93070
61748
89067
62086
68982
79781
82586
87546
85278
76326
67889
69993
78259
92986
90101
68758
88642
88783
77810
78315
87768
72396
89409
79795
72936
82409
65159
67977
72428
78019
77246
91664
77647
81200
87608
66789
67211
75727
74720
88274
74895
69604
63428
82501
73059
88419
67024
83456
82190
80203
65500
72721
81592
89141
61930
76549
66316
88877
78760
82777
87520
62144
70461
77617
64280
77910
73025
92748
88775
68035
75277
71224
62616
70424
63542
65218
74349
83647
85076
82609
60997
70599
60936
62644
65379
75388
78397
84120
90797
73531
74413
73918
78418
76676
66215
69581
90287
79185
69904
74404
76404
72870
76713
67219
62466
77674
79759
90058
71192
86901
62216
91153
89519
71402
70780
69050
82722
72391
88770
64212
72850
68538
62110
85154
85897
73015
87431
72524
83421
80583
66989
86483
76248
91043
84794
67146
77205
91265
87768
74308
90541
91054
60788
61321
89876
62301
65858
89357
84029
73279
89090
69666
91525
74323
81537
71148
90318
85504
72034
84245
91242
78689
82718
81859
74044
75232
85834
87495
65561
79366
92953
75544
66164
73617
90913
69247
71227
89543
79458
64659
90364
88587
88708
80616
83532
92334
71008
61316
77161
67591
69570
62610
84510
71110
66925
88155
93415
61061
79456
72049
73302
76704
64856
62253
68021
62279
77718
85596
64237
69329
76258
76342
62375
80723
77520
70032
72624
92274
64066
61522
69794
88437
77358
89386
88257
89247
64674
76674
64803
68795
78597
88496
69396
86264
68255
77677
72888
69367
90716
73865
88306
82723
83404
83933
64133
62273
91503
69248
71289
77639
91184
86846
63937
70770
73263
75333
83482
67219
85187
93474
87606
70570
76736
66284
77082
79285
66549
75967
62661
91850
81657
88684
86034
80740
92200
88943
66527
63227
81640
69666
80751
85719
81457
63280
93197
85797
81228
87883
72690
71243
69082
62754
69737
88697
80665
91533
75569
60800
85603
86027
89891
78568
81143
79215
87060
80956
90876
69334
78333
65449
77763
88284
90970
89288
91981
89872
65231
91063
72973
88997
79889
70254
84974
81770
88068
64592
77720
79356
65569
69633
82671
80441
81179
61304
67549
85753
76994
69205
64594
77817
80679
68212
90249
69400
80641
62146
78476
78278
89423
61519
66298
66233
85055
66981
67336
93153
93519
88153
68550
68767
69298
80095
77476
73778
66549
89250
65332
75890
62946
65108
60977
78016
92581
88195
77249
81213
82733
77422
91895
80442
83669
87830
92316
65520
89668
65176
78639
81521
74897
70073
67114
91615
64939
67523
86663
89820
81145
65168
79491
75585
73533
89316
91810
75539
72638
61184
75763
86451
86182
78195
81813
91988
69289
81460
64378
92850
83943
69614
79979
73474
91668
69531
67916
74276
84950
73812
91042
63264
66926
73063
62802
70864
93339
65195
67499
85210
82875
71440
70567
73442
68660
74106
93038
84989
72722
69584
72988
81512
79602
86095
62148
72058
77342
64805
78773
67031
84985
76347
68348
69095
69278
83282
79658
73350
62916
80977
91991
65533
92133
89565
92518
88881
62111
75819
69003
73499
92762
64018
90891
88696
77099
88677
78403
89538
68856
84351
88044
80222
74973
86303
91549
93207
73167
83575
76689
87499
75391
62079
69547
82532
74369
70799
87479
73994
87214
62253
81139
80792
67783
61220
71374
66124
65627
85206
80623
81858
75498
75730
64633
84259
86346
83113
66702
65178
68682
79102
79378
77831
81558
66013
65201
80376
74202
86094
80163
61141
87850
78889
66734
73818
72354
75051
79341
89418
88649
84554
83153
79714
78907
69446
89061
75148
73736
80001
93398
87638
83799
92432
93746
67234
86479
85778
75376
77983
75831
92736
75825
75512
62171
73926
91077
61515
87858
71250
61937
63196
80063
63850
64495
90251
65845
80642
91319
74499
78814
91214
71549
75829
86077
65237
73595
71429
83955
82631
93424
70722
68575
65424
93033
69596
62601
62125
85311
62033
68033
65726
77921
81513
93571
66781
65619
64291
93726
76335
80247
63983
66453
66488
61836
85277
80966
87668
84340
66198
89289
84387
76858
63178
79643
61796
65363
87017
64764
92037
75812
69974
70037
91802
68293
67417
73310
72524
91653
92948
61247
73716
77998
83640
88566
87657
89098
82424
79032
70677
73637
85694
73755
87119
78421
69149
75827
91365
70776
65928
65787
82167
85885
89153
90615
69132
85670
67859
83224
61279
79115
79940
68832
74618
87267
68038
87494
73734
76799
75693
63196
73698
67991
91366
62895
87922
82249
78885
61807
82746
69471
68383
84304
83115
70225
67066
66095
65852
64906
89857
77689
79805
92527
69277
90953
65512
91294
75648
92624
75834
76403
82724
87034
75265
74449
70260
70990
84917
69407
91849
80151
80267
67728
83735
62145
80968
78760
91497
68997
69203
85244
67722
65353
77583
62265
81413
74433
83047
86631
92240
89307
80555
70767
64837
78170
71322
80603
67793
68288
77248
83422
83952
80242
80130
85140
61401
93719
62839
92810
62837
78657
83833
75393
92438
76367
70652
79471
80486
69522
82975
83143
63646
84398
75521
72442
90872
67651
75222
87358
89446
79309
65082
66446
73092
82121
63172
89074
74699
65562
82399
90624
87304
79530
66261
75683
83981
64084
76077
68379
72615
66050
71223
71237
92368
73490
82149
90909
75045
91647
84956
76161
67994
84541
82379
88632
86380
78180
93180
92978
91479
82321
63273
80145
83722
93961
88720
74217
86232
68896
79177
81220
73136
91738
71128
87402
77135
73679
90111
67039
71860
93140
83158
74540
92884
85975
65821
85986
61840
65931
87504
90845
72420
73542
93948
66246
78433
83879
77010
72411
70365
87163
66297
68851
73833
81121
90665
83132
73347
90797
90102
69704
79501
85771
69865
90568
82558
74341
84181
89751
77784
80774
79208
89978
69338
88575
67329
83494
74230
81865
72641
84994
65925
71213
90341
77359
75706
72161
89683
88774
63700
86644
73842
66400
72600
88299
62527
80092
79359
61869
76190
62556
90668
64924
85997
78225
94112
67205
73951
65081
83121
92858
69000
74469
62520
93181
74164
84224
88971
75168
78205
82445
89259
77291
66845
87088
67774
91838
63232
77808
85695
82295
79902
62267
66164
64022
77447
89514
85920
69024
74303
72199
93563
94145
76877
82189
75359
82868
72719
63854
67524
72808
83664
88347
85614
67547
62876
93119
90853
92618
91475
66188
64038
92557
68861
78139
77464
63293
73309
72782
75073
76823
62665
64665
70458
68133
91705
64512
79712
89883
76445
85890
72781
85631
85364
78455
79495
83724
89498
75541
78582
91993
85857
73785
67996
71094
83172
63589
75904
85846
77976
88580
84715
62132
67108
64758
86231
67887
93555
89416
76453
87031
76807
85827
77070
73773
80016
70825
90460
75334
76989
87867
75226
63665
67922
76926
78473
83385
65659
67263
87572
61612
80479
79701
65286
83517
83961
91686
91451
86055
79907
74349
92052
68627
66292
61626
61935
68028
81740
64058
65367
78929
87725
82232
68727
84763
76621
65252
69205
85343
91241
69203
82237
89478
87259
67784
91130
89979
77807
63282
78669
87637
65651
81141
80279
83254
71181
73709
83673
71538
89298
70064
74974
87028
86803
73236
89015
73694
70010
74482
72296
87152
72022
79145
71649
76843
89396
87781
65584
84790
79791
90913
82420
75520
83081
86634
86037
69927
86010
81126
76722
92569
86087
81302
84571
80889
73111
72408
76929
85060
89091
88112
79914
87732
84972
70983
76777
67300
62609
89652
81422
92726
89312
86267
80922
90482
83597
80979
81526
87471
73570
72621
83044
78967
72918
70769
85045
63270
79328
88203
80829
80275
93965
70182
77060
74738
77009
81079
62270
76793
65562
69438
93181
61762
74027
89033
94374
80113
68776
67641
64545
85142
63213
66632
88277
82005
68004
90315
92884
91204
73623
93237
92754
91412
62146
63581
74332
90100
94381
77185
67527
93618
76025
69258
80998
92451
68152
70289
86656
62662
90370
63395
91264
66468
85317
78529
87279
92538
74204
74027
84640
79386
90723
89823
81194
90127
86858
91740
75163
66176
86057
89515
75627
78423
89171
79008
83375
77473
74158
63582
63631
94264
86466
65561
79610
89248
72975
87840
84121
73776
79012
67610
62465
62322
68077
77199
89388
85964
82125
93099
75818
87903
67564
79679
78868
62511
84819
69129
66114
62084
62774
66613
73149
72337
78096
84771
71415
68948
91382
71019
92090
92349
87332
64543
86879
63250
75229
84304
71488
93586
77682
84947
65392
65113
88224
71748
78761
82307
92958
88908
86149
80276
71287
74016
73969
63256
70934
79434
68575
73606
75679
66988
68156
88938
88710
71618
80162
94147
84442
71463
89166
67242
87905
65115
91348
92981
67306
86723
86033
81051
62687
69873
62178
89241
72474
77350
66835
72980
88057
86805
65819
94463
93109
78826
76806
74879
90095
76171
88498
90189
69004
94238
82238
64605
79043
77515
62912
91581
88948
76995
87862
72639
91580
87937
69568
67674
72902
65104
94476
79822
71652
91917
83473
78727
80862
73774
93440
66628
83082
78851
85367
73592
68764
74044
65272
82928
67520
81068
78747
68023
74470
90188
80639
76087
65245
68483
78214
81312
80164
88228
77762
67214
79613
93113
69162
93414
75458
81535
69906
85760
76668
93617
69850
88076
91826
93065
62053
91822
87167
80773
66508
83692
77287
72551
69972
82762
83307
81279
83614
86323
70107
63532
77854
89243
88940
69281
94414
63203
81675
63205
65572
93437
64496
82205
66625
67792
81781
66574
72811
66014
90921
62174
77757
90404
86304
65562
70685
89153
66190
78334
74095
93147
85140
68592
66824
74047
94042
78157
92518
65351
72542
75112
83486
88705
90380
85200
93205
66701
81550
70610
74227
83655
81893
89663
91349
94247
91449
74864
74051
64101
82797
90502
63585
68192
70391
79606
91497
85952
73967
92486
87896
67546
87653
72209
70376
75733
84472
90961
94399
94731
69540
79838
84966
64178
80604
77105
78972
90044
83673
70254
80556
79867
88369
63650
91612
64905
70315
69704
76839
63335
90706
65555
65038
91748
69320
71911
80490
63809
92637
68392
73381
85010
90720
65848
67370
63207
92214
82747
70682
94124
87720
83998
67137
82766
88321
88023
92232
92704
64857
74478
88108
80764
92588
62268
66799
83117
91951
88563
78989
67340
79843
65246
91697
90474
92778
62698
91305
75950
73754
79846
89367
78783
63824
79751
85482
89765
72710
70575
90637
84203
67752
93678
68702
86855
78116
62538
63330
73853
67137
67899
73015
73088
94001
77050
72650
87258
89961
68603
72010
69967
65200
87736
85212
70589
71542
83633
65424
90183
81768
62641
72083
91826
93761
91218
69543
68111
63203
92355
83153
84891
71334
83657
78929
72931
69360
79876
63447
73004
64774
78708
65012
83473
91169
73532
66767
84846
73157
85925
77081
78461
74830
63333
80195
91199
93132
93474
85230
81694
81168
92722
82083
93136
83719
75429
89540
63870
88647
63109
71362
66854
66280
85084
69521
94270
62613
83191
68185
92826
64738
73834
68719
86927
94176
85076
85891
79449
82672
90980
86811
91578
84436
83484
74304
64228
84492
78037
74102
80793
88159
62212
63730
76689
79032
76731
93960
85276
71731
77683
83683
87304
76152
64264
63352
87493
68424
88069
85692
75207
80213
71202
87317
66860
75607
65035
66831
83615
87644
90467
76625
65404
87135
93193
66255
66356
88605
72346
90433
77300
64292
64055
67539
82561
72749
71048
93214
89959
74667
78592
68951
85842
71844
84067
76230
80060
74688
83846
92282
94408
75424
75863
84796
62830
89456
87068
64705
86745
81600
87552
85796
63501
69007
62667
65171
81613
86441
72177
68680
76476
76340
76238
83386
74690
77445
78128
85013
77745
86328
68630
77800
93993
63871
92599
62750
90553
83642
86470
70448
79174
78408
69365
83353
74929
66461
74424
82057
76212
84629
75339
73181
67085
87048
81142
71247
92127
85151
64400
88810
77141
67046
92482
74434
68488
70050
64909
82145
72867
75620
81806
87684
72005
67678
92801
62856
82214
87414
80773
83743
79614
68505
85150
68295
86946
72274
73984
65917
78960
84123
83595
71981
67822
89075
77970
93294
91054
79280
77792
92780
70261
88727
76797
80677
82331
71850
65965
78809
93877
81729
76474
94139
93810
73052
70387
90349
68035
80440
81525
93611
63039
64544
75049
93639
77253
78214
92046
72789
92515
77906
82105
86439
82806
65402
88474
72060
83219
81619
90496
63860
90790
82215
69599
64455
76761
68743
95058
86583
78520
79074
78300
75075
93714
83159
73331
91038
72482
75976
83903
75231
90734
86064
91167
64122
82928
63798
81645
77295
69236
88706
68355
90945
91713
73551
81533
69802
73467
92609
89025
78989
93384
85881
84925
87724
78002
66664
77168
76187
91213
75744
81580
90229
92313
92145
82458
68813
80937
93938
67198
71911
89221
85854
95036
78376
87758
90594
81436
79820
84896
84403
77386
66007
92732
70437
69793
70734
75495
73850
82216
70310
77965
88311
93661
67453
92586
85566
63154
87176
92267
84951
69334
89805
82448
66832
66357
84754
75156
87303
84546
89749
67984
83205
82164
88061
94557
85261
80142
87185
68984
66229
81060
71080
80683
76341
76507
80480
75626
89534
70128
82323
71932
81677
92796
92167
75227
91967
71670
79589
88028
67815
86649
87661
66706
63582
89543
63719
89200
69210
78223
94685
62767
71874
63211
85383
86895
85441
65325
64647
79777
62746
71643
92119
78372
80827
90104
65791
82606
91540
66181
74379
67310
86441
64072
87228
81008
66662
82636
84606
72128
76851
72361
76442
82642
87113
80645
63789
89249
80324
75867
79193
66583
63225
65660
65338
76845
63753
92627
88603
75603
95159
67564
89834
90130
83830
71992
94954
66800
69062
74250
87720
76692
81857
84198
74032
77610
76529
83963
64384
85513
75877
71662
77885
84627
84484
79833
91045
70493
94753
79508
67525
79505
67919
90419
90348
74896
83574
80591
77407
67035
81190
74122
84814
75827
75308
83149
89095
83711
71267
86228
88938
78575
71629
95085
72861
72927
88290
73212
70913
67582
91688
75971
66148
75567
74244
80736
82296
76207
93904
73367
92291
80632
81709
88914
64089
80358
65691
84710
83336
92953
70727
64664
82898
76442
84515
70752
69088
90305
70204
67309
79668
81494
88137
87784
75360
66550
81279
79741
81269
88248
74925
79896
91839
95249
83076
89452
88495
73461
78902
84922
76825
86079
75332
91728
66464
92243
83344
67664
64366
86018
92346
80562
70184
65198
69545
68492
78880
76718
89960
92817
79309
77555
69684
77528
86649
87276
66003
76256
66362
76200
92711
93136
82467
65339
86530
72963
69051
78690
87100
69827
82094
63594
86787
62805
70083
75085
71539
83255
86030
86303
69478
89509
77671
81320
73102
89697
80155
87379
77761
79540
79073
81991
69523
66480
73231
87251
74026
74681
63757
91919
66638
74564
72970
80832
84928
91869
83439
74365
81613
79471
66193
64272
88354
69056
86827
76319
64738
87611
68619
82188
68342
93682
86155
89369
87461
73699
80451
66000
74084
94586
65661
94882
75759
92504
78825
85966
86424
78675
90771
64132
71903
83390
79889
66634
85060
93162
93697
77216
74329
88556
73907
79839
87067
77217
89122
69223
78210
65776
95529
68345
91223
94543
66291
88418
87366
82057
68788
81498
91956
94910
81814
83371
64723
69035
82167
72598
64627
89387
94417
71026
83483
90366
77945
77206
85976
83914
65933
63097
89173
72543
69927
84248
65452
66111
66391
78488
91772
80478
70353
91437
70460
78118
88290
77882
67022
89278
86441
82874
65879
80524
94339
82654
91215
71417
88263
92663
83668
66164
69300
84887
86852
71609
79015
92403
68874
63315
75921
76172
63928
72799
71081
62991
90199
93844
85598
64121
70394
79232
66192
86910
63130
86292
75263
76588
81181
88931
72452
67788
67000
71591
95615
88073
87927
86661
92688
93012
76314
71570
81290
64902
94499
90133
84132
63175
89389
73487
91122
63663
83839
85624
86036
95660
64481
90572
93742
87972
87215
82374
89240
63963
89387
79211
84950
64022
93719
89163
73674
75009
63620
73220
78120
65998
94949
78599
82731
82207
72807
76447
65926
70438
68229
70191
72350
76042
79062
74171
84470
91533
95018
70057
91882
65773
74198
64969
84897
74759
90188
63892
75837
81602
73199
80305
71252
73131
92453
63166
65700
66269
79021
93516
78594
83492
67379
73515
75412
82018
84257
80361
89664
67121
74937
83605
92004
79305
76897
67272
86728
89125
80701
74471
80337
79201
82947
69026
74743
85095
66059
82112
90232
81354
82086
79647
75854
74226
76977
83958
72799
90746
91242
83806
95221
65238
80258
69649
94061
66617
88435
88689
90931
81077
86035
66764
93934
88485
71785
78046
79095
73032
77760
88727
75280
83886
89851
85023
79187
84696
77352
70424
67688
68123
79448
88867
63483
75973
83373
86437
95341
76803
68020
63179
74442
95234
78837
65483
83452
86101
85193
77421
84030
78743
75884
82379
63699
84561
78419
91220
86519
63773
66240
80663
88854
67084
94867
64063
64316
94534
74083
74457
85965
82160
74189
85470
88950
83027
81932
75885
74083
70202
71370
66904
65714
83611
91702
75746
91176
82810
90455
76743
72227
63755
91552
77437
92368
63767
86212
73146
78494
88480
92364
85814
81651
76488
68198
83378
64285
66543
70016
83769
83851
93212
77845
75942
75069
74142
75591
94822
87929
66803
71343
82559
85440
76520
87537
69585
92672
88578
68755
78492
63243
63261
64527
87619
90952
75091
77862
79952
70568
72991
67960
88247
90844
65218
87634
65375
73926
74726
93639
80606
75309
78978
65794
81029
86196
66301
71386
79260
64269
95126
91559
72174
83306
94979
65364
93065
82484
82008
66486
95167
88832
69163
85276
68976
65983
81654
84776
91276
66100
82108
65501
85715
67500
84976
86776
74207
76521
67986
77700
76389
72799
91291
73641
75960
81571
68251
88773
95886
83232
90017
63934
80391
76556
92507
83350
84459
71322
95614
87103
75571
64625
65384
92081
77772
71518
71941
82747
93847
67653
88815
92950
76980
78430
73689
66112
75776
75677
69421
80519
70364
80242
80628
68324
82225
65971
87287
73739
75441
63447
81699
80704
68191
91748
64306
95084
70481
87210
81288
68720
70324
80050
75611
88249
77586
66930
93207
88341
87248
92482
91649
69317
69627
86164
89626
78803
78660
65759
68422
85414
94280
90076
68781
85459
83221
80629
90978
79158
90858
74491
77635
93506
94783
77847
78624
84885
88069
82435
91167
95183
90159
69753
67678
68517
94577
73708
75995
95537
77384
93815
88721
66444
75578
93459
74468
89503
66143
71948
64319
66358
80928
84406
79868
75862
91455
67164
87684
88785
66072
63609
95927
75287
93990
85546
66446
76111
93896
73956
85758
86951
83013
78946
75040
80616
65550
74210
72336
81997
90436
82833
72211
63381
94330
95300
95612
66647
79804
96104
64976
90518
80848
73020
91816
83861
72379
96062
63703
74732
95112
78050
88141
88028
64324
90250
90427
78048
90957
91315
90232
85892
95437
74092
76580
94330
66945
78349
88459
84971
76223
90917
76107
65291
83895
67764
84666
78832
94201
66715
73090
64420
73527
69968
73870
69241
85324
74966
71978
91804
93566
65517
79205
92397
82944
81286
77242
69646
79035
95865
76272
85434
94031
85370
93503
71257
72788
96074
69044
84689
94181
70442
80599
95390
83295
92053
87946
67621
75878
87854
92980
74053
93993
74232
77343
93744
84455
83653
79135
81017
93107
71921
65653
89198
77940
89679
94706
85671
91183
67940
93792
94175
69513
91091
77341
71427
93575
81177
65801
88457
93849
94586
68002
92675
93399
89403
78702
83188
95626
69650
92314
73698
84974
87259
84704
85676
67894
90508
95150
70430
64977
82795
65412
68291
79852
88959
92317
77562
86840
65348
95443
72524
95725
70051
80573
69117
73487
75808
66074
87777
76272
69718
66418
75889
76534
84384
84730
65310
67998
83738
82617
70374
64449
69064
75753
67364
83478
66324
94112
85164
91641
65406
89775
92695
67690
63887
88266
73308
94809
89358
76522
70049
81441
90743
87280
67664
70226
64169
71307
85100
79283
74463
82779
82214
74887
79073
74327
87211
68368
67452
89196
83009
84306
95023
81510
91794
91161
69415
86548
94279
67389
80494
70311
91865
64805
83295
82012
79268
81802
85853
71515
71998
66941
76996
93662
87302
94892
92448
64917
91904
84961
80285
89162
77280
87243
95167
92097
79204
80641
89171
76002
72935
78404
90790
94745
85044
75268
72692
81150
92824
74790
70435
68401
85051
91397
82097
85640
84399
70839
81644
72813
79306
82321
69217
77953
91569
70637
65174
66182
65334
78634
69372
95099
65892
64501
89119
87560
80727
93127
93472
87581
75090
91567
95589
66519
86027
78930
89743
66979
89673
93488
77484
79269
81073
71977
73390
77403
68573
83519
95517
68221
94383
91805
63752
89128
81637
73945
69953
73532
78317
95606
91082
76547
75770
89517
67978
91923
70487
83820
76356
83829
71164
70304
70858
87046
64351
95152
75630
81694
66700
89929
72890
85872
80504
90977
69729
74033
80530
70006
86132
66173
78236
89623
85721
93942
96441
72102
83706
93870
67783
91740
93114
89159
79854
85901
78253
87640
95609
91694
67976
90131
96229
67220
73430
95525
69944
76670
93933
70878
73109
94806
85025
67730
81932
79028
74039
92479
90550
88868
67869
75887
75522
85289
69336
73824
85834
74370
76221
94051
78506
63915
84452
74370
86545
71591
67802
95077
77208
79101
86678
73079
87315
72705
72366
69188
91878
64596
94667
95525
94491
71598
69467
95776
92337
76763
74629
66570
76598
81412
66914
75246
81560
76592
69994
76723
82744
74250
85036
71160
85056
92645
73027
79171
70199
72445
79493
83035
78802
76800
64381
66034
96525
96461
64796
68999
85115
75387
89515
68491
89818
67741
78084
87235
76011
93124
77058
79085
81793
92486
81462
64678
77271
75838
87259
92811
84518
77780
65036
77727
79991
77503
73013
70381
69558
89096
88520
96366
87305
87312
70961
85804
82272
72916
64779
76456
66892
73840
69012
68473
65300
91362
71774
72503
71430
82449
74568
90007
79371
85774
78765
75991
68222
91033
88539
81757
69438
86759
69831
70811
67842
82850
83455
64309
93677
84274
73183
76390
93027
74299
83976
69792
65050
82022
96270
80242
86132
64869
87665
84655
86796
74033
64975
89293
82830
73110
88151
78475
71117
74482
94593
70614
94991
94778
69628
85998
82859
69693
76776
76485
95959
81453
70982
80296
64699
88923
89773
95008
75466
70722
90174
95771
90705
66247
91866
85063
65872
74687
91026
76735
66954
83378
77662
64489
74200
87262
79634
74142
91586
75903
74639
87692
83792
79182
86582
69593
65310
84296
78243
79881
92847
79024
87703
81954
92419
66647
89397
85006
91500
78107
92786
65088
66717
92334
90567
75419
75780
86937
74536
88207
80730
64640
91450
76933
65656
81063
65473
77949
85356
86453
80471
84981
94412
65720
95076
72461
77898
92778
78666
66794
71049
95411
65504
69976
64815
93550
66594
82355
72764
84592
90151
94471
94106
76486
79187
65398
84468
64831
82637
85210
95180
94251
75315
83628
70088
69217
70797
68901
83277
77191
73600
95138
80719
70029
88773
90189
73064
92539
95705
85754
71975
67949
73205
64335
94634
67035
80960
95784
85871
70686
91204
76345
82535
87088
67230
70646
76364
92084
80890
77999
96565
64054
80959
92416
66664
73395
87559
64104
87919
75356
64082
74808
81262
87191
77947
72623
95411
70727
67179
68451
82063
70221
86284
74210
85348
90447
86272
95130
72448
68279
69524
78838
90409
78079
67567
68042
74361
75565
94352
66289
90477
74137
80119
92981
76728
91126
69537
68206
94173
69776
66618
69102
86268
64723
72207
74013
93420
77581
89794
96609
84107
92533
88385
88385
87634
91755
91384
85705
84781
76289
85318
78128
79241
68795
81198
74168
68270
91027
87888
70614
73295
92480
68119
73875
79967
85176
95283
76082
81191
67828
93514
68883
72598
92659
67306
95959
95704
90881
72131
66757
79914
72249
78611
86124
70124
85321
95841
72074
66807
95093
83822
71725
65330
82143
86121
80408
78432
93957
79970
85864
73276
93835
73217
92792
65736
91707
76408
96001
73954
74570
86198
85126
75544
89820
68829
81903
96445
64715
79863
96372
84284
75684
82917
68540
87469
93683
95127
75078
65190
83137
91011
81161
78932
70490
95823
74071
92362
76884
96721
88071
64664
88012
71738
72403
88480
86771
92558
94975
77861
92362
80216
79932
68133
67625
87195
95947
76009
64262
95243
65765
90330
74484
71293
77659
92054
89834
90013
71034
84035
65094
85727
76849
94756
91409
90808
79990
71017
83333
64525
94437
82508
70348
71148
75434
65113
69899
75130
95650
82957
75423
79404
81853
73891
86695
71226
96167
91179
93378
75601
65191
71644
70170
75657
72135
77483
91041
67222
82485
74781
96666
72514
87273
64857
77916
85275
91528
90241
78418
67176
80008
79426
90951
66146
75926
68010
69856
84897
64308
72250
68714
65237
92327
87101
70102
75190
88848
74584
73730
81470
75993
86881
75323
82453
85586
95092
76543
82509
92828
94020
86023
93007
66503
86704
87941
66837
87607
93079
69290
82842
78668
81388
82283
64399
78658
65037
72581
69456
81493
66896
72382
75798
78121
95455
95854
69486
73834
96967
73791
81130
65455
93515
82481
93206
77733
77950
89569
85677
79721
72209
94474
77581
77109
83817
82764
71401
70207
72180
82220
85566
75230
85438
67677
83592
95215
89663
67902
83509
74359
77176
90531
92250
82570
74046
87256
83109
75883
76501
66787
86931
69364
93376
86282
90850
68152
94936
64917
77386
68968
77980
67797
94312
67571
80328
86373
65531
89585
92457
94640
85330
81858
92591
95411
87045
74994
87492
83973
87268
93792
90332
69396
93229
95136
81741
80817
88066
65437
82018
69583
66329
65667
85674
93319
75702
93916
84630
70240
73430
77817
95043
79566
77741
96147
86421
70392
95059
93362
88453
85950
73915
71118
79292
94971
87268
86068
94560
78343
76627
87724
95278
85377
80576
72537
66761
88651
84496
96480
83281
72661
86403
65229
89656
86943
72751
89394
84817
76281
73133
78736
65322
70670
86034
83707
86172
88864
77344
91002
91808
76053
73150
93357
71268
81459
89766
90546
92063
78888
86366
88136
78625
94797
76393
78645
69550
79659
91582
71654
65804
88895
69241
91990
73051
78074
77521
81457
72869
75276
64586
81976
67254
68066
70699
78567
95022
73069
89139
76629
69588
86054
88968
86877
90413
85583
73712
68091
94542
83067
66371
90872
90350
64592
91425
84426
69311
79500
77024
84918
84223
91718
75720
85303
81225
78199
71555
77475
72370
88760
66767
74764
72209
96333
76406
83044
90270
72803
68736
70629
94399
86678
69543
69040
72990
71350
75019
94389
78335
75979
89639
86994
84177
90710
64772
83263
96770
94426
87212
96553
90392
72091
69090
84893
75518
92838
74768
72104
67227
64785
77441
79293
65449
76932
84432
97110
76741
92153
79265
83422
92610
65471
96910
85711
86851
70853
76901
79640
77961
68885
72848
81857
89737
78239
69844
95697
88898
88376
86591
87408
93261
83170
75867
75849
70582
69966
70824
74546
83722
90527
90697
67343
72881
75633
89598
84211
91006
76826
84562
66953
88197
81711
91158
82867
93997
77387
68365
84592
89990
92683
90857
69123
93916
97373
65654
96338
75404
78843
96022
69772
93462
76082
88685
83470
79220
65512
67677
90760
80042
68317
85813
91995
93599
78897
82981
88646
78635
85799
89590
83266
90225
79656
75767
93610
77679
90123
74043
67231
79315
80787
72705
90795
90128
71737
78196
92324
74418
89388
73109
85972
87534
83863
71541
91990
94078
68898
96679
93379
69292
67515
85749
79375
69292
85654
71506
78509
70446
90226
88336
67578
82740
82719
86611
85208
75297
80957
89798
75929
87827
67398
91532
88352
66163
77007
91002
91202
90571
89866
91523
96370
76247
65424
67443
82078
73438
78429
84705
77652
82754
74268
88670
66857
87127
88486
68851
71259
67953
87749
81355
70581
84289
80445
85036
88755
84321
80141
87980
69863
85037
78578
68769
69275
94421
70189
70873
89272
84400
88198
65675
84455
77011
64913
80782
88821
94947
66096
90825
72316
71719
89433
69099
68544
95201
75289
90460
83159
96735
73433
97395
95245
80461
67041
71657
87174
70605
85786
92301
87589
84938
76568
72250
97453
65800
65367
96006
80422
76928
78789
69309
84099
74860
96641
94862
83585
87454
93923
88323
72658
75541
83132
81463
92283
80850
84191
87107
66427
67304
96736
88057
85165
91603
67611
73173
87535
79114
92152
92976
75652
70360
88430
94135
74679
83047
67782
95004
85441
94494
76962
68363
96237
75820
83261
93536
72954
91237
90356
78487
92353
66126
68102
72835
78872
89203
82328
79171
96245
66049
76796
88691
97239
80784
86578
67743
82785
86593
72879
97021
65352
85257
93022
95067
66928
71756
93925
81494
70738
84910
75561
83917
91553
66086
76564
86933
87085
96340
73110
77422
71943
91412
95209
92982
91110
82003
94490
65629
86729
93217
96965
88473
68830
95240
76576
78299
66723
87708
83002
84353
75083
68948
92293
85197
94051
83608
81043
65174
84149
67099
87581
97085
66413
73579
72777
75747
90234
81607
97580
74201
69943
95280
72846
82520
97355
95426
90094
68211
84430
67141
97222
68425
96941
84224
91665
73343
69455
86989
86537
66286
65912
87667
71989
78232
71022
79407
79267
65249
83547
88212
78195
89084
86515
69782
77717
85155
75606
90593
94674
91403
81208
69231
65553
91159
70463
74329
87251
81356
90796
94701
78593
76293
82494
81410
67815
68455
82259
94856
66688
82584
81489
78691
81140
82348
97348
76666
71007
95200
80841
86538
81108
85387
88874
72257
94114
71761
82378
82184
89557
85914
72388
77088
88832
74050
74447
71024
80698
91795
68965
90525
65895
76144
83236
96476
82617
68050
68468
94980
90998
71545
80746
90088
69883
95195
78828
71907
72961
86113
77078
86196
73247
72914
97501
87436
96656
96783
69362
80230
80439
83202
70633
87191
88288
85457
76699
87718
88521
69463
69321
88413
90977
96980
97282
76320
78415
76771
93126
81278
69302
71853
85995
65798
75447
70237
90688
65372
94776
76244
83569
68236
66532
85149
66346
90269
93043
77347
71295
65130
68908
86305
76172
70829
70312
83291
75608
86877
88280
93580
80640
65338
65354
90527
96529
66982
97447
82209
79925
66230
89217
68087
89362
93577
68171
83788
73071
89816
85417
77006
65176
75215
89067
94746
70404
73499
74451
66164
80694
66117
77983
87228
93665
71998
89411
65437
84815
71227
71927
89608
65539
97218
66545
88033
80542
84741
78708
74488
80127
93296
83977
69690
77998
67198
80141
80169
71291
79568
96619
74121
67938
90496
88491
74076
91314
68275
84780
76561
81263
93805
92333
82425
85748
84650
92178
79098
72412
69546
88421
94599
81955
92812
87836
66255
85385
89630
68506
69941
70455
89588
77816
95745
79781
73655
92164
79701
70587
71360
73610
65634
72247
85477
85203
92635
85582
70547
81004
75434
69014
76830
84520
92387
78115
97876
76648
70390
84464
93784
77466
67880
97409
88750
70656
79684
81863
94098
91059
73357
66372
83086
91367
65528
65648
96331
72304
95896
80730
81576
92294
71258
95890
70921
83909
90866
73287
69873
76151
78613
93869
97492
94486
87017
88481
79654
75533
65722
94096
67512
84159
66286
85909
89924
88522
69179
90849
79175
72333
77079
92000
96270
67560
86384
69018
82708
67650
89502
77271
85899
92625
80278
88198
86841
71189
84064
83423
82309
73382
86475
92360
74450
67376
78943
76021
95755
94396
95123
67668
86143
68145
95808
79784
77808
92698
67926
89715
78566
79273
96974
72218
76617
80124
90335
96324
81711
87200
90485
94339
68595
91220
69087
74038
65415
66319
75463
86958
89099
86084
89192
68495
72094
72292
89851
75129
72308
70309
86898
84200
91432
93698
65641
78169
88404
71554
83802
70319
70240
87998
81424
72916
93335
71069
97374
90787
90240
70755
94736
75782
75883
86762
88354
88923
91210
94254
71728
81437
77762
80144
76078
65728
89730
82771
88153
87516
86740
80363
94061
82062
74353
81527
74009
74268
97690
66572
84144
84695
68708
67380
86561
70214
79444
67382
89641
80512
67627
74904
95943
74458
76803
84195
92145
69058
75675
80806
69765
97771
87280
67773
81794
93867
84237
72659
94584
93089
72995
79142
66109
84890
85468
72586
75490
70325
74989
77745
82917
81862
90347
83113
95144
67833
69471
90534
86306
84920
85276
86274
88789
78798
90320
73858
66048
89548
91098
95963
80405
96427
93531
90741
72813
76468
95120
66926
95291
81309
87903
82658
83647
87541
85551
86378
76732
80322
73213
87778
68139
92776
90028
94576
68913
71116
80797
86465
91471
74426
87168
84630
76249
89220
87146
96640
93865
66028
86055
93415
90644
80708
95441
93009
67357
80852
78753
81889
90089
70268
90118
77854
72819
93595
95220
98039
74113
87599
93823
73987
97239
75325
65704
67085
70570
81523
97399
72655
78935
81676
80458
93694
80981
83956
92268
67463
67944
66604
96489
96537
95512
66673
74145
76003
95586
77080
74396
85919
79277
80701
83613
83663
80896
75036
86522
68678
93809
88511
86954
73451
68833
74714
68768
71866
94950
78835
90455
76299
79369
71109
68015
88599
95282
70887
94967
78008
91744
87209
67659
77168
68509
73535
87328
77741
98354
77857
79389
78923
87319
97713
68653
68699
97197
83486
75218
94499
72111
91017
86716
72037
88422
76647
87450
78821
68125
89383
75824
92965
74965
91156
83369
87667
67898
94332
93999
97317
67285
76818
73402
84260
67202
69009
72741
74151
92197
69538
92295
94017
92313
85760
95168
86046
74729
87002
86098
84874
67523
68217
88435
77746
84521
77602
98144
97455
79978
78142
77299
65728
94801
86456
65912
68055
91548
65703
81341
86104
73135
81453
80744
98077
80778
66206
81805
97469
76281
94693
94592
88590
90634
89636
90856
68072
86980
89499
89621
83500
83734
96203
93844
83461
84238
77275
88064
76142
96588
90682
93978
81397
84917
91014
67868
65726
70252
73389
95563
65994
91134
80978
79052
68729
78300
77170
91320
80206
74511
92999
69235
85235
67367
93804
86585
67709
95604
74051
73721
85744
93305
86420
94823
82950
66974
91510
81997
84012
69925
87923
71713
95694
77407
81383
72157
66516
78880
90537
82699
78189
97648
75757
82207
73483
93827
86889
81418
80047
83436
90295
88844
71014
69133
66043
85450
94227
82642
97733
86944
73072
98207
95545
94008
74576
84358
87405
74844
87335
84414
96274
75272
72139
68688
79703
76484
81532
71444
96522
88880
97059
93404
95488
69345
68567
86255
80568
84843
66469
89785
80443
80319
81041
84416
87110
67000
67800
88538
79275
89072
67960
96158
66037
96728
85490
89368
69963
66568
74063
81601
83351
71379
75873
98477
80615
83231
79179
84999
87827
96627
95300
71867
97440
93522
87447
98162
91364
76488
88302
92099
91499
85058
73169
91815
74906
93859
89450
90414
65938
67987
78219
83825
78679
74266
85234
97224
90930
68463
67787
80445
83539
76298
93046
70720
96955
93440
68747
87196
76633
94608
96795
90025
81779
66809
66361
91075
72008
96399
68537
93692
75764
97294
85304
79630
86163
94766
76125
81044
94889
95096
94557
96889
68546
95063
83653
88240
81493
80754
96628
74021
81902
78137
67302
70132
94860
72126
73401
90074
77128
85959
86121
81128
96312
73761
83551
79743
81811
81975
78378
66936
82454
70371
85516
69539
81574
77699
71608
86387
75062
89936
75866
90359
85739
66795
85464
78604
98686
74297
84311
94162
82403
94321
87810
93020
80424
81523
90886
71340
79519
67932
69601
97502
97855
66391
94685
73891
68168
97462
74711
85489
90406
90945
72005
78841
71832
84941
86392
88922
82705
80401
86046
85140
85087
72374
98058
96959
67978
74669
89400
83581
98303
69317
73483
77101
75757
90749
74714
96353
77296
81174
91307
98706
96237
87533
81982
89619
94525
76040
84046
67396
90637
98543
95251
86792
87556
86717
89099
86137
87591
73846
90874
89306
96762
87451
94256
66764
70632
86524
73482
67013
97509
71374
67515
66495
82770
84477
66892
83757
82209
66500
72930
71475
89401
72314
92736
66582
97308
90287
79244
79346
91079
67959
71254
70571
71386
75526
83926
87589
92920
96125
70261
89016
89713
95236
93840
85982
94494
87577
83064
97071
66701
67367
93629
85904
67422
77403
89004
66727
94189
86195
67350
88210
84530
79704
68947
84184
89317
69677
73351
87967
76261
97448
74020
78112
85466
66273
77488
83289
66329
70888
85449
76289
84937
74332
68966
88257
67396
92217
91487
73121
95936
94962
98352
84417
95535
67264
86522
97865
91748
90681
73930
74658
74102
69412
90654
90343
88681
79244
70053
75670
85771
75027
91463
75660
80669
67721
66149
81712
87987
96189
71778
80878
92638
88979
66658
98023
74887
88151
90705
88550
90526
78417
77608
80022
95861
90266
90219
92659
75622
82478
70902
73215
97980
76097
82682
93110
68305
78039
67395
95043
83827
69775
96700
94324
79500
90815
76596
86380
93186
69830
77922
75160
69853
88478
89639
96484
74152
75441
72468
93998
93209
74478
92716
78842
69620
83995
70379
70248
67372
87661
68231
84324
96587
92758
98933
94237
89621
74910
81967
97976
78696
71861
74293
85829
84583
95560
95825
76530
94168
72466
66848
79742
95177
71157
95950
88305
87162
76873
95521
88971
69751
96372
77497
96762
91141
82106
73622
70608
95679
98647
82650
75827
79489
89291
70096
92374
96389
91766
95278
96553
98764
97124
66967
77261
73152
73066
87140
90187
94743
66674
97700
76549
72442
88595
84577
74093
86631
86885
78374
88180
75476
72979
91837
86854
66837
85425
85309
75828
72063
86608
67653
94705
85070
67920
96130
90370
89412
98166
86135
98672
90771
66366
78973
67776
77565
98931
92168
81956
90938
91644
69421
89843
77466
90105
70497
92503
99051
90127
71300
91974
81821
74239
71454
67507
71716
68222
76264
66565
80286
83521
93326
88008
95158
89943
71091
73890
92360
81083
83509
80521
67910
81962
98227
93236
89690
95794
91213
79823
92108
68748
74667
74739
69927
98987
80193
69845
98839
84117
90065
93630
85526
81906
89649
90811
83783
86882
69966
82581
96418
71700
87921
88323
68434
77205
82113
92447
72539
85989
76042
94231
81792
85968
73404
98341
84068
91515
80695
83905
97007
69950
86085
71957
84467
97969
69352
66993
86800
73226
68439
90752
74453
92070
82499
83962
66599
97765
66398
90780
89831
74043
91422
75669
92623
76420
75198
82371
78749
98200
73095
84701
83828
79392
75341
74994
94335
88232
72764
67602
90327
98805
89045
71755
81831
82584
90419
71639
90766
66755
93331
67987
79428
90716
86035
87987
72321
74064
84666
86708
79130
84522
70841
72851
98413
68836
98544
87101
71936
92156
87988
70982
69221
83403
85712
73693
80737
66579
82633
81152
92493
72151
71015
78572
82619
85871
87408
89560
88413
81115
70583
82146
82723
98904
67925
74570
70308
94001
95031
69086
77503
68312
83673
81077
85378
78901
74832
88352
71242
84798
76174
69598
77612
71880
68322
87951
80276
92316
70846
97131
98860
68046
96957
81460
92160
76106
71652
76137
81631
80560
66601
89277
78084
90978
74545
94664
91126
72667
69726
83963
91308
97090
68617
85209
73461
90430
85516
70756
91159
94733
90500
87510
83126
71888
93653
73874
82424
66601
69870
89434
72167
86280
77518
94146
78615
88002
88646
68581
93064
85860
80641
70742
85709
80710
70851
70746
96110
87779
87022
76372
73612
95207
82762
95872
74947
97930
85765
90596
99157
72733
96505
86404
68740
71650
90670
72150
89151
70177
69024
83573
86529
75128
81986
68121
69879
95859
74306
92871
84833
90461
66959
97861
89402
80469
95641
84689
96795
86948
95320
73746
94813
81485
67727
97359
86910
96486
98642
86495
92101
98471
70342
82145
88361
96449
77864
71981
97136
89072
83728
80010
98708
93268
81911
71969
74346
87421
92151
74801
94341
79045
75731
72965
92505
97250
76855
79907
98204
90555
90945
78535
74994
87419
95039
97935
71368
75748
69307
87416
94848
89831
84405
84489
87247
92017
87087
75726
67684
72071
81391
79880
67531
82581
75648
81571
87696
76291
66682
82792
95655
82954
86787
97140
96011
67270
93334
91881
95398
71052
87043
95971
93809
79485
74935
85934
87004
83547
67390
97078
81008
73372
85766
73662
70579
74173
75110
69333
80972
90585
91614
82054
93799
71034
69537
69328
87387
85679
94288
83286
77962
75871
93193
88406
97161
89564
67232
89567
90498
98491
70188
67647
98262
82148
75462
88251
80902
96997
83853
80772
78035
98444
88302
79334
95908
85940
85026
95169
84777
76639
74743
84285
89150
84741
79572
97466
80402
70700
86519
93446
78984
70201
74242
92115
75741
73862
66742
83048
97420
96948
75774
71318
89710
75587
72239
69102
93990
94303
77710
87345
96188
89853
90387
67080
89480
93223
67692
66805
89682
89236
73029
88458
87991
96892
88007
87769
73166
74154
89182
75819
75020
86483
87232
71157
99173
80678
72235
71431
68788
96548
87277
98823
69213
94130
79146
95006
93745
97901
75994
80369
77970
97853
78609
91091
76247
81197
84099
79416
89842
93306
87367
77165
88399
79081
85979
86919
94720
91486
97641
99226
88088
94123
84808
93483
87636
75686
90566
93159
72705
96382
87077
67477
68889
99407
70115
77897
89520
90611
97599
68314
97422
93468
84728
90519
69918
89247
69464
68918
69767
70419
72817
92685
77336
89499
71079
77189
76521
70912
89198
77771
84159
87299
80469
97736
91185
81393
93252
83796
96777
95351
94977
97702
72685
86968
85241
79375
71743
66973
97598
74985
88385
95596
99276
83146
81789
86173
76560
97789
97124
68073
85675
90674
76341
70307
98163
86132
80416
81483
75962
71004
88492
99425
72404
88964
95830
70775
73427
98367
69242
94346
96149
73863
88695
98706
95233
94775
69903
88664
95885
81275
84748
72840
71171
68228
84521
78855
80774
87936
75567
89222
90576
92873
76639
75096
88509
71004
88336
92032
79885
96654
92057
90639
86117
76282
79473
94381
90520
79038
97173
69749
87845
93927
78122
75526
82945
70697
67172
81878
96918
69332
87974
78794
91659
97283
94699
93956
67782
81942
75108
84221
82991
81763
93026
74451
85431
69417
74615
81892
95514
78533
76760
68763
73696
80169
88326
83850
73258
85641
69806
82105
81067
71255
68557
74558
79861
90482
99351
97550
95478
70811
86170
96531
74434
86824
79263
98175
76179
82428
93137
77919
68365
95926
74401
93299
71623
91945
98792
90173
73224
93453
93902
83288
95694
78323
71660
85515
69141
71551
68781
93982
89941
94161
91130
97260
91981
72260
79382
84154
70143
88155
93638
83783
78844
93944
79030
86436
96737
92111
98072
71494
94498
67355
96910
90202
69126
84367
91210
72536
86771
97936
68211
92379
97516
86689
97483
72112
88408
89631
77968
86829
76037
68654
72608
85444
78956
93683
68320
90584
95543
85508
79837
87758
96512
71708
90548
75880
90460
92436
93488
79438
75032
88846
86067
70126
95938
90612
85079
89734
95339
85025
81108
96127
99500
80733
97189
86269
99559
76303
74214
83636
77007
86190
75649
85245
84779
98169
75273
79913
81879
82024
82662
69141
87819
87394
99507
71166
92639
91824
71652
72343
92175
95666
83628
70233
77564
92112
75806
74267
86516
81332
84626
77282
79795
84662
89418
93178
78122
98456
73045
77382
93567
74612
68020
87508
94036
96754
74428
74932
91980
85438
80059
90635
71627
86074
69086
99427
75262
79728
85842
87621
97308
75594
76202
84234
73963
80645
97409
92654
75909
82659
94560
77158
74332
68128
96738
99508
75900
80168
96533
94648
95248
75783
72740
68873
72488
79137
75315
78404
89017
95267
78731
83620
71653
84281
79863
85459
92029
83074
81005
82176
90821
86465
73713
89138
68215
69717
90039
87516
94474
92011
76424
79025
67891
76402
82790
79801
81325
90575
96115
99493
79414
68562
76559
69728
93658
92649
82497
95718
97907
77332
92248
77657
83313
72857
96978
91474
83415
95737
72572
84085
93062
81186
77275
76104
70590
77286
82891
82501
98018
96172
81254
92205
69499
69734
73767
70816
96896
78787
92495
98027
85205
90789
89992
79649
92689
95957
75721
96109
92292
73462
74105
73638
93817
87735
85463
69412
95416
77645
83609
86226
70223
97313
67539
85381
79250
79813
69915
96396
93793
79149
74219
76425
77225
94492
70983
73343
73261
71644
73887
83243
96903
70450
96758
90776
99433
78993
76100
76270
98601
85902
67865
84874
89981
88212
80516
76116
92803
89049
69683
75085
77316
90256
79067
81512
94201
68705
69851
94107
90958
72470
78620
99637
96231
97943
82235
89202
93153
80664
78570
82253
98842
86929
89235
89749
98803
88686
68927
95299
91220
96904
82871
83979
86513
68693
81640
99377
87756
68443
93580
96414
93947
98283
98567
94771
86188
78091
75663
72797
71526
78516
78224
73962
78994
74814
75343
96795
84281
78616
68557
76538
85263
79292
91630
86509
75441
94946
78042
84364
71979
92404
88740
84912
76477
76227
98346
84684
92383
73336
94524
95617
77186
83917
81920
71788
84377
85629
90004
86595
80088
96248
71158
85536
82619
86876
83233
96284
77003
78497
85881
90144
90653
82963
72553
81656
78875
90118
96843
86441
71814
89797
95880
98053
67772
68299
85248
97148
91703
99126
71084
89909
67671
74360
89985
90718
87905
81232
82840
78784
71879
85497
78733
73110
86186
90017
100133
93343
89245
85532
68915
85362
76716
77274
74684
70674
79773
94230
72537
74178
74613
71505
92637
89370
74558
69631
94264
94299
69896
98688
87963
82432
86830
76625
84445
88981
96218
74372
67870
78540
76235
99181
76458
67790
90710
93087
96543
86991
97451
86039
82387
91877
69210
99254
70000
85018
76054
98805
74721
99520
92600
86484
68466
74756
96391
70931
86834
96198
89782
71589
73884
78760
87342
95074
71799
86629
94350
72700
68347
74085
85616
91956
76597
76430
75759
91469
87469
94300
93542
73153
76357
77876
85881
99380
97636
73461
88410
80294
91220
86993
98373
93676
90345
87387
85069
95585
94308
97504
97883
91865
98710
74747
87924
87510
71241
86116
91450
97535
70619
86537
96182
93389
100140
100192
74836
70280
90043
80891
96815
76658
91659
87389
84879
96322
94540
82444
78000
83155
73783
89831
75718
71710
71994
83642
95805
73830
71125
81936
77637
77746
81220
81224
99214
89216
70238
74475
81488
72376
96445
84029
70543
90335
70943
91666
74653
77197
68876
92131
88032
98593
92601
86817
97493
73651
74285
80073
81237
77642
69794
91449
90904
99919
87854
82498
98423
81474
96162
73598
92022
89772
74419
87268
70145
78933
98903
95129
89974
75958
99186
96521
84836
77233
90802
79927
98707
70016
98487
93521
95044
85740
82296
77704
86457
77247
96994
79135
70136
83835
79554
73153
89549
83020
84964
79639
71182
91196
70268
94106
84514
75942
79814
93094
84164
78317
95466
94416
77317
75117
77090
72570
70288
77746
79646
70309
81970
95976
87464
77318
69530
70035
74628
82523
86877
87425
95898
100351
95293
70396
97879
85948
74410
69700
74064
96737
82313
88380
89640
91029
93749
79715
78772
81515
84419
91654
87134
99895
92043
87732
75975
67871
99555
72179
91569
79349
93742
81969
80155
74948
79126
83709
86701
69032
72725
91767
84823
74211
88890
86789
77878
97070
74282
83784
79031
70989
97125
92751
86014
99814
95434
91658
84361
91795
78174
82433
96528
75062
84041
87621
81328
77453
70945
92839
94281
75526
89451
87593
87333
75220
94047
78514
86234
75330
73196
96518
91249
74567
81404
71924
79047
69979
67833
90578
74036
76426
100496
85798
77163
82119
94133
69030
82593
68226
99559
85091
68594
73085
98741
77377
94720
68571
68481
94122
96733
87930
76164
70787
68395
77698
89106
78431
90497
76862
80159
76531
77073
97579
78339
92875
75400
81231
91770
98363
72246
90572
76015
73367
77423
95925
71674
90534
92465
73248
94503
91477
80134
99709
98553
99753
99628
83238
87086
88823
100596
89655
69189
83543
97896
84639
67902
74326
89136
86903
74401
93163
76471
74131
88513
96173
78985
80983
74562
100162
71168
92876
71129
86811
94239
76531
87123
89182
82622
78682
88281
72484
78311
78572
99698
89317
80513
82701
73161
91952
72235
81895
69169
78496
93803
97022
74726
86539
85768
97291
72341
88572
92084
82951
74527
89188
87278
83590
83867
85132
84007
68934
86170
89934
79652
80392
69550
80773
72355
88734
78637
69314
98369
82758
100146
88641
95131
90934
83941
68635
98996
83832
92412
80060
90519
81912
95874
100504
94525
88796
94935
77338
77232
76307
87545
96221
83825
100145
70145
86815
93207
84346
82161
86643
98874
74300
90028
68789
89231
70499
80454
92227
75860
78919
93566
75370
72431
80072
74121
82719
74450
93853
90642
97520
73633
74985
79742
71994
91543
78351
91508
80027
69670
68552
94877
85930
92125
75123
89512
71654
89999
100524
74642
68845
93362
89119
97060
84463
81669
85150
92605
88929
72566
68722
70993
88310
89666
89327
96178
89035
92254
87628
87822
74977
97302
90545
75705
100305
85236
72080
80685
93627
83683
99385
90192
99456
86164
89257
88309
93745
68897
89507
84132
99527
90352
82691
98462
99860
81371
95566
85276
80889
96909
70541
75736
95450
80175
85852
95182
90191
74053
85822
75332
74780
94418
68403
98568
81252
75971
87949
82425
98841
88202
70143
93128
87735
85258
74999
68608
93234
75443
87341
74308
72236
72430
68988
68824
76140
91323
72946
73316
74380
75928
72483
82164
95473
85926
91842
84546
68097
73223
94834
91448
71823
100490
87001
79025
85146
69002
84214
70528
71480
70931
75701
71091
80589
72775
93121
77593
92032
77824
87706
74497
97264
96951
87527
74053
81442
92581
74765
78983
73919
77095
87808
91579
92284
71783
86362
80101
83417
74809
84394
91940
79630
72003
89102
96752
83522
75105
88580
76704
96255
90184
85117
78127
97763
99177
89139
86335
98712
88344
70717
93278
72710
75501
78560
88713
85190
71530
97449
82414
99802
91871
83384
84726
73628
87947
75103
87427
84213
78084
100332
70519
83919
85721
70338
76917
73165
98933
69295
85739
91449
85062
85113
86608
96830
77855
79802
85674
83031
75995
68590
85332
78855
98116
90059
95998
84171
100403
96977
90869
78669
69112
76065
93093
92122
92411
98706
76892
79126
68516
86530
68688
78574
99705
75242
96996
73167
82310
72501
82215
94741
99330
96595
68765
89031
92975
81545
71491
85633
96130
71563
69837
88497
89860
95564
77106
68870
77816
79125
97386
98598
100030
69333
94070
88224
88823
81336
77474
85281
75754
71418
75015
72938
95271
99070
91475
93313
97385
68762
84941
94375
99777
96949
98707
95371
72433
75797
83238
69693
80150
68978
72745
74597
77707
78287
86630
92213
79625
95498
92690
78492
99347
92337
90450
77757
88209
76567
94462
80287
88251
96423
75940
70438
75576
92025
68560
73794
68743
98595
70794
93798
77215
77522
81697
74044
71122
76697
99111
71575
71671
94472
89533
89257
84680
86529
86289
80246
74889
79815
97572
96904
96747
79192
79313
81380
91183
91389
80395
89406
86670
82975
94310
84073
84697
98652
85208
91153
73053
94426
82881
82092
69641
72411
93738
81326
83155
71826
82762
93436
89943
78646
68431
84644
77249
96596
94043
72907
88302
81513
84684
69607
90062
80048
74176
90926
90637
78137
90328
80205
97778
96827
84541
90462
83335
73643
78817
76820
69370
99853
97032
74041
74819
93067
86278
76123
71175
98116
83274
98242
79292
99046
77979
98469
97039
76415
91554
75677
88194
77456
84649
86617
82778
83044
82082
72596
94904
94367
97131
90692
72198
92186
77648
86292
74388
94958
79826
96789
75907
99791
72614
88752
81635
99740
70145
89056
81688
92467
93459
74398
75650
77194
69073
83100
85341
86012
83192
79157
91621
82656
83279
97956
76478
69728
101164
72565
73108
73609
89401
99386
77567
85918
84600
83327
85161
89522
84357
78336
72370
84085
89372
99609
89171
75343
90586
100733
85954
74155
92488
71723
98646
69526
83477
99230
88556
87176
77219
82756
93321
68481
70342
95026
83777
74584
73160
97302
84823
91728
91568
96109
86181
73709
85699
74742
71742
87302
78412
97894
86611
82458
78745
86621
80723
70632
91718
87961
70742
69177
76222
77674
96956
70913
89598
87653
90897
84902
87452
89693
80692
81568
76040
99471
96185
84802
85779
96285
69771
80343
73389
91326
78038
81393
73203
71091
73252
86270
82537
83197
72390
72476
99971
92877
83829
89647
96363
74044
84025
71472
75262
94268
77962
84424
100887
71118
96949
76317
89873
73334
69250
71916
96903
90604
72468
75224
71262
79893
83984
68609
76550
96817
98818
89305
81660
74838
91644
85299
85908
76573
69760
88221
79605
88475
86943
77552
78693
84883
71779
73765
95175
88041
94059
96874
85345
98138
70869
69237
98019
78699
93025
85529
74917
100767
78546
80151
82481
77549
97688
68662
99585
77681
76205
91798
74890
91746
90301
88385
99193
76356
91017
70915
95804
100703
74893
76412
86724
76399
95712
69747
77193
75165
85597
91245
92111
92590
92672
72062
95016
98683
84370
100704
93755
85409
87433
72642
97987
99961
75818
96226
68827
72267
82672
95326
82808
80830
78641
80200
96823
78995
92671
84088
93273
86163
84813
90150
90379
95430
79954
93112
76011
79590
71987
95960
70857
100627
76252
87754
84394
85448
69166
97788
71187
92174
94560
77279
76932
72688
79007
97014
91970
86830
94456
87853
96601
72246
86136
71275
78050
92495
98962
74090
77442
69144
85952
84679
79411
84273
69741
96853
97607
95288
101139
74423
72106
82935
97697
79150
95847
96987
87583
100271
94573
73640
89748
90425
99988
101484
90152
73829
76763
92594
98694
77887
82675
92663
91268
81748
82946
88418
83718
93452
99745
87471
76575
90426
83494
82541
84602
98802
88617
85353
88313
80795
74817
71530
88731
69444
80399
87326
69795
88892
88702
97365
82423
70108
72008
86381
90822
86696
91069
92429
89965
72087
82624
94743
69276
96430
97810
89047
69300
69587
99539
76929
70260
79585
81733
72666
90325
69112
77268
83509
101426
92183
96595
101281
74924
82924
88201
94049
92621
83690
93932
101276
81772
93853
100524
93526
92624
93242
88051
93343
87320
89723
71532
87306
93145
89513
79362
94817
82186
69114
94186
87447
69917
76830
96483
91646
89711
83989
72636
70330
77026
74307
94999
79990
73928
89798
73582
69462
99588
99079
73299
79148
97387
94607
75516
75758
90737
88093
77822
83048
73473
82933
98905
73006
94636
86138
97717
81365
96262
74751
94699
77410
95053
77531
78279
84739
69964
90299
82701
82941
81023
84029
85945
88550
79736
86202
81035
76308
100225
70242
100547
73557
94851
92303
88874
88800
70695
82515
90193
76172
85562
90451
89629
88384
71766
96985
73859
98987
94911
93988
74641
72501
98443
101123
73390
90933
101638
100258
87330
99428
98388
81059
85977
95378
100184
79984
91235
94359
94933
78544
77120
74637
70099
69049
87899
85564
101189
88166
92372
99030
97000
100520
91394
84197
87406
89729
94649
81281
88028
75247
90568
99270
99889
84742
84166
72069
97608
95297
97295
91194
72703
71450
75017
100926
83865
80600
84140
93246
85857
89513
92225
86764
78736
77808
73577
74996
86897
72160
90978
80178
83651
81738
83846
71970
91743
95667
92948
83864
83995
90282
95283
90033
78317
75865
80948
73737
84052
97881
69912
79406
97267
91339
77906
89685
96895
93092
89806
76620
75484
88136
82481
101040
89219
93019
89955
88416
98855
80083
90699
72753
77720
83538
70361
78052
92903
91060
72522
101205
82123
94691
99239
86772
80963
101363
99983
95353
98685
83563
74551
97236
69623
96480
69807
84579
94180
83401
95847
97640
85713
87182
69105
71866
85896
94690
70152
84411
69941
100947
73426
87689
78279
78623
92002
101753
85913
79178
91265
84161
85586
85741
90286
88692
90890
73425
99683
95412
76718
93756
85402
90659
87461
85259
98704
74394
71603
78849
73673
81950
99102
74079
87892
94223
94224
91061
96080
87203
100669
100087
96175
94867
80581
71635
98106
77588
100444
78146
101077
92681
69288
100446
72197
100471
78826
92787
99503
99129
84961
90456
89635
85493
78572
94720
100696
76366
74862
76108
90745
80731
86134
92963
74145
93528
95392
79813
88804
99740
97334
88924
81806
93899
93083
80853
99503
70989
72426
80109
70359
92159
99290
86671
90910
86312
75493
100701
77159
80814
84905
77197
84966
96394
73870
69622
96224
71801
97705
84330
82866
101876
85728
101447
95765
76643
92495
78921
76448
86414
85995
100514
88975
90708
76645
91213
80066
84895
96594
80031
94217
81559
79496
73247
84638
91926
100555
92055
82931
79708
76713
93035
97710
72709
74914
96042
79090
76856
98956
74083
72929
76320
76854
93626
82527
92064
98892
96058
89368
90946
88186
70893
78276
78193
100820
76970
92586
99817
76918
75823
99170
94571
75879
82032
82144
75701
79300
70446
79534
90545
99866
79562
90233
77805
72979
82012
89807
86347
72789
94208
82471
90618
100007
96112
100130
95908
81493
69336
75792
96233
82646
84965
92086
86541
94637
93983
80207
85229
85645
72570
92624
73784
71360
76839
93808
71643
74698
72880
97384
89277
90441
79684
85495
79277
88607
97616
80042
87193
73939
97871
96474
99328
71477
69858
87670
84137
88385
74275
100099
84886
85830
69430
94432
73780
76616
81186
78799
80596
87458
90847
72369
76638
101615
80305
88721
94276
81195
100276
82660
95670
86550
80055
82703
70933
100569
96589
92458
75945
99564
100386
81412
100246
76855
78220
74343
97804
102008
76130
70045
71103
89060
79633
93490
82583
77585
92140
79356
83880
77331
80836
87641
92260
83686
98233
90552
80399
101132
84815
93531
76148
93814
86981
91739
100567
93608
100770
100588
80426
89881
78992
89314
84356
95192
98669
88948
101326
76661
79520
74304
71104
81695
98985
87952
73484
83978
71932
74716
75224
75028
69904
91280
91762
91047
80819
97294
97087
77793
90784
90871
80117
69618
75347
89767
72458
93894
93724
98558
87149
80357
73331
87398
88179
71319
100747
89873
94228
94795
85546
85123
77655
94777
71863
99409
89867
99911
96917
93992
77496
74537
84911
74512
82645
92109
84564
87026
95035
78326
93510
77144
85466
91687
72717
96629
78251
93890
82321
80229
71141
79473
93416
70326
86388
74181
95341
79398
95911
85021
85778
74670
71465
101322
71671
94144
99378
98672
94267
93646
89854
79535
78610
91147
101759
69635
77847
76917
91983
71145
90084
91923
77544
88388
83680
74107
76567
95998
96857
71576
95406
98034
97235
94634
85114
82442
89759
74638
101748
84900
93103
86336
102203
100923
79784
89246
101570
92995
89913
98415
90950
93780
89516
72867
81284
95115
78266
71644
98088
84270
83108
96814
99464
81038
83839
75043
101010
78386
96975
85251
86787
100657
70744
71506
88283
85472
79665
98969
76045
98221
78362
97130
78714
93771
96271
82590
75808
94736
100126
100577
78991
99227
78197
90993
79261
95929
97471
97826
78171
89226
101297
77478
77128
86239
83423
85259
79044
79591
78293
95621
74695
76043
79203
71534
100818
73750
77880
95627
80166
71065
74930
97169
87605
75150
90869
101607
97110
95035
92731
77998
83132
87385
95339
81663
88233
101750
90092
95091
81887
102040
93115
100585
74328
71459
96699
82563
80950
74236
84813
99826
73469
94959
93217
92916
70400
82510
81740
91162
77081
84955
90778
91343
93341
83176
89125
75926
95631
97725
83494
98195
80660
78394
93452
83021
77351
85438
70603
89778
83086
75335
86647
96348
93197
94938
82705
83474
81369
98597
94369
101010
99919
93795
81028
79501
95462
92032
77320
84468
100451
78973
90166
88690
101196
70423
98799
90938
79006
74915
72763
82434
82114
95037
70365
99663
71358
86561
70443
94196
85417
73049
91420
87509
75361
72857
86691
79345
85376
101735
71995
79264
96651
71806
72131
90392
80237
79477
80525
87350
100132
83868
77746
79484
94907
90919
73128
72022
96632
74126
84502
81825
89430
91699
85734
85869
69813
93254
99228
91906
100945
72421
69863
78370
71025
91272
90742
91278
94817
79261
92941
81356
88865
79471
93912
96806
82015
91212
83967
87286
86691
83431
88442
98337
76746
81659
74791
79074
76981
83761
78362
82377
90946
100420
85044
80387
101499
75619
77303
76251
100110
81367
76696
95361
84478
83173
97878
81674
78743
96502
76555
101561
83111
96245
79617
94333
72683
73465
73478
96186
83400
92964
83139
78412
78907
90571
83529
97226
94995
82902
95213
92679
93278
102506
88150
99551
86305
72390
100052
76592
96844
79723
74739
84262
87532
83072
89169
82876
79011
70004
81324
81279
101205
92645
75327
71829
97573
83905
81487
88575
82336
94379
77825
86555
80695
98976
69998
77421
86515
78810
79097
88222
91748
84468
87009
83653
94427
101456
83730
73958
73945
79286
82497
90040
69830
76093
83255
84140
90598
93807
79725
92970
87178
80040
90586
99102
77955
97727
80649
91315
70108
90088
80238
87390
93641
93913
73722
95775
91098
99372
96493
74500
77684
81669
78572
93166
85378
90868
70739
101015
76392
73245
96460
96724
93240
96918
101665
70168
77097
98064
97614
85818
80453
82618
84187
74616
76385
96354
78184
97211
90450
79069
96138
88349
86878
95402
88533
74664
72945
74962
100922
72288
82577
78610
101780
99460
77076
92476
80253
100370
79377
71643
83046
84361
88212
87062
72679
80114
88598
85207
95571
77857
98220
97068
85136
83513
74622
78317
83237
97390
81531
86175
74133
75791
80459
73112
83180
81347
73605
101220
94871
90643
95267
93544
82040
90920
89651
90053
94010
98262
89807
91775
72930
73690
80206
100319
99751
90464
88764
91669
83716
73673
87432
72738
88331
87978
83325
90613
78332
101400
77811
80852
83990
102691
78919
80126
91565
90016
73864
99727
99197
87596
81523
86947
73022
101229
93346
90046
78969
71067
88064
70764
95641
92991
92544
102692
78661
82235
80911
71794
76781
100875
77511
76118
85411
96842
92005
83943
93229
79480
88317
80187
73048
101882
74476
79499
77711
92002
89103
88979
93867
82417
73266
87096
76557
94298
91595
101741
79594
94409
72169
93527
85479
99876
86119
87727
72422
95889
74341
97129
86047
70456
75000
82579
99698
93514
88609
83327
86267
89154
77308
75812
85480
80235
87098
86210
99719
95394
72145
82629
93859
91741
98034
73964
96017
99052
77116
72362
84870
86783
73263
84173
86444
87401
99811
81245
100468
77347
87546
84679
82605
83604
93395
83514
94166
82703
83200
84306
91952
94622
80123
79604
92440
71166
77588
100217
84628
79594
82350
73742
98092
86173
79787
80218
95483
102546
90405
72034
96005
97934
76895
74922
100811
79584
100091
101021
95773
72167
89965
102703
95792
70870
88751
82881
80112
92084
70198
100677
77719
101543
93734
91554
88447
74865
94146
92762
98868
101435
98342
72298
75214
98450
71480
83314
94078
94639
85724
73237
99942
93435
79463
102307
72878
81874
96855
71413
95444
79751
78913
74393
86339
74409
96010
81456
98856
96133
93018
101651
99713
82924
102478
88125
93558
84535
95341
78693
98541
94087
96990
97642
84569
89938
98520
81908
100562
100379
96089
78425
79723
87424
83227
91069
73408
84858
99524
86142
74958
91873
95068
91855
85768
91950
74501
81570
76455
91525
83430
100556
102209
89331
75113
96611
94109
100340
72102
78187
76998
79672
70943
93106
73566
99750
71853
94457
84789
101794
74682
71508
94490
99211
95409
86228
94961
88456
77235
101730
81414
86149
78220
95214
77729
72312
85221
79562
75739
94697
98234
100176
81583
84657
97039
93387
85844
98306
75487
98965
85450
74663
83030
90492
72372
86669
98368
79978
84325
78467
100800
88134
101437
97598
98629
79637
80694
81056
86970
77413
75962
72762
87549
96491
80056
95247
78995
78699
93686
94362
101274
91352
90537
97299
80638
86461
88387
85231
84720
73435
93836
81318
95380
100115
97780
86456
74490
75911
85799
101362
98384
77053
76771
96749
90966
86404
88326
71897
78098
102745
75244
96120
100036
96267
99831
80237
81948
89822
92271
90039
77227
72045
82573
96889
102296
87444
98258
75772
75924
78477
85149
99574
97551
86873
93949
94733
103084
94306
74180
86679
82931
76894
75229
75940
97351
77942
97759
78398
94231
86952
100321
93167
75096
86378
92561
72836
90162
86928
98944
85521
83961
86895
88256
88117
88160
71235
78769
90015
94953
84174
88344
93905
74912
97858
73841
101412
95241
71265
86151
94477
84823
85731
97089
83614
86750
99352
84927
101200
85963
91342
96933
99839
88851
73077
89271
92726
99497
81537
81831
102829
79604
90640
100650
93968
93824
87245
85073
73218
72180
83476
84247
78946
79428
82775
100919
80077
97063
99008
70976
90724
76748
82199
90346
99791
90056
79591
99755
86914
88148
92380
89222
84798
79285
87920
98340
100571
73979
86470
91173
85574
81390
94166
95928
93894
96582
96203
98409
98179
100122
78505
79419
94536
75163
95283
78327
96136
96258
88588
83139
90271
101831
99868
88054
82779
92692
88117
86059
75195
73593
92919
75413
98550
87009
88049
76946
83647
82117
100104
77186
84936
99231
101661
90841
80773
86690
89578
93811
96562
92584
87341
85800
102935
82796
88841
99233
75019
94969
75689
85865
90935
78178
92710
87623
101916
95156
87723
98764
71384
73001
90071
91432
82596
74142
73570
103234
96418
76871
78340
72455
72918
73378
101010
73217
72817
97193
98411
79148
102230
103244
72978
71686
103127
98846
93468
80358
82367
88399
88141
86414
93590
99034
83198
98051
97568
79359
101057
99229
70695
102388
96328
82010
92282
74968
94339
93815
92214
72936
90889
83522
70980
78325
74681
100394
80419
74006
91553
72728
89064
91290
89375
80642
101763
84544
85317
87741
100419
80299
99458
78866
77213
81680
101503
92949
87593
77362
102728
82354
102893
94608
82860
70793
81374
88540
80614
82428
103076
98736
72061
84869
102558
72061
96616
74061
93478
77764
90998
84987
91414
84360
87533
92362
71818
89859
73329
76767
87016
102552
101160
89305
92702
75785
79644
98729
99371
80362
95713
76708
100833
97109
74359
72406
100329
73696
87409
76698
79623
86988
83543
82536
100511
75391
89162
76269
89209
96564
78310
71521
82881
83442
102509
84245
95570
86714
75297
95051
87860
75013
97265
94027
82274
84334
93784
90291
89553
82859
77187
83215
84399
80577
100530
74153
89064
79224
100576
82851
79087
97037
73382
83522
97211
93224
91997
86925
93200
92173
85379
86807
72191
102934
100447
97049
102064
101217
81640
96195
74335
95430
86500
72916
79781
85260
102733
87401
80889
98140
90360
83474
102774
79349
102521
87339
83423
83234
92737
101738
80608
82537
81417
102068
74646
72710
92788
98613
97106
83096
76271
81583
88474
83737
75484
75282
83825
87827
72433
85326
96729
78097
97754
99685
71061
89940
100134
91332
90163
79560
100192
84947
98890
73783
89212
71627
81665
98747
99702
96200
83152
89209
71989
71711
97163
94860
74933
71665
95132
100672
78949
97536
88719
72577
101582
72130
71893
102547
87670
72116
97473
84739
82180
75761
71383
74717
90532
91139
76614
75295
86189
71929
89267
73326
84610
92857
95288
86792
87990
93592
92845
96250
82035
89128
71462
78739
85788
89937
75452
83736
75313
72868
82321
77753
77171
98027
98574
86980
88649
93445
72559
102425
87907
90865
92290
80350
85917
74024
74667
92275
90150
91696
102188
72616
95713
91758
89251
102958
72203
95804
98004
91212
94751
72251
84137
79571
95990
94698
97655
72276
75571
77944
79491
92816
80094
71639
82373
82480
101967
76306
89580
87735
94798
99552
96162
86196
89976
72569
85008
95292
87781
82600
103589
77207
100871
82722
73747
87610
89045
91670
97435
83445
97577
77829
71563
99438
75879
81364
95749
77518
82016
96288
92929
91578
87670
102609
93845
87941
89088
98034
96885
80548
99056
93376
102326
85090
102835
84992
84439
75733
77400
99478
74497
100624
91381
94548
85390
86170
93510
73488
83657
88863
95128
98809
100084
98662
92389
70955
94864
87171
73281
71808
94424
92750
77684
90281
84879
85523
98537
93566
80891
92555
87239
80531
84274
96779
80733
97804
88980
91644
90819
84402
76185
99979
100798
82502
90573
80289
72165
90389
79384
86038
77058
95180
76867
76834
98747
85646
87992
74772
74610
91204
90249
97606
84329
80180
97204
103248
78122
91094
80038
98172
96294
102370
83965
87162
80028
79790
73618
82517
93628
100279
73655
79526
90893
73853
73149
85256
78604
76437
96186
74699
71958
94457
71048
92397
72327
95650
97041
78661
84772
78937
85962
97282
78006
100298
98174
85076
100856
91354
88141
95081
97459
90170
84468
88219
93992
78396
76367
81384
102574
77030
74524
100002
87452
88134
77057
87655
92777
76036
80849
72788
90642
99646
98315
89718
74684
101263
90531
88449
88987
86129
71685
84165
94994
99782
99160
92765
87068
82097
76543
103338
97258
86442
99686
92672
73934
90834
93435
103326
94039
86147
91770
95460
74430
94252
72814
85440
97408
80220
78837
84842
89933
99612
89795
90705
102689
87938
85609
99413
92337
92035
93399
100150
92680
88329
97824
85836
71282
89413
102270
103033
95129
77127
87958
83805
101870
103116
93181
103624
96842
95063
94202
87413
72405
102787
73870
99317
76584
96407
90545
74473
87982
83547
78047
95604
91216
83754
73939
72688
75345
71753
82579
92384
87414
83063
73644
98854
96363
102085
76223
74359
94306
90024
82748
102155
92157
100429
83310
103833
76142
86060
75704
75394
73693
98528
76830
89933
100361
91190
79110
72019
103475
92292
75840
86203
100152
89916
99141
96169
101117
100800
99516
100787
83471
92280
102211
95125
95371
98339
76139
74533
100412
100714
81668
86921
103428
81595
100252
92583
99965
80980
79426
95453
96223
75422
87696
75762
102181
101053
97000
89677
82539
77157
73725
98661
95899
80879
92565
90745
82504
103340
72846
89217
88026
103289
96799
86628
88812
76691
90209
89451
74994
73645
87054
81910
81183
77632
87944
94318
100230
71715
78621
86138
94079
75611
103049
91254
102732
85044
72636
73505
75516
90513
90846
103829
81040
74112
90001
77693
94045
96017
83830
75650
81073
74345
94706
94214
74681
90898
76082
86037
73378
72853
101484
85144
79615
76107
92008
78284
80235
85872
74560
86259
85103
101497
78948
83530
93862
76455
76256
88890
73758
87261
82402
88274
80642
72879
75638
89717
81782
75451
81301
102608
71363
94524
72542
79119
102836
92380
73123
101457
75328
81866
78247
99161
77928
80653
81190
100998
80483
92696
83862
76293
102393
97438
84141
75333
74029
76455
81955
84139
96286
90852
96953
73864
83503
78655
75898
86088
85094
73655
75841
80620
74514
88939
76923
75194
74929
71668
73006
74290
98320
89848
88891
87109
79284
76284
84192
92354
99449
76922
80768
86033
100729
99380
80551
102691
71471
82887
77897
84137
100317
101251
93770
75908
102186
74874
77123
101245
85776
86487
92292
94519
78837
85106
80725
95841
89112
72865
74626
73008
101935
83536
85270
96781
99151
97108
84838
71819
100363
83964
90961
76955
80096
93673
84679
91139
89553
90400
98696
93196
76110
72542
75566
98171
89690
80300
94830
102595
74221
71730
77211
91257
97175
90192
89195
77832
84327
81131
93950
102566
76555
76037
75292
93831
75832
101521
101567
73808
104013
72581
76497
90830
98611
76592
87350
96488
72583
94670
81677
100306
96763
91226
77875
99204
73209
75427
99593
81771
103306
82338
88952
96094
75383
103435
102706
91347
94894
78114
96058
78931
87014
74192
89766
93995
96390
80886
90788
77157
72643
99329
103355
74742
76553
85183
92243
90937
88733
100721
104056
88476
93568
99873
80603
93850
78998
96821
94489
84457
100615
76101
82240
72436
83430
99882
99984
95371
99601
101463
78718
102617
74584
82797
104191
102807
85985
73993
100098
102528
76490
81120
103486
103429
79633
101135
76591
80961
74673
102572
83547
80943
77838
83617
103898
95003
77715
73402
81941
80470
94362
89852
73678
80686
101004
83769
74593
90397
87881
79073
78153
80961
72650
80155
79333
92172
74757
87316
81532
84541
87568
86167
83328
81423
98442
89823
103439
98224
92215
99753
89279
93172
88298
96909
95131
92235
81320
92813
83817
100081
99338
90095
98351
80740
85731
80456
91893
78619
80931
93402
96971
75381
82427
96031
87822
79344
91970
84902
85736
75675
88856
71966
90646
71886
77769
76209
93934
96280
81140
85139
83360
88953
93420
97754
98492
100049
96606
82064
83700
79513
88884
89862
88612
99025
94650
99692
104335
93753
75007
92831
85355
95684
100223
97090
100769
78922
80638
80656
83406
93821
72887
86128
103565
72478
97462
93770
78840
80753
91267
102426
76140
71662
78080
80963
84621
79161
99220
82085
87946
103764
85641
73073
101027
71956
98483
102972
82152
103889
103507
98643
73795
95074
99642
73039
89784
91720
94770
103657
102124
72234
93593
78095
103908
90242
82255
71991
77328
79765
76243
78323
72584
81320
85160
84421
95637
91249
93694
100405
76147
96460
76174
86818
72277
86703
78534
73302
98986
82272
90150
88413
96927
100325
99818
94102
83941
97725
91113
102026
88756
75725
76477
75389
72720
89501
89124
88387
94539
85700
101030
84821
71883
97441
81016
101156
82957
97356
95649
98989
103146
103628
77147
75598
87065
101771
78524
89048
77558
82183
83093
80101
72321
83913
90267
77676
83370
85915
101828
80274
87244
94966
75252
101827
71799
74938
90841
100354
74098
99361
78355
81277
87552
77046
103577
93797
93283
88066
101720
84476
93855
90056
90909
80112
76672
97650
80308
74215
80094
86538
83538
89179
92960
102381
74544
83368
91647
88189
99961
76899
76429
74263
90214
99822
83573
80453
74919
74313
100484
79924
82694
86571
89704
95080
103239
78674
81848
86702
79954
104215
84533
100178
81556
79685
95056
100499
96674
77099
94956
90964
91423
89840
84836
78356
101601
87847
103120
86304
81999
80547
90500
74503
103693
86157
100826
96591
97500
86195
97586
95590
94907
93219
98870
95707
99154
82937
73827
91086
78993
82549
91333
95398
102549
100945
91137
78850
88011
94289
73113
92657
73303
78619
74860
78181
88247
91465
77948
86757
72611
81341
97780
79747
103224
82484
73066
100366
95574
98334
72033
85128
95047
83886
103698
73690
93857
73005
84076
84935
95597
87187
97625
90399
84360
101208
94787
73781
96074
95368
83415
83346
81766
76566
86024
102123
88081
97906
101463
101457
84327
93533
96594
102824
92426
82685
102747
89178
80140
100908
82091
82253
77327
84758
97431
96018
73898
83715
90129
86111
93711
75377
94577
96959
101355
85350
95606
103816
103310
84484
95111
79117
100428
102750
85823
75286
89379
97930
72489
99725
97694
83960
100552
98426
89592
89857
72155
86066
87685
93635
95966
83658
85582
91949
102100
98258
96507
89430
91204
100672
76791
102931
76674
104619
102094
95688
73263
73914
76506
100478
75779
88795
73246
86326
86218
71992
95602
89981
100269
95463
94689
101185
78771
76896
81231
91875
77192
83509
86622
104333
99964
84989
72595
100294
82126
78225
101813
75844
89387
81020
82294
78593
90482
98220
86102
74897
81082
81774
96451
90034
76950
86425
85381
77605
100248
85512
95321
72124
102675
74574
79836
81077
80421
91046
94379
73798
95221
89641
100809
80505
96058
88132
74817
103482
75005
97128
73228
83118
91295
84739
98356
79559
74525
79536
104506
93462
87955
72874
82102
79840
78079
86151
73021
102771
86344
96803
85383
103610
80255
90330
89041
82448
84836
95994
92801
99922
99372
80247
91401
79928
87169
79841
79885
98277
80331
88212
87240
89276
97454
77103
99244
81270
80083
92999
84552
89713
102892
89436
92271
90699
80370
90123
77975
88240
76977
81798
81791
75632
83079
100674
87829
100821
101481
75247
90262
72243
95014
85933
88567
72128
82928
79997
78468
92838
100376
95477
88775
94295
79385
98105
101291
84513
86488
91686
100577
72706
90666
97488
90755
88509
90007
73263
96759
84013
98398
88341
85527
75994
99768
104547
86670
82890
93793
72573
87685
82842
78421
86779
81536
104397
93143
95650
103810
86371
102840
90514
80248
77229
75478
73152
75476
82785
99043
102311
75641
99818
104552
80187
92375
103169
89097
103199
81239
97921
78090
87831
101625
102519
98066
85696
80187
76153
87343
96895
96318
82234
81435
74935
92964
78683
76222
79167
95164
85635
102387
88339
101729
88497
77967
86601
77087
99281
103584
99399
93464
94606
79090
102452
100134
89448
92632
103852
90818
97798
100392
93112
80421
75469
85896
91645
72364
87729
101864
96819
83073
76107
72784
88537
77176
89644
104668
87079
76599
92786
98821
103493
100506
84121
104225
102330
100950
96915
74285
80167
75484
94746
102091
84789
95616
86853
94855
81868
104666
83289
92766
83846
75884
83426
94593
87395
89478
78339
103766
103102
100199
96779
76480
85887
101029
78664
92320
82579
94159
97312
101276
77465
83280
91741
91935
81630
88214
89033
100256
77964
100980
78075
84520
72734
82629
88688
101646
94999
83795
96222
89605
99828
96759
76228
84314
75359
82433
91462
77430
80293
74969
80440
81322
85866
86503
81785
99116
102556
75185
104834
74588
72357
92227
85822
76876
72421
84692
90397
73856
81503
92326
87652
73458
84402
85806
79047
85081
93516
86389
103993
90539
76250
76478
86275
99297
88322
78953
91667
84218
77397
78615
76183
101954
83071
98063
88523
99284
101057
101345
104463
102750
75426
103241
96317
96292
73185
91989
105017
87624
89261
77770
98762
94024
93208
104133
73896
89544
93386
75934
83670
103058
76274
92945
93489
83163
88195
94112
101962
79816
87708
91443
98673
96560
98119
93442
101394
97700
91751
79540
73029
81324
102636
75720
92064
79956
97609
102965
85327
98023
102440
81485
86631
77307
80220
84967
100728
96173
91415
77501
77410
74542
101725
84499
90985
75135
98232
94106
83083
79736
76590
83347
83216
101647
100976
88119
101220
102871
97876
88663
81698
85703
76933
88384
97649
89405
79481
92129
92051
101186
89252
99632
98235
103696
90604
82377
83999
104402
82780
92376
88143
74154
104476
77882
89285
99064
77217
78815
79037
83162
78881
82035
74311
92399
102218
78141
82074
87649
73523
91463
79019
104482
103827
102335
84990
86133
76593
92061
97724
99761
84379
96902
98823
76865
97563
75504
95114
102896
82663
98696
77652
101988
100248
76240
91878
72935
92637
86541
104586
82798
103793
97888
90599
92883
84554
81715
90323
101478
91156
92886
104040
88228
95709
105066
98394
80710
85522
93695
89223
90238
95914
89081
84688
73597
99745
102328
82216
93752
86440
72568
99818
82540
89883
98677
74864
99295
104755
88147
102369
95210
76669
102078
92234
77364
102282
102990
103921
75456
74472
89517
77542
84266
88402
78331
88794
73005
89892
98161
76084
103529
81938
82245
101730
91491
91672
86222
95597
104398
99508
95209
77521
75273
83028
76443
101771
88040
82442
98296
100723
80567
79751
90691
83404
88700
89927
83542
79642
73853
92425
105028
88883
97026
103042
84798
79769
78428
79954
90803
102919
102182
95031
97979
104266
79307
103809
76214
91218
88905
72902
87344
75145
79668
93142
97289
82020
87805
90353
77778
80695
79476
72760
103801
87885
82316
100962
103721
102712
74590
100272
82284
97126
99953
77603
80275
75509
76345
76268
101207
102088
94685
103204
88000
80091
86078
82877
81734
98771
79156
105145
88375
83674
90138
103833
80472
90537
80782
85273
85711
76518
75378
76314
101184
95921
85558
91872
80183
81786
97882
77949
90822
94997
100654
97421
74095
103952
77277
91940
87107
78148
73641
77061
98636
81322
103032
103957
91689
98928
94352
91151
97272
104780
73119
104824
94841
101649
92926
77014
91759
83584
74038
97309
87882
80736
82628
103530
73732
103377
93209
74227
96073
80349
95461
72766
80602
100176
79509
98962
100915
99785
72730
81068
95340
95506
89837
95154
81245
101293
103760
96109
97797
75183
95702
99250
74797
87506
95269
96801
103752
101573
105211
91155
96414
84678
83823
86221
93353
102259
76154
91130
76735
97245
77237
75864
91122
88799
78948
96945
83509
99246
80308
73997
102592
84656
86849
90662
104629
95378
75483
78108
104195
90005
81546
82282
81034
87848
89551
104217
86401
83388
80941
91955
91157
80084
84200
89211
84563
93019
89101
103515
97096
84539
96434
92190
99175
75563
99455
87647
104491
101832
104558
73921
102141
93928
85710
94689
80727
103979
78478
73609
96298
73171
78776
89383
90237
87253
83260
94845
97111
84783
100335
84633
89824
96381
75475
93960
102083
78023
84121
82759
104918
88990
80484
103546
80637
74087
79824
86368
98636
99062
95283
97927
82795
102239
84259
80572
90687
76808
77368
92102
73414
74499
89618
84820
100163
93083
85150
80947
81820
90413
86678
77764
76032
89146
78407
80814
77004
90553
88471
90064
77488
89266
99654
76922
92686
103944
76148
104668
81570
89751
82788
73150
77928
73598
96383
92274
73402
83134
75420
80391
95929
79365
84350
83648
91375
86468
88478
76228
84531
73351
100395
82199
96204
75398
97360
99785
95961
78199
95669
78958
89840
86183
96328
88526
98309
94537
91453
104413
91021
92430
75091
79597
92388
78070
84058
87842
98540
82533
81394
87590
85240
84601
101269
81183
74984
75675
74712
84702
84117
91476
82669
93785
82031
76386
95341
83292
78180
85260
75348
95099
75780
98738
93518
91467
73443
87976
89649
86994
83007
96325
73930
105531
82659
89142
73692
81870
102987
92952
96870
73760
102921
80199
104997
84871
95336
88048
103258
93649
80974
93038
78285
80182
86631
97235
87826
88970
95615
78788
101899
86968
100912
98699
96174
80747
101822
85607
95496
88334
77887
81958
78466
101879
88575
80118
96356
95455
73762
100729
91287
83094
93323
100631
94639
84724
89341
100504
93993
103443
73088
86770
85744
102843
82439
77919
93222
87838
90959
73651
77602
81094
99082
80365
78517
98507
97085
95244
85682
79689
97511
78628
76717
73489
90595
91824
82946
77471
87567
105770
95770
93517
105390
83673
101353
93382
93963
105195
89019
95932
85344
86723
91697
82654
74485
77716
103814
84228
74892
97839
98839
99245
88061
101657
90147
79532
102430
84193
96975
101918
90085
94896
90221
76191
84177
75042
74749
92094
75909
105300
88052
99758
76215
93759
75325
91966
80968
80964
76158
105226
88244
93959
93084
93939
103085
103297
77185
75982
81667
96337
89117
79705
78023
99923
87722
94067
86448
100212
92725
76172
104893
85957
75354
86874
76316
97486
94031
84429
102219
81700
94500
102214
93821
90686
88136
78340
74303
99972
95056
95966
100955
82345
74228
105528
103165
104763
79194
84272
79636
101240
75160
97560
98811
105060
82036
103209
87129
101656
79213
77429
94278
88925
74496
74270
102575
96121
100644
76230
102395
92745
83223
99910
90606
95632
96860
86691
91342
77967
101637
75070
85445
86742
102702
86346
78983
74073
86986
89219
98868
78278
90274
97565
83840
96278
76186
78843
81425
86627
78646
87842
96553
100089
92766
73837
100740
92335
100190
103554
104580
103800
74289
87556
81547
99125
89087
80139
104616
85709
82404
76497
90487
98688
85235
82350
102722
82040
74619
100678
84332
105121
98184
89857
102160
92347
89773
94907
104677
95150
89857
81853
78949
87325
93544
102892
99886
83517
76052
92993
76200
86248
73803
89465
95208
104173
84586
76814
89556
74667
90922
84581
88456
97246
101154
100937
104185
90040
86413
102040
97240
95028
101198
87612
86714
82087
105265
95069
95605
84375
102260
82645
95949
104913
80006
79845
102224
102582
105742
102438
86398
87254
93999
99266
92461
75200
91914
83427
92716
98327
75397
92524
94759
83945
100939
97768
74186
93501
101397
96447
78121
81643
104999
81584
74592
90033
100381
90491
89462
102786
97511
91614
74888
84769
98835
75203
83747
84975
104522
74424
95729
74242
95518
89247
102296
87670
85507
98471
91103
78856
87194
99451
78355
89056
84022
98745
91817
105647
82073
91557
89124
81914
103934
84255
74553
82358
100957
99538
103985
75284
104426
87471
80784
90526
100574
75162
80884
100227
81019
85090
94015
78383
81226
89335
83192
88607
101544
86743
101359
102132
83840
78794
89376
83654
100442
96719
77274
79802
76437
88406
85281
94167
86768
79791
86096
73493
90448
91587
78595
83895
77757
94978
77363
84187
82605
76956
101027
96080
85637
105716
94843
80039
79453
73554
99891
87181
92163
89047
80051
94296
80195
81847
79545
92383
76390
83362
89466
97935
78329
74371
99468
100283
95696
76397
73475
105780
103754
98770
96219
95514
92373
93943
101782
90097
88757
90020
86309
105463
81154
96032
85004
94901
82160
79965
94658
87253
95060
73839
73814
92211
90723
83266
103512
80951
86204
85133
87031
104545
104873
85762
87399
104741
76449
97224
91270
102138
79378
102442
101310
86958
99166
96145
99373
100860
98339
75695
94467
97120
95936
101630
92716
100394
101909
105321
105008
89554
95882
87880
95063
92043
92242
92818
81936
77082
87793
105038
103059
103401
97787
77899
88006
79447
76575
77073
102749
83283
92517
87575
97094
75817
94644
95287
73796
85659
99479
87646
74202
92468
102720
93320
79722
97241
85454
102124
75934
97953
74955
83315
83719
98535
105465
74607
76548
98973
104526
101258
79846
96226
74557
94204
76625
76503
103735
90882
80869
94127
84338
101259
101150
89862
81641
86580
93817
100980
84644
88694
87001
89953
81721
105502
83240
76827
77203
78078
85825
97061
74482
76515
86030
80083
100403
99783
94189
87827
99922
100935
84569
91022
103469
78935
100806
82928
102794
94772
96972
101507
103260
85914
88712
75011
83266
90424
91200
77742
99409
99425
90693
91802
104211
83716
83486
90955
75471
101342
101346
99461
89611
81646
93414
91743
86096
77353
75160
73881
102189
88688
86699
81711
102526
87231
76149
76078
84463
97191
102293
92615
75195
77054
87512
102306
79034
81877
105054
104053
82330
88746
103928
102100
76140
96735
88277
96331
105827
80491
80478
98730
78297
81104
98398
74656
89747
78925
98662
84363
87110
95828
83568
97423
84826
106046
94146
83173
77805
104766
90389
79222
85787
77459
96503
87465
92541
88066
87918
89465
85743
97924
96222
96202
92055
94012
74284
98045
85539
105643
96036
92098
89937
98343
105496
85549
90805
77705
84426
88333
78007
97063
82573
92025
96731
75778
95142
81067
103237
105024
83448
106002
93308
99292
90593
104354
103022
93084
92767
88687
91060
73795
95095
92538
88600
93192
79831
100554
101716
105544
86458
74431
86813
78200
97036
104356
73824
84829
104654
76675
102348
75135
103869
99901
78224
79835
86062
96729
100454
85976
106301
99101
88016
79228
78630
79963
75681
78048
87283
105102
73920
99297
84312
97446
75561
76825
88795
95519
87348
98574
85815
101848
80922
98984
84995
75299
101813
93161
93839
80664
103303
89560
105231
100912
104190
79550
83707
82447
106230
92565
82613
79264
75392
92606
83565
83303
78050
98034
83522
94995
89823
103803
86441
86867
92472
89764
98835
86507
74866
87406
81098
97287
94682
97156
85020
83151
82375
90737
103356
96315
101151
87313
91237
86057
89116
79173
78528
90029
92240
90603
79240
84136
79847
80142
77548
94108
89133
100953
91445
74174
85328
101842
102056
90445
87398
78533
79022
85027
76977
88829
86578
86154
76578
87610
78155
74832
78621
78304
85019
78366
80252
78061
79095
94469
102102
98349
84423
88666
85505
96945
79536
94660
103381
103037
101361
103315
91187
78209
92939
97619
90182
75467
102181
83105
78345
95226
79022
77886
86282
102134
74820
75618
99437
93150
91349
76627
83507
90946
88324
102197
93117
84115
84942
90660
79755
83159
77933
81792
79946
84385
104828
96648
104718
77889
76637
86571
83676
88376
101848
79386
102251
90095
73988
77346
105771
79528
96619
96953
95367
81588
92009
101847
87655
78054
101845
87815
76794
92745
84963
103869
90034
94478
97865
75242
83856
83400
88993
96974
99489
87260
94223
80909
97225
105522
97315
80134
84927
88369
80641
75360
91225
86763
86975
88549
74506
103572
96782
96404
104617
76857
98845
84721
89203
82350
93114
76704
102484
104905
75963
82994
96866
88525
74396
101439
87978
106281
82793
81589
85040
81763
99806
80239
103473
83023
86222
97034
88747
96388
74177
78580
88352
104464
84705
104389
74902
96619
83991
96211
84962
82602
94065
79872
76582
98037
98503
79063
104601
75835
88222
80344
85638
96548
84556
99087
79512
105288
91485
97516
96852
99742
76342
79438
97511
106295
94712
80097
74274
96812
101799
80810
100035
80597
90252
91104
101878
98107
96727
100350
92187
88784
94601
76054
95946
80478
101521
104040
78356
83006
93237
94003
94988
100554
85172
95947
83847
104212
104234
93932
78623
84441
84659
93262
98686
90288
98515
88441
101849
80263
102678
105435
74682
81488
104435
102168
89347
88824
91382
84641
106800
102297
103455
91528
76252
94960
87685
76947
77958
80145
77374
97935
76182
103001
74115
82662
77979
95909
76048
77428
100823
78017
89546
84631
89341
81444
76196
94853
101689
87770
98243
80611
86641
78273
90081
96147
96203
88312
76015
86989
90991
74389
98046
77937
84878
74134
84063
81051
81059
74523
99849
97400
87288
101330
101180
78425
88428
76210
88164
89606
100213
85484
105792
83541
84065
82718
75331
82171
76257
95178
80187
76961
81863
87304
75056
86331
86799
92535
100751
105109
98844
94329
104584
90414
79429
103840
88244
79178
103056
78947
76283
90179
81853
99350
102837
102432
80263
81945
102927
90472
98598
106575
102576
80697
88344
79313
102557
78228
93729
98276
82778
90619
102801
85289
79187
97854
92357
81172
104826
96658
79344
95647
96304
101347
106012
90432
83305
98155
102507
100632
74251
97412
78499
89965
85144
83898
95977
101978
99597
75301
81613
106181
92170
89078
77703
101266
99634
96591
105344
103702
79061
92504
75029
92367
94413
96143
97943
94546
79013
81759
93078
90756
76033
80373
91999
87565
106041
89679
103619
101386
105032
100245
88858
74754
97765
103853
87176
90652
99567
97290
94591
87183
75278
78532
95621
93529
103832
81390
78136
91188
94129
81700
105871
95430
85431
83299
80994
85272
84701
85789
90669
81993
80917
78477
85265
102788
106292
90185
77083
92975
99664
78870
98761
87653
97389
83967
94410
83623
80985
97705
96774
101838
105173
78305
77022
85060
101109
85623
82613
78196
76746
77391
82607
106623
76350
100277
103096
101681
96830
86257
104905
75059
76575
86811
87910
104834
88890
89905
103532
105503
102106
88423
102665
91657
93785
102078
87052
88424
77701
100568
98143
103435
77384
87051
85457
99860
96393
93108
106009
90354
86349
82126
77592
94864
93986
102083
94559
82124
96701
94849
102897
96555
101090
96209
107082
100555
79492
102628
98720
94361
89646
76847
93032
76227
86945
89210
85788
77425
102079
83763
87356
96944
96935
85255
79251
104878
106018
106676
82619
103213
74558
81944
85731
85298
98872
99214
85456
79357
86943
79739
88098
84542
101815
95268
95193
84870
78108
75715
83479
80636
75943
100057
102951
93265
90261
87749
76223
83190
88294
83606
78466
97164
79620
84510
91337
93084
105125
76615
75683
86408
80370
83371
77339
99009
100585
106590
96697
95803
94208
88590
91723
78110
87563
105295
74468
93119
98655
99120
80934
99022
103480
82450
105405
100561
75864
87738
106796
101328
85489
106916
79820
90962
94661
82586
101905
105097
93836
95366
86544
84682
85398
88965
104254
96832
96945
96572
84347
86752
94029
80751
86351
83359
104670
88271
85363
93667
97922
94228
99731
84280
92644
105804
96850
104261
104288
96627
79503
95742
78184
79939
83430
101915
105254
88141
95354
91080
85602
104777
80882
106398
86183
76971
98754
91090
99233
87159
101036
98732
87242
91221
83846
74555
102470
88296
89917
81224
88842
96604
104986
89480
104516
79678
102980
76053
81399
82065
85383
106271
89318
96286
74835
95199
90036
83979
104968
104397
83273
98991
100976
81683
88696
83365
86157
97601
79582
103199
84630
84290
98573
103805
89916
97679
81386
82207
92209
75938
77651
84087
75243
82350
99845
104034
106662
103821
92861
82616
105128
98298
107166
79137
96200
83200
86739
92715
81457
106162
75637
102042
103524
86813
90543
91392
90236
91771
102688
76173
93366
81322
97408
92199
79152
83164
97671
96445
82673
93839
87050
103897
79914
106176
78952
82293
94651
87643
103716
93200
90617
78583
98259
102913
100527
104128
92473
82698
76899
101556
87215
84016
80090
81171
83655
89034
91870
99856
84787
75737
102718
101581
102883
97943
88855
88710
92014
98643
101202
88589
101555
76155
82286
84342
78272
92155
92031
95251
104435
85701
99703
84131
106334
96433
88485
106438
82800
107400
88699
83636
84690
77915
99732
107055
77456
97818
106486
97718
97401
86626
84884
88828
80072
83093
103959
87448
99076
89904
91357
93950
98852
93017
90690
87726
89079
105144
86047
98987
80835
99208
91025
76847
76845
107246
101884
99485
84056
88457
87887
79543
100433
104010
77193
100369
76971
107398
85372
77509
101734
84553
75984
77673
86038
81902
93516
87870
84288
102892
102737
75434
101640
99315
100775
81897
94985
103480
101501
77311
102789
104973
99754
104433
95166
78516
106553
78900
102307
94325
100645
102502
81583
98286
85857
98620
81423
79787
99611
85692
96771
83446
99906
94380
75910
94448
100422
94026
96049
105697
87839
80957
86109
101581
91024
104396
97160
102728
100013
87630
105722
104842
106139
104929
88231
88774
92311
87135
105560
98744
80953
75150
87302
107134
101370
92567
103302
88744
85749
101306
91244
88466
79850
94527
89897
82674
89480
102576
77942
106413
79852
100677
107510
86255
104293
85664
94486
80250
96378
81082
85817
102718
88366
75806
103698
104234
95106
81493
91984
103747
98620
84641
80513
92915
93415
78574
76848
102819
103451
82181
96081
85900
98046
101379
100320
101577
78091
103945
94660
97969
96018
94774
85753
105829
87680
100050
84206
104357
98785
81868
86316
80104
95907
83303
85305
95659
75805
101168
80316
102921
89040
84787
100577
104076
105196
82286
81919
100163
89366
80774
104569
102676
86120
86201
75746
106836
90809
87572
86884
105365
94239
90854
103010
106943
80563
96628
83036
107107
102292
75758
106003
106827
81199
79266
94702
93782
81597
77936
87965
81539
82188
93822
95996
88907
91267
88109
96826
89140
90209
101963
92986
106147
92997
82058
98361
94193
101619
84016
105394
105922
81237
88849
99198
90258
95424
92858
103232
87185
102777
99312
93696
95409
79480
82521
94998
84989
100203
76920
96842
86316
91646
101343
105273
106614
103514
103839
99323
100262
90347
96004
107266
104561
81767
105087
75845
79110
94988
80100
106910
84710
77353
101077
79473
77814
84703
77438
83599
87506
98601
103812
94298
83813
81434
102199
82473
107703
98406
82703
105198
102661
89636
77654
97814
83735
104402
98338
89776
83918
89242
86662
75218
87805
107475
79881
96312
80505
81867
101975
98095
94068
101828
98103
80049
84486
91964
81085
103122
78605
79986
85441
87643
96311
90149
97936
107700
90717
81055
84448
101639
99859
100850
85514
97442
98941
95618
107123
102045
107108
101059
106827
97981
103304
89412
96635
82841
75832
103405
105688
103419
87841
80261
89757
88969
93540
95862
87576
90789
75499
104405
88483
77201
106748
100253
75222
87767
88846
105019
99579
92392
80348
87376
101058
97027
82105
103346
79927
103768
95523
76468
105456
106606
106650
95399
82571
91074
91315
91296
101208
87985
87400
100220
79186
85655
101810
103970
79956
80185
94810
97544
81545
100960
104203
97529
86565
97735
96685
84245
103250
83511
100334
83481
100973
91889
107297
85728
92787
80972
104012
107050
87990
96159
78460
89501
100053
103009
99676
76297
83946
97423
89606
97520
86533
100942
103449
103238
90842
91346
83212
100725
100022
98942
97218
79012
105656
92749
95838
106809
92989
83568
97880
88732
88220
100921
100049
90174
105492
77623
99619
93147
97026
85411
79805
93436
91735
103418
85806
89535
101450
90604
77183
87258
78410
100981
77766
96478
92983
98634
79352
80057
97745
96118
89343
93567
102257
76613
106252
84330
91895
94049
85551
79903
89091
77115
105765
103474
83560
91820
76401
87533
98781
96989
82350
106317
88566
78436
83747
84302
94803
87727
98712
87656
98072
88230
79464
93786
90524
84620
84952
83750
97638
78118
91559
106333
88405
94240
77798
77212
90398
87468
85002
76119
88828
100716
103488
86229
91554
90770
76032
102524
103029
92486
97509
77647
94200
100168
86716
107701
104583
76758
90587
97148
104777
91856
103604
91677
83296
81690
103849
92226
84322
84034
106018
80261
103181
80738
80861
83323
90422
104264
98438
93425
102403
101333
85896
93301
95578
79011
81442
101401
90521
91882
80317
97395
104584
104101
92285
99560
87692
104176
96278
91947
79389
80309
85729
105472
100729
103047
86831
85318
97434
90318
81117
78132
103270
91429
107816
76515
88103
108032
84163
87052
85562
92050
77863
87060
97547
88814
78379
75845
75585
84076
99540
82271
98869
80206
86126
105039
98729
91299
96475
76862
101303
90988
102700
91085
76039
94206
77166
97183
99653
79015
100038
90137
86994
93588
107969
98405
93370
90610
100069
78013
79335
96340
93580
98790
76948
92757
88306
78330
107268
88958
85900
105067
99955
87914
95387
81733
82253
97063
105474
91059
101790
85472
86100
83909
84937
101561
98098
95088
78206
93691
81876
78551
91366
106353
92133
75720
88096
99346
90772
103562
96497
95455
97768
82902
100535
100623
107091
78371
77983
76138
75915
89127
108056
94963
82325
87706
95112
77001
107810
103229
80189
87375
96799
96027
96934
101003
77192
108046
84931
86476
76669
75654
94938
98960
77463
84102
86636
88228
104828
89839
77671
94605
102065
86529
75677
80167
80560
101407
93301
100748
99387
80338
103904
98871
104175
96785
106895
88682
97308
91072
94820
78540
79316
99446
91174
76375
102466
81027
83832
80497
105789
105522
88588
106073
101917
108107
102164
84421
90062
105436
80889
78538
101667
79161
97616
94971
80748
93250
92170
99285
103754
80868
88810
105051
83906
96483
99389
91645
87441
75734
94149
79550
79039
95347
78070
85654
92791
77324
97637
90645
104726
93530
84861
101450
78978
83834
84339
80355
86205
78389
82045
85909
81594
97668
79935
102335
93039
99923
93830
99146
79147
99974
96057
92627
76586
108090
104589
95500
93031
78413
79735
86879
103089
105504
92263
85461
94977
108187
96307
97591
99339
91250
98641
88691
82451
93095
90442
77376
93954
90705
107115
107525
92601
84123
77246
99319
102309
107535
88377
88194
89235
94229
108084
99051
81094
96182
82977
99123
83271
97446
76663
96062
83581
85890
91375
103733
93437
81238
86259
107816
91299
95842
99155
81400
78306
86558
100155
84340
79192
103547
106338
103362
101798
104556
87683
92673
84862
99237
95249
101420
76798
92066
76071
95809
85308
95212
100798
83107
102690
105880
108066
79805
107132
90128
88231
105193
86095
97046
105367
103056
78700
86533
97136
103826
86598
86106
96588
103912
79617
96116
94625
105608
76747
96664
88874
89224
102767
99896
94757
98695
99367
76661
107455
81225
82610
94434
85453
88225
101287
102283
108220
84884
91401
92982
90571
106683
98843
78056
90999
75753
80758
81579
105015
80910
85336
80015
85866
106587
86079
93935
99470
80039
106423
96757
78002
106770
107376
77408
94766
92392
77459
85893
100497
95432
92502
107156
76507
84997
96463
83741
101869
87372
88325
96467
77629
83591
105805
106127
79822
84994
101076
84632
101216
76492
82296
102433
88036
90721
91868
86547
80178
102789
100283
93965
83198
107123
107388
93865
103176
98871
103943
103426
103828
91993
87000
96627
87578
93115
76881
104865
92734
97732
99925
92603
79106
93374
84754
92416
84027
103549
95006
84354
96834
93250
92614
103978
99307
97503
80547
96765
80571
98843
81262
101533
80725
80727
78868
83987
104502
77682
102157
101323
90274
92139
84970
86240
103390
91973
107054
95131
87200
89776
94815
79414
94404
91877
76637
90341
102720
82002
104946
107287
108122
89719
87721
104952
91161
82576
83428
106555
90873
92532
89641
84760
80098
86205
75965
80016
106075
87849
77940
103160
95228
97344
86727
93621
80929
82743
108327
89925
89318
81173
94353
97407
81487
97812
85347
104731
104646
98890
104814
94580
100299
83336
79436
106893
79079
103043
77299
101714
77537
85297
91019
106017
82229
81014
83581
96649
90050
104192
80845
103762
96963
87920
78249
85181
85760
105402
102722
88844
99910
103374
99034
89925
80916
82808
79902
85300
80535
105348
78007
94127
99288
77351
77084
90142
97077
98970
82858
104250
82702
85000
84982
97044
107200
100266
103522
101977
100567
83505
103918
107733
97663
107620
105041
82231
104764
79626
100425
98324
87003
93706
84527
78894
81833
78545
99022
104437
99554
83444
99445
79950
78188
106518
81483
97428
78021
88589
103395
94172
98363
90176
86800
77694
95067
95571
80891
107217
105643
83975
85874
90165
77468
106587
87939
90967
92346
92152
89674
96432
91430
102859
100103
98895
88646
107764
97651
96729
107707
93919
94037
86990
77203
106672
83024
108557
98496
89061
100351
82843
108489
94774
80452
100256
105664
89280
96732
80306
92532
77411
81207
76118
83687
99689
101767
85700
86275
82024
96280
83691
107144
96873
76255
86197
93513
102985
92501
77708
90776
82272
90758
104221
98303
99681
96612
99420
103473
90497
104034
108488
102463
80604
106814
83184
96527
87060
106014
76598
101643
76859
106719
76755
94742
83187
101034
78107
98244
103379
83400
88834
96714
107277
95159
83168
85683
107854
82301
88177
77525
98534
87612
86560
102276
103977
102407
88709
93829
83221
99060
88364
92613
95797
93810
91288
98123
76484
105693
95111
100716
88086
90448
78712
84798
102964
108475
108651
106831
84423
84789
96744
76438
106807
108179
102722
97705
105747
103225
93469
81457
78772
84528
85550
108187
98333
88953
106818
88593
105510
77729
84610
103081
91610
83862
79349
98268
78877
77497
86342
92473
81554
86836
86728
92506
81083
80014
94647
87320
98402
79997
95169
107259
102200
83451
78788
91892
98237
91803
99802
79439
105823
87582
105619
100323
104422
100417
86913
91276
82447
97498
99066
97243
107383
104995
82201
94475
90555
98646
78854
95287
83166
102778
88439
97227
88811
101500
92023
78393
98011
103041
76391
93165
83640
92027
99394
80258
105731
79610
94501
92726
100692
84550
79118
103067
93248
91306
104163
93072
78463
80402
85175
105840
82766
78809
97610
84873
77331
96220
96974
95184
88896
91603
105201
95954
83065
98017
86039
89070
96249
93033
92135
107970
92978
103204
103178
84707
90291
97136
105007
108241
91471
90091
91219
96042
108668
80193
78399
80157
78841
108098
78674
97058
83636
92984
87936
95976
87786
97143
98971
100239
98192
82229
99537
86040
89330
104348
97399
108058
105626
76574
99589
103606
83059
78857
87905
101324
95534
81755
81760
102255
76773
96727
101002
97175
83710
78168
87069
77846
86611
98406
86613
80078
89743
88071
100587
83488
92123
89047
99547
100776
102331
83035
99691
84775
77362
80787
79465
84416
97837
92110
90036
81256
92447
104642
77310
101528
79336
84700
96463
100932
106235
95445
109005
86033
103360
86918
108860
100547
108855
108541
95169
81652
97759
105424
81259
99340
103638
81841
83443
99181
93249
88131
82499
87534
86766
93485
98102
108939
82232
85612
106911
102747
80171
99309
108428
102850
94697
88923
102092
81127
86604
100406
83118
95080
97997
100901
82700
105805
97957
85389
97928
94011
80946
80482
100886
102378
91291
107837
103355
78297
92855
87727
106132
95553
78123
105686
106009
108103
106451
105261
87715
76661
108644
85160
108332
79979
97871
93185
106582
104658
99816
79436
101551
108434
81607
80850
85556
83525
77166
78620
79124
92395
100397
98894
78774
100831
76611
94903
103420
104970
104518
82597
102858
82262
99525
100734
97986
99173
80939
107020
86866
105604
88294
102169
86257
76506
104649
101948
104869
96229
86191
85234
90313
95784
82786
95216
104717
83741
90043
97464
82878
89457
109066
99691
83272
102256
87223
104158
90873
77247
85034
102639
85511
94793
80361
78106
90069
88955
82688
91975
93042
83892
99750
93414
84066
91383
104989
86590
96930
84196
105178
95746
105446
83174
96230
105254
92709
84653
104836
102640
106327
95455
103956
106834
95870
100362
98103
80247
98787
98270
100916
98460
79522
97433
104347
86305
86376
107714
89640
83936
96380
85786
81129
89533
81660
100560
96419
81790
93546
84980
92275
88030
78695
96814
87473
81884
108221
94128
103193
100697
78755
82537
102189
104418
90685
98683
91605
97227
103779
100592
79177
99197
108195
81320
80432
96016
99209
83350
96010
78365
77853
102445
92875
102349
86702
82708
105160
89398
77006
89889
95191
83432
107934
78213
83634
93890
84300
91460
91037
78603
90585
84201
104777
79806
101664
105591
105207
84260
95252
97186
102880
79528
100169
79935
89557
106728
91318
80122
84259
93704
84665
77895
78777
88139
80987
81819
96653
84708
80598
88795
104507
98569
79956
98325
88047
105290
108538
104302
97158
106273
85797
102235
80880
103626
80883
100628
103129
79700
99590
108870
104584
92921
79492
90376
96519
93611
102498
82705
83076
95727
96739
80168
106231
78830
85595
77275
103173
92361
91961
97908
101412
100398
100164
84265
80897
104489
101157
93075
93983
82748
99110
83298
103616
86193
105017
103246
97800
96047
93756
95825
104544
81292
81275
97043
108313
89570
101751
79270
82001
89829
77542
83315
102683
87923
82682
87412
77018
102509
108006
93348
93166
96454
90783
107188
105875
106457
103391
101632
102661
109056
87664
96193
80361
95074
77991
81796
95208
87308
103215
89819
108957
81988
87815
99410
90801
107545
89294
83108
97604
86335
78143
81199
104079
86042
88824
80550
91848
89369
79231
79878
103494
98117
97670
84427
82406
93466
94830
84323
89261
78741
78091
87267
93359
86926
76711
95993
93487
84296
90953
101153
94215
78407
83511
78364
102475
99681
87993
92831
96297
102680
99616
107080
97811
78887
84999
86741
105761
99419
103897
98200
85168
87972
93331
108326
97104
90988
93387
97616
78045
91687
104690
98644
105451
102188
94678
83028
101991
104643
96362
95238
77180
84095
97482
97710
88244
84430
89722
89417
101472
104142
106990
93451
82745
90978
98128
84236
105287
81542
85629
105279
82434
89567
95313
91043
93112
83862
79140
102589
88622
85607
102548
97349
79498
103413
100997
106528
82544
99681
99687
104334
107628
99866
102840
82085
86928
81143
87753
102910
91742
79747
96452
96430
84200
87960
106478
86647
106037
81711
99626
88128
86247
77430
108479
101571
104219
100387
102490
99206
93585
94216
83287
103436
85517
79848
87100
85324
107772
102026
103558
81250
84571
107787
100265
90501
98773
81528
96850
86585
83499
89501
84719
98245
91097
99607
96625
103144
108279
81329
91216
83400
106589
87789
87760
84267
83466
103904
85124
100841
94919
83523
101904
92834
100615
90568
101170
83372
81170
82346
103940
84815
84578
102024
91003
102453
104525
90739
95540
90140
102885
86342
86128
108750
79133
84789
108125
102739
105773
101801
86423
102757
101431
104012
85230
105764
79914
85087
100202
80139
89831
87124
80268
100899
91554
82329
106455
79478
100235
105138
81551
108999
87982
91018
103105
103040
104984
107019
87171
109292
79932
102636
77437
107174
87189
95434
102056
80978
82316
83835
95318
95114
90011
77215
89971
81691
108211
92791
83210
82802
89819
83451
77066
100689
85019
104742
89419
101575
86424
95381
79308
79966
86016
103760
107071
106646
82728
105448
83143
103314
90868
80322
81408
86290
84856
84146
79424
97953
94300
98507
101404
109584
89989
82038
85038
97314
104177
105154
87574
83337
94691
106491
86719
81937
94529
103550
90084
102940
90938
100811
103634
86606
77355
101852
83055
86409
82628
91318
106619
82204
96615
98365
107030
100663
89808
109132
88962
91043
78843
103685
104235
102063
107842
83302
92132
109678
97479
101405
102004
107039
87057
98462
88145
101357
100602
78450
89003
104665
96712
99538
79020
90868
85146
92276
108543
104401
83462
92069
85647
99642
94976
80024
77457
89634
109053
84478
91588
84955
108377
97750
84215
106377
84214
99975
105677
79831
77095
105004
84925
93928
80076
94255
81244
107665
84158
81177
78559
80069
103021
106664
85211
100944
96199
80419
106064
85448
86620
87786
94438
86209
96704
94033
106102
97601
100657
91566
107468
78196
108666
80817
86188
81824
89111
78324
80146
109146
106650
99795
84926
94459
87374
82302
78320
98382
80409
86604
89201
105355
99495
88403
90578
86409
86212
92725
102904
86575
94218
109628
90841
79916
89277
102826
105088
105191
87027
104778
88663
97465
88824
85579
94117
92507
78832
96846
101718
88218
99774
81342
86779
108882
80677
98912
83217
84121
89389
97323
105094
88379
93385
109657
99193
94055
98230
105150
85314
79015
107686
80217
100274
100373
86686
108073
102299
93901
92061
81729
107155
92318
96894
81183
90102
97541
99359
83770
88874
103515
107459
79578
107303
94541
98997
97324
90934
89741
105263
88470
98552
91335
91769
92488
89003
105687
79445
106772
102569
94777
81307
84095
92465
92608
101409
103704
87402
82059
98781
90376
104613
96054
97614
77803
101091
105805
84247
95710
103319
94470
101614
87257
82349
108335
83380
83008
107722
94053
100581
87732
84950
100487
104243
102959
101560
96618
98926
101968
96608
82382
92839
85235
108043
104337
104085
98565
107714
99363
92984
79767
88612
95802
100027
104240
102246
105415
98975
108904
91544
104488
106774
90802
101930
92831
92589
89210
93358
104707
96558
95600
99807
94901
100549
85027
90083
98262
94305
83921
79821
94391
108637
107389
77926
106897
101984
77635
89645
99959
94594
80873
87196
103304
108976
91318
104621
95593
81489
109447
105629
77299
90153
105247
108784
92456
80510
91071
87733
106092
89978
108022
98059
86514
86993
90043
82916
100980
97700
77753
103945
85799
96932
90858
89183
82414
106874
98407
106600
109005
78439
83839
91148
98721
97063
87046
99482
89871
94748
89327
85770
83387
101544
82206
108933
80570
87259
87671
95783
109641
98894
77627
103171
98751
105038
84372
105319
92096
88893
89454
85602
109748
96054
81033
81540
82295
90608
96460
77541
78418
79333
83165
82280
109611
95411
82670
88641
90616
108226
79322
89269
91770
106023
84080
107809
85543
90312
89870
91198
109928
97729
108403
81827
83716
86535
88782
88972
98012
98379
91674
78297
91354
106530
93358
88666
93220
92258
88336
108617
107157
88271
94219
82200
97389
108279
104961
102510
100423
94810
87682
81260
106316
99278
101916
99636
91559
105506
79477
106156
77624
103938
97432
101247
105613
89882
92557
96869
99342
101503
79148
106149
97143
101962
80690
106712
103820
83590
83605
101615
108552
100172
108309
90487
110038
80940
83220
107548
104835
82639
108455
106348
109556
79579
106733
110046
107348
79127
103584
79379
87633
88528
101609
80987
102280
97915
102777
109947
81213
96923
95445
83630
84304
93157
101361
81641
109932
84386
99329
103779
104322
83798
84620
108885
78454
84639
80834
98046
91928
96351
101135
87531
108885
105757
104944
95349
107951
95401
78086
85131
90858
103679
85865
89522
109576
98414
99390
96329
87672
107258
99980
83474
80011
81662
98123
80878
91175
101654
80318
88296
96703
103227
110083
87669
108418
96048
104937
110074
108755
86046
105473
104335
88570
80763
99576
91651
78873
80175
86819
91168
83297
103162
101468
104240
96645
86800
92685
101056
83567
101895
101258
100771
102707
99315
107172
92218
89921
89296
85627
82931
108510
99360
104595
89104
88533
92116
84010
92074
92521
106096
98249
101621
96911
79979
88346
89541
97114
82132
94969
97617
82615
78140
107981
86839
100186
89295
86553
94145
82680
104132
97614
99687
87479
104440
78052
105365
97763
92117
85928
89774
96226
85113
87384
78160
88682
99860
78957
90842
99057
88466
83512
77611
108133
110203
98608
93101
88606
82967
92555
99731
108817
82389
94219
79198
100678
108269
78619
101286
83340
89413
87578
80663
77675
95122
90871
82874
109914
82623
92670
90997
96562
98962
87025
94166
107235
102797
105051
97548
109413
95250
88609
95798
84978
85707
95322
101089
81267
90185
78176
103883
103480
81387
104999
90349
99307
88066
97230
92857
106439
100658
84340
102561
92933
79132
86093
82648
85399
80441
94709
107868
82201
80649
88324
82484
84485
98926
89058
78070
102694
100178
98781
87949
78159
86928
89720
108601
101708
86546
79622
98519
82457
84023
108152
102243
100690
97911
78708
90043
106475
89161
101543
95910
99617
97092
89947
106004
107952
95621
97356
83624
83783
95058
81591
107123
84025
80892
92597
89347
100213
85514
94151
103580
100536
82579
88242
96453
108801
98284
80269
78342
96070
98180
95000
95985
99685
109323
109135
94815
83293
103642
110399
89852
83646
102287
83481
97286
92254
92407
99973
81745
86606
85042
83256
92303
85004
102161
80841
88526
82682
93891
90816
88386
103695
98225
78321
106565
95181
87206
80648
88988
95091
106803
86628
98556
105075
88914
80425
105932
99622
106569
99216
99117
94655
90321
105090
95032
84094
104568
110438
78726
95270
103492
95031
108790
106160
101529
88537
90282
108097
104028
87725
109139
89690
110425
83811
108463
94542
92642
98575
95568
95738
97209
78719
86174
101808
78897
104140
89887
106100
105871
104240
97014
97643
85430
94999
108714
105872
109060
98169
105001
104105
107127
99942
90893
104570
108564
95203
82461
106040
90761
83188
107543
95808
92433
93434
82861
94729
98968
107839
101069
86615
78112
88784
104741
82866
101475
110219
103399
98071
110521
80760
107209
90861
81725
104285
81489
104506
84011
82316
78671
104471
98445
95232
98219
107874
109079
101032
93280
102066
105551
95491
100553
85136
80369
91629
92956
85988
87441
79289
88628
103597
84354
109183
83091
85237
83703
105143
108711
79877
106600
105991
86604
96725
103223
82010
102803
100038
87188
92978
85697
96147
91550
96575
106395
88453
94922
108592
82401
85735
82569
89289
106265
103354
96037
93494
81293
80554
108524
91551
82583
79424
103825
97020
92700
98904
97743
106539
104279
98774
86607
94527
90840
91285
87756
92444
84428
108960
92789
103745
90750
102821
98451
80868
80414
103846
101483
108612
81858
79346
91238
102715
90282
79188
90223
85522
80328
103562
79773
85402
98943
90616
90386
99192
103596
78238
97315
81857
79331
86344
99257
107719
99835
101636
86262
110386
79564
104409
78108
99410
94519
93366
103083
96947
101223
80809
101834
102642
95319
79697
84968
83664
96404
87702
103075
101509
83013
89751
95721
80983
83560
84196
95581
86634
88414
88558
100604
87770
87210
97212
90368
110087
93174
78047
89348
82736
98134
78759
97898
82244
82129
103831
88570
85492
86814
94999
85195
97037
83371
102249
96359
90629
102884
93406
84522
105939
97713
79178
102891
104196
100160
100021
93151
87564
81414
96339
98745
85978
109824
93111
91926
90287
80447
97859
103705
92463
106403
110307
84306
82361
90343
101371
84965
96244
90845
97693
90344
101034
100347
98304
92428
104410
95767
90669
95616
78088
92527
89340
86802
84440
80108
103999
86168
95451
94120
91197
83086
90793
106413
91490
103936
87856
86528
81972
85163
100683
79838
106377
93279
106647
98629
81655
106407
83330
97462
105357
95660
96164
91194
105664
79703
106067
97187
84392
104374
100209
91156
89709
82849
84105
84163
87548
103581
79386
84222
80894
92928
91443
82796
88842
95062
92992
91798
105241
88836
86052
109221
107579
79915
91784
104557
104841
108751
97906
98731
98395
93497
108057
102027
108475
98713
93432
83054
107545
97008
89377
92649
78656
109357
106196
93201
105608
86166
96848
108790
90445
87146
109545
82797
86433
89285
81499
91155
88382
79299
89950
101262
104638
87528
90746
88598
106255
98752
91677
94261
87841
86722
85739
85194
97761
107898
101717
85076
78955
78568
90477
109933
98939
88355
102648
81557
89381
87873
82885
104753
99783
98427
96830
101843
87355
109197
86589
107964
83793
88924
101921
89504
88700
96731
102944
97705
104395
99887
84959
78526
87835
105746
79935
85252
103308
84597
97146
83877
91185
94057
81776
97745
93452
81727
85051
110851
89145
104430
102153
83078
83817
80310
99115
86583
97682
107011
110953
97420
106725
101780
80281
106965
105729
91612
105072
87234
85350
105897
109463
81446
92204
82179
97793
84986
98549
80983
104061
86437
79904
106197
79495
97659
92735
89110
108388
83843
95179
86274
80750
81277
89367
102385
96684
86051
98947
79888
108453
99760
101618
89095
107894
79263
85630
80856
86051
111029
87914
87562
89643
98369
87895
103432
92767
101283
106171
103876
106739
92939
87184
90271
82646
108675
78921
95629
95039
108592
92170
103028
99209
103636
86808
107222
110912
95640
90255
107440
100988
86281
109139
97954
93293
98656
101448
106575
86072
105990
96198
85511
88577
106071
105287
97956
89673
104871
78435
80561
86395
84098
102911
83922
87489
109368
83137
107359
88860
96665
84935
102483
99764
81918
87960
80997
85613
85385
101722
82036
102842
87981
109638
98344
98486
95984
108378
109783
108657
90351
100173
94117
99207
99235
108744
98032
84472
91620
109267
107243
95027
94507
106894
93576
106100
100508
90401
108956
87376
102724
95477
83262
89231
85919
104229
80751
100153
81501
80943
82177
81907
82533
100080
80049
81036
90139
80079
78487
102356
87518
94776
96960
101805
81877
87884
97049
79204
108780
93398
95374
104001
109849
82305
86900
90716
102628
79689
107300
107443
94758
98608
91369
83834
95761
108850
85533
95154
104560
78458
110990
88829
98352
109526
104487
98993
97568
83561
85196
110379
103157
83104
89989
92774
79249
87399
91103
88268
105093
110492
93839
86091
82900
98755
104025
91564
108538
100860
97328
91168
105260
92723
106143
90908
89570
101527
97383
93799
95379
109645
84586
95346
109759
87653
82119
93927
95027
96013
82759
96644
89993
83716
92408
84778
104686
109906
108311
83249
96296
92471
107315
101631
101079
104545
94352
91097
89082
93537
81098
110840
107958
109152
110522
94688
86099
78862
98973
99565
90760
86236
103027
98863
83704
92267
94630
104056
101116
87876
81132
103602
96931
109257
79726
110966
81399
88428
94762
105691
88962
84766
98966
93836
82961
83466
101510
104478
84920
103300
107343
86432
78870
94524
83501
78963
109530
107192
97250
96348
92038
79617
86432
100055
79732
87708
82217
88238
81686
110011
82485
86475
110977
83637
101140
102218
79661
92340
83092
89043
90358
85677
79141
81447
85095
84630
108347
87544
89400
108755
102132
97022
110613
92145
111355
86599
109218
104598
89260
85455
85179
96696
86905
84560
108288
107790
108428
81755
105105
90052
102317
79272
83478
90995
89703
96171
82947
78672
86630
110695
106010
86436
83492
93319
105009
92540
99013
111019
82997
82081
80447
106496
88431
99786
93373
86547
96518
85777
81222
93927
81349
89252
96665
107077
107807
95165
88412
94035
92016
91604
79990
102760
107910
104467
86202
89887
102240
106250
79557
91050
92213
82596
106025
107113
101305
97881
108747
80059
88219
86438
83337
86549
107602
95418
90656
107089
105497
83315
95309
88648
79672
98440
106035
84642
106118
105224
94717
108781
109868
86019
104644
109293
93867
79494
90291
93235
81441
95181
95849
86513
92872
89525
85406
90381
99775
106864
97546
80500
81165
82556
102786
111025
92131
99798
105573
111038
108577
105835
98614
91162
83228
108495
83594
85531
107422
88113
93733
88198
98095
88719
104544
95581
84115
84006
95950
88056
85396
81965
86558
95063
101890
96450
108355
111287
90615
89125
106451
106595
87391
99876
92589
93901
89272
79318
111071
104413
83735
100236
83655
99977
102764
101125
107896
97958
98054
100833
95838
79614
105306
103000
81190
88482
100608
105004
81880
89730
82430
85468
92486
95290
109897
90139
109226
92975
109961
93568
106635
87771
101661
84095
98016
88421
93023
82328
100472
85365
102185
81870
103833
82502
82584
81243
93672
97789
105487
97442
96648
96825
88191
100709
101766
102123
109286
88632
87925
81768
107798
108086
109653
89532
105912
82674
81594
96321
79760
106161
98346
83313
93699
109270
111046
98809
84694
84637
92204
95502
108856
104972
99997
102148
109059
106791
95579
87581
81215
83812
104277
103839
91368
105310
82694
99113
103664
82637
82587
85574
87176
108214
106324
85571
99484
110559
80940
82494
94108
108422
99260
87936
99970
102482
109917
92685
93969
101258
89485
111480
83802
106117
107924
89084
82565
93282
108135
106953
99022
79865
88780
101020
87246
82448
85183
86930
110588
88019
80404
103230
106611
107902
93279
82425
97782
106845
83985
105593
103473
107254
87779
103590
106561
96901
86392
83112
83831
105640
93245
104517
93017
79452
93077
106602
98026
81192
82739
83207
82220
85912
83142
84256
98530
96749
106972
87330
85402
111379
83200
97139
80363
107987
83494
93004
103164
105034
97866
83403
110917
103322
97875
84292
83610
95711
93501
83673
85349
84069
102775
104010
97587
92184
100746
97294
92274
81467
96252
79266
108408
85853
108148
106529
79048
79497
91166
109845
89745
90302
107345
104844
94584
105630
105072
105327
98455
86634
93198
96528
93894
96302
105045
81666
105753
103993
84392
100397
90794
94160
104071
101409
111000
107556
98995
92075
101711
88961
81299
86950
79370
87239
84951
81428
109975
91934
86619
96622
96602
84966
100430
95800
83349
83181
103571
80599
85479
94949
88679
101799
110354
94229
96581
99657
99841
99150
99334
95034
98313
98081
111437
89258
82031
106831
104226
95627
81706
99969
101341
86504
99563
99897
95814
82296
92251
101129
101114
100723
110755
80643
107793
94372
82226
99440
94205
86464
111290
90821
92341
108534
97660
94162
96788
84423
104646
103741
79995
83480
111546
94767
98494
104325
93008
84301
97854
107001
106911
101098
89170
110203
88664
85882
108268
88395
82067
87626
106105
108078
80334
89199
99080
110342
109106
90109
105135
106661
85529
107385
96042
96739
85198
99728
81606
82158
92307
98568
97406
107234
94185
92408
80739
111002
87051
79156
94529
111557
100540
94988
97407
80700
102722
110134
80199
95635
89779
91656
94695
92909
90991
90858
110199
106261
98286
98316
108476
84171
109756
81236
90445
103260
99777
109979
110324
106102
105158
103704
108887
110649
108853
85020
87512
85393
107296
80384
99769
109764
108421
97372
110724
79431
85969
102010
85418
100310
95906
99595
94570
110019
89041
111128
110836
99983
84400
83259
102863
99511
106384
80910
100472
82640
91527
79588
84556
105942
85360
99767
95911
84418
83250
98658
88910
103514
97862
99600
88074
84557
102003
105461
107926
94847
101852
79676
99259
86946
87613
98368
103098
96262
83826
105214
89066
107442
111929
93387
85410
94387
90680
80706
110169
99764
109634
79745
84748
105167
85462
84373
91361
82083
88296
110642
107017
105895
85732
84135
99818
103869
96753
103186
111742
102411
93043
83664
99574
85766
82899
101176
108452
102095
108418
108681
90903
89539
99643
83232
109704
90958
102793
99055
106357
100607
105354
102698
104587
80354
106226
99907
96201
109578
79698
103961
85475
92269
88219
96365
96484
99573
94430
103317
95256
83155
87893
81780
89897
103191
109735
111785
98440
101245
102504
97287
83726
99722
85983
94789
102116
87512
94733
111607
109984
80303
83178
99773
100784
106708
86002
101563
82172
84390
85984
93001
107207
90982
106426
103915
98518
109271
111373
95363
105429
111879
99706
107461
110326
89196
107377
92908
89819
99378
110653
80299
102326
107988
101697
82535
91823
89322
99969
99491
96902
91458
108644
89020
96121
81713
107192
91606
80488
93739
89334
87830
108343
99730
106439
101650
81524
96204
96200
95877
79417
88984
112010
107336
105044
105378
110302
102525
79782
83029
107855
99597
87753
91120
95727
102998
100854
110812
95831
101661
102949
92733
107241
103114
106357
108231
98904
93908
94415
99794
90731
95354
104134
95921
86525
106676
89538
100928
97353
104553
107358
99005
84324
87778
105230
103897
92171
106623
83461
103694
107679
101800
107094
94258
110958
82439
87385
83533
82996
107508
87376
96424
109794
108593
87626
95270
84381
99800
97864
107735
97290
91793
107679
83915
99273
91912
106653
102180
90687
97183
93039
85103
109465
101728
104770
103733
92429
90933
93609
103884
94307
109403
102207
99955
87221
80148
106125
95903
87155
84636
111662
90767
92329
93023
100912
83750
88453
83561
87230
108538
97300
97566
101884
80809
97612
87595
80179
111212
89679
88252
90414
84718
99822
108528
87524
108894
101228
111241
93527
107714
106117
101097
84923
97935
110767
97082
95963
79991
82848
109036
80057
97411
98576
90724
103796
84833
98240
87538
88175
91391
88507
92420
97456
106329
96220
90266
95366
106383
112272
99322
103535
108858
83933
100005
107832
96256
95908
85641
90470
87910
110371
92792
90581
93414
94397
85209
81311
92226
101630
106142
90431
101911
88026
81526
90359
86197
109877
81987
84591
92974
94121
98510
80286
111277
91267
106937
111853
102921
102670
98742
103578
91034
97557
99575
96603
105804
97955
82406
104005
99057
94989
91669
86507
86748
100658
92024
99018
106667
98562
87506
84709
86628
99389
90221
87724
95172
97405
91150
99106
86995
100983
103720
110399
106684
98942
105040
81043
95708
102985
109297
99117
102425
95221
99905
81083
105589
86605
87667
109299
87266
82506
87087
97585
89945
95702
81471
80225
107302
101333
96651
109599
100486
106854
93511
107549
87667
100454
94059
97477
107199
83767
87395
80928
100448
83391
97544
83959
104459
84915
90576
95800
112388
111637
102977
97434
90164
96763
104876
99204
97148
98963
111127
90156
81737
84068
86651
80380
86120
84950
93488
106297
103452
93429
94885
85222
92270
103026
93268
110054
112325
82410
82933
87394
103606
101739
101106
96362
91933
96821
87580
109279
80749
83133
98716
91024
84804
108024
94508
101283
89667
97749
106631
105783
97820
100108
104477
103751
110828
96278
104972
81105
110028
111996
105292
101688
81826
96597
89385
111592
84542
103434
80631
96568
107938
109149
98305
102036
82848
103594
88514
100315
86955
82796
80472
99334
88295
85250
81717
84235
91778
100532
94232
87808
95815
88817
92731
112260
101744
104154
84942
99931
107452
104709
95141
101464
98498
98170
92462
85376
99205
107266
98469
94572
100424
112034
102283
95471
90276
109154
83284
94201
102871
84562
97376
94907
85343
105167
104236
81420
88008
96515
81354
88844
86466
102059
102286
87559
104310
99357
105739
106652
109082
103305
81469
89886
88003
90495
104712
107834
103803
81585
93153
91610
81812
112379
94412
105034
111676
102816
93318
91289
97361
108247
81411
110915
95862
110214
98843
105484
79974
93261
106368
105519
105096
89286
85747
80824
106948
83979
95159
89647
80790
89465
88134
88694
98400
81076
107332
93172
94213
102379
104625
81652
89267
105310
97122
105543
96256
91677
107186
96305
112185
90130
104565
92291
97270
108865
86829
83460
84466
89679
90241
97557
88858
101953
103402
86421
92388
81287
101808
104963
100834
105017
110101
112098
89751
83360
84175
82786
98441
87800
109756
88124
92055
97140
86994
82398
80269
87939
85845
102600
112630
101714
83020
95030
81970
101522
101429
107263
102856
102267
85496
92861
85757
92433
107290
99886
93093
100518
105779
90586
97849
87712
81826
97782
108330
85628
82303
96393
98933
96787
109521
99021
87928
111132
108545
83416
97027
83955
103055
96891
104371
97433
108036
79979
86139
92411
86568
82078
94596
80759
103284
83704
107319
93852
89802
98087
86936
89393
95588
94412
84437
87929
111883
87771
104478
105910
80009
101956
90040
91116
89184
88019
105293
82663
97212
94548
91015
80511
96679
84476
90589
108827
92796
87556
91564
89204
94622
83351
85897
106396
108393
107246
83670
92734
105321
105402
93587
103719
83658
96706
99959
112645
99088
102093
82239
103535
88329
104386
106823
111142
80895
88846
111191
102555
99633
99910
98239
102833
82821
102157
98726
98755
111479
105273
95391
90345
95061
111665
85885
86391
83886
84377
84841
85959
99336
83762
111153
104249
93137
82427
91875
88183
106392
98461
89243
107774
92797
90885
94105
111578
99302
93523
87190
91056
104820
96755
103000
105986
111926
87817
80261
98223
87068
86803
85685
92857
82094
97482
105162
91467
99837
105032
87428
92667
102106
105328
89680
101708
83271
101259
96097
105591
83499
83503
112386
104811
97610
95077
107307
112658
81267
102154
109394
82134
108795
98166
95363
97380
97899
98140
109491
101551
105846
89841
86610
87864
88110
90193
80159
91278
91255
111390
105792
88336
98747
86890
105362
92922
108255
85975
93758
96672
85110
80636
108685
109044
108341
85003
91389
109646
91815
94897
104852
102253
85026
90686
99956
83129
110074
88070
94896
80330
80628
106759
109406
109358
102910
107212
96493
103527
98845
93073
97977
90420
100006
101799
112861
82962
86961
84506
101448
87553
100043
85650
105748
91019
85995
100983
89875
101123
108200
89944
103594
102411
90024
110734
110562
100440
112220
103964
84412
83386
106218
112346
107461
106838
95339
101843
92139
101430
87895
106219
105103
100613
86077
89797
94939
94995
101048
86499
101718
112288
81054
108303
109749
89686
101754
86266
97525
104983
102973
90916
101542
107257
110896
112123
94346
106639
98861
104007
83294
95083
98063
99269
99320
100576
104551
82706
88978
105485
98929
83659
99942
100374
85574
111603
85115
102325
107346
99733
108734
81394
109833
103338
83028
82990
102614
98620
80943
96614
98388
87500
91359
89782
80833
83442
98475
85276
104624
94019
105441
110719
90365
101239
99178
95216
105990
89804
100769
99119
107544
91557
101734
99697
94760
99703
96109
111968
80324
83173
106972
96868
107337
85802
89622
108321
107093
83640
101585
98625
93823
109342
97391
95859
95302
87599
98699
107187
86600
87137
97746
101325
112309
105587
84244
112156
110850
92755
110746
95896
84962
82238
98491
108048
99186
88361
85162
104883
93107
97120
92306
99541
105278
103021
84453
108528
110131
94523
82417
94441
95603
103803
83636
94357
108047
92487
81393
84348
105728
83973
97923
97245
101144
84623
97266
111346
105784
106129
86084
96116
95428
93490
104469
93026
99412
103670
87274
94975
107692
80610
84419
93978
95727
95970
99823
93329
90383
106345
102948
93464
85384
96343
95183
109879
89934
84255
96937
101266
86275
106025
101515
95597
81518
113013
91011
97391
95017
95874
94759
96678
102809
107886
90665
90572
108067
106846
90412
110281
96925
108064
110550
98936
81411
108815
108327
91822
87148
112951
108553
85625
90940
109242
108840
81061
93594
102771
87811
111493
103717
85720
96836
86512
86754
112421
104524
82313
81017
102839
98835
88643
108962
96437
83247
106277
85466
89078
111410
96331
105050
109343
95033
85550
97353
92940
86466
92709
84785
80498
82622
81963
97200
100802
84456
99810
92784
100944
81236
80600
86872
104628
104011
99849
84228
108144
83030
101542
82035
91860
112281
108053
99584
82719
102242
102713
108692
88551
112130
102131
82969
101819
80604
99817
105522
91910
82363
103302
97833
85302
91753
110146
92457
88862
85885
81187
87981
86681
90996
84099
81208
95089
87043
108565
101447
113023
95148
86563
88195
83475
100752
110617
92476
96406
104324
105543
86035
96877
83558
93411
88054
82465
93362
110669
90194
86461
90960
97943
96387
111736
105648
99397
85904
98196
111129
109137
85013
88710
88894
98163
90240
86615
99347
83615
94080
97354
95454
85710
87227
109503
82065
96257
91584
81751
93527
100739
98108
84313
101229
81263
94832
104277
110131
107891
91874
89351
97155
85203
99411
99965
83265
80817
96498
95612
90419
81803
110543
110113
111379
105733
84882
112324
105699
102121
113005
110369
84353
112236
94287
90810
99707
90291
110683
88695
104996
83349
87704
110992
89832
107427
104682
111020
95452
89445
81473
96843
90265
97255
108304
112481
95819
113268
113153
109379
84997
98210
100583
102343
108120
92047
82419
103079
103203
82793
82220
94503
108204
111156
87577
95992
102128
112327
102848
91227
94520
93976
110805
98186
83437
86202
95787
87379
108205
102052
100718
93446
82590
101428
110100
95121
93443
98676
91793
106986
96781
111771
88010
90797
89587
93399
98509
97031
82501
98889
105151
113362
99709
110417
111893
96257
88279
100109
90632
88383
94306
111900
100162
111571
96599
92840
108254
98503
84650
105635
111759
109897
99296
96080
84767
84561
101920
109318
87580
89988
111500
95793
99278
91481
82130
102553
103275
109178
91389
89063
86926
108653
82834
97637
91366
101235
93400
83205
103723
94640
110711
99749
91735
107917
97860
82577
103954
87899
84316
87625
113006
105017
106864
95877
82132
108599
95839
113015
96319
111035
113162
98384
87975
80932
87140
92933
112577
86958
105928
112979
81637
103573
86928
81153
105039
85886
113379
82277
87947
85266
91598
101417
94763
95468
85654
88911
92603
89013
81229
99443
95223
97421
109476
104784
106299
106925
105216
112006
96570
81995
102608
88475
101875
84926
109853
96063
86753
82915
102242
103124
86642
99007
97695
106029
109499
101734
98729
94358
113258
93211
94404
98325
97020
85432
102771
81904
98096
96849
86927
84079
100027
88340
85655
109539
102461
101747
96839
105703
95860
94086
87404
84454
93615
91050
93942
102878
95622
87407
99663
95843
103113
88497
110571
93926
91574
80900
83745
98615
94319
97110
97849
82761
106923
96719
91078
109110
96171
91132
80950
84610
85872
103213
92839
93604
111659
93979
89084
106690
82677
103118
108592
106685
95936
112830
89579
83821
94349
111161
109651
89646
102368
93700
89893
96667
94065
86597
90372
82585
104997
93600
112657
86168
101436
82849
110779
96533
87244
112730
109273
112739
93038
89933
81142
104364
101943
110988
106987
111667
80874
93982
107700
84955
106091
110501
97916
94957
96631
91710
88826
87830
94611
89257
96000
111535
81730
92586
101713
88897
107131
91822
99764
96841
109146
108722
105030
96056
107798
98401
91924
103358
85043
99708
104425
111432
98553
110975
108645
92872
109860
101762
92751
81332
105437
96093
83500
109649
89833
82447
92689
96049
103457
111969
88757
113658
106274
110790
105162
85866
109381
95622
89230
96408
100818
89115
94621
94589
82032
96475
93449
86194
89056
95192
109484
82043
88811
104453
112317
108293
83353
89498
111778
107500
83108
95161
89093
100096
85292
101713
105770
107593
111788
95555
95616
108873
82221
110019
106870
87936
100794
106241
106639
84022
113427
104713
81849
105844
103590
109800
105947
83028
111034
106769
89773
109690
94958
99583
98252
104675
105442
108571
99342
93662
96564
96223
92434
106583
107182
100668
105244
109147
110013
86329
88864
108761
91173
86238
84765
100006
86772
112720
103597
88260
83380
83261
89561
85988
98789
90234
98353
90921
87723
81643
112157
104495
87235
100772
111214
101452
82619
86349
87608
107286
106851
86219
96484
97829
87167
82717
95873
107034
82878
86147
96347
93407
100336
87782
109519
82225
96371
102772
88925
101212
109806
91019
105983
99142
83778
84696
102585
85935
104894
81088
85618
93879
97683
94974
104962
100257
93575
93070
93836
100822
112877
106442
92686
81197
90836
112340
83510
108393
98687
112435
86904
92932
111125
97217
109149
99115
95386
94148
100126
98569
99358
87643
99185
110152
98100
106780
107171
112853
95398
104955
91111
84964
108647
91245
85742
113205
107721
104910
110263
105877
93168
99584
93865
102311
89479
82262
85471
90084
107697
82096
89283
92897
82499
97511
96478
95952
100144
88171
113390
112970
103237
94762
101177
92748
109590
94388
86050
100479
98360
100509
92922
111292
109232
82467
96024
113359
101036
82449
98092
87419
82801
104932
105680
101311
96405
90923
112224
86360
105070
109108
85772
91271
87754
93156
105771
88852
98784
109287
88786
98451
101255
90122
99494
92646
87206
84452
97006
90627
96492
90044
112877
103416
90305
93095
104046
103980
110460
102385
83872
113383
90582
113598
102180
84500
110750
86769
87653
100422
101295
101709
106536
110330
82208
86234
100708
113180
107706
101259
85075
110284
84911
86045
96713
81761
110728
113218
89285
94382
86880
89599
113733
107653
109136
83539
94047
109946
95786
83737
96142
85993
85866
108079
103754
87099
98153
90072
101083
101988
96724
100959
98670
97968
100957
105726
83049
94144
101040
105981
83708
112079
111785
97310
108536
95035
91332
104249
108517
99904
90325
113700
83279
99334
95993
104405
95072
91358
100556
91595
106164
83400
87772
89514
95336
90938
106590
107557
106356
110876
92960
82720
94267
111639
100287
93462
107105
98319
108058
102329
111837
98286
101894
96729
100431
92836
86084
104583
112531
100716
99248
102266
89750
111440
90810
110770
82792
106991
89370
104282
103827
99198
94656
92659
112556
93709
91402
100271
83751
104459
108346
107803
87663
96781
98087
105473
101687
81355
85299
94861
107274
106091
96892
89518
92202
105987
92247
82623
86167
111705
95226
97383
111982
88813
90744
91838
82036
105017
84211
95921
112115
97335
83212
90279
102597
100388
104863
103013
107694
109444
99246
99374
113391
111718
88986
107823
89367
82153
87705
91931
82461
83967
97380
109843
102828
106353
107824
106952
94654
107299
103392
112867
103020
90522
98425
90021
109572
94651
108246
106698
107357
87509
109981
81844
84071
102370
96625
102085
90886
84746
82025
99597
98849
81513
94657
87845
82166
109842
83408
104282
95920
108372
100922
106766
99387
94524
97895
86876
111703
111194
87092
89851
90603
86728
108776
109413
88220
108905
100969
104248
107423
89967
89264
104412
81611
109856
111482
97382
89587
87001
95296
87996
81522
96595
87146
87546
112391
84005
100288
98581
96740
96650
111393
112831
113921
109669
96119
90506
113846
109954
108778
102223
85129
103711
99924
110289
92741
89515
99573
94878
100172
88013
99433
100150
97325
106408
98006
86639
88697
96094
100714
82456
102611
109266
112901
93661
103751
90291
81714
102506
100829
97462
86876
105428
102253
96034
113727
93492
113332
85394
101788
91029
90024
94454
93745
89616
108297
87260
96744
91445
107065
99310
103503
99245
86349
89531
81736
102942
85860
90554
84482
96847
104759
109451
93223
112013
106994
99457
106839
100941
109123
110174
88278
85266
101808
84829
85377
108689
96813
100214
104967
110867
83438
91869
89429
83740
87930
89548
99154
101706
87041
103810
99789
95615
100335
98956
113075
108867
114113
110659
97414
86371
96023
91542
87562
98526
113675
100105
90690
83714
95426
88574
104346
109779
98624
101683
114022
106924
99201
109197
108171
105257
102341
87572
99452
93251
112427
97854
91753
104381
106625
90480
112819
106944
107355
101570
88226
107714
104802
112643
102490
109996
88559
107261
102155
107323
103385
88057
110953
113830
96651
96134
110172
84866
95065
94583
97272
89315
85012
85803
98479
95685
101339
94993
91333
93866
95541
94570
104453
111236
88157
91729
90035
91348
110813
93433
98497
111380
82270
105527
88645
87379
106943
109632
99371
98847
95076
108979
83495
88487
110545
88538
97006
101409
83319
111661
111526
81770
95949
103703
110491
96236
110499
101885
97331
100549
83124
95869
86308
85798
86394
107251
97508
113912
108614
91202
95586
95942
100495
111825
90355
100567
102282
112339
109455
96154
104188
92108
97341
110408
95821
109904
106188
104132
88541
106254
112068
84422
107675
111118
84124
114232
102355
108855
98861
88288
97607
93972
111463
111936
110466
113880
93763
107706
89193
111263
85240
108792
85523
83190
113010
93579
99802
107422
84224
99538
103858
97677
98381
93214
107450
83510
103313
105235
85009
90122
96008
107090
87275
86079
86948
105813
92388
90064
111615
97177
84884
85445
97683
91395
113763
95924
100909
114045
97182
103816
95647
101344
107979
98689
95157
83990
88378
101756
82539
87168
88541
93301
101469
108181
108377
114506
85887
90828
112989
110529
105486
94140
87603
113869
81863
83074
112533
105485
110934
95844
94657
87190
86033
84404
86224
95986
84966
84470
106563
104040
84370
109893
102623
92030
104212
100082
110779
108477
99426
101743
108951
111284
111706
96107
113007
92224
96763
111679
104784
83978
103893
99209
83563
91728
92094
110614
90472
105961
92359
94726
104444
107395
98671
113706
85182
89648
102422
96433
94518
108833
111540
96516
83511
90800
110282
105710
95855
93348
95897
95488
114493
98737
82579
91188
105410
99391
110607
99536
108091
109165
85568
87181
107406
109396
108136
93177
93474
86416
103497
83226
109812
104189
99036
87380
106472
110014
90438
97932
86621
105092
91144
105358
101123
82956
91766
109484
88049
105450
98410
90536
94706
83078
107577
104917
92704
88164
88294
97144
87477
112296
91286
84340
93213
96473
97092
108071
84816
95717
83382
85647
87646
95845
87216
102577
90699
97827
87143
98619
107806
85721
103480
111720
105269
100412
112282
97828
87771
100665
105810
97649
93725
95871
91622
96009
96985
100925
100947
82756
90391
102701
96770
86845
85916
112849
114425
102704
110269
103165
99151
106535
94578
94869
101090
114390
97451
99736
95564
86467
104679
86109
89106
88234
107010
93725
106783
86815
92494
113330
98673
88181
97766
84382
114707
91871
85823
85583
97611
110037
89600
88482
101908
87993
93972
102565
92110
104123
95485
82081
95285
96506
107371
95320
90512
83947
90381
93835
82730
95999
101287
110015
103942
91520
82533
89409
97743
96188
109167
87912
85518
84838
90557
105754
111520
101177
103469
91793
103014
107998
91858
110943
92990
93200
109967
94128
89650
88574
106213
113872
105712
102385
96778
113389
90490
114222
86843
97821
113951
100382
96850
108707
86954
107180
110491
105582
87769
111087
105188
91618
87569
109065
112851
82907
112207
112463
111229
94447
91746
94634
86835
102900
107352
89916
102559
93634
90422
100935
88337
86586
109548
110155
105491
84616
103559
114799
82243
101028
97961
87842
98658
111647
90678
111874
87464
88092
87377
97021
94554
88733
94855
83382
96671
105216
94025
113194
94096
99785
95904
83347
98446
95137
105500
103565
110808
96671
97038
99703
103516
102087
87542
104988
100814
109264
84543
109714
109560
82475
93226
93027
93521
82752
89865
90347
102864
96507
114093
100865
97026
95879
91937
114650
96859
94297
99225
96553
105930
108145
87461
108171
109199
82908
109482
110115
113233
87934
99731
84609
110187
84494
82628
86217
93576
95586
93263
107025
106351
82157
94059
85002
88864
92038
89122
105699
97055
84586
97353
110186
101392
95621
87733
109685
100740
112877
94892
88704
89363
97200
94106
105623
86955
109519
83205
100215
97575
94090
114371
113648
109091
97246
100715
102797
97295
111693
90889
87159
113539
96221
82966
105111
92370
114531
103591
95227
113378
94465
82404
96891
98363
101614
83900
99484
104029
104309
99031
98228
93015
91201
89804
111951
114069
108247
111765
98258
101882
93284
93504
111198
96303
90809
113894
112631
91450
102548
100833
110054
85074
90913
87098
97627
95729
111808
110945
112727
95532
110857
110625
114121
84800
113165
112850
92408
92525
111327
114129
86048
99591
86868
86061
87648
94666
92422
93347
103635
95854
108959
103629
89854
85883
96852
100502
91754
87135
86191
111601
82321
94909
102546
107723
88575
95241
101241
105789
99761
115026
99583
103943
85953
104798
90276
83258
111685
93436
89293
97588
86900
87446
98060
96209
90122
88582
103842
90592
85230
95658
94786
113364
97810
103867
82456
89276
98459
98522
108298
114806
101955
89324
95806
86559
90107
83752
114652
92621
103380
111214
99349
113793
109087
98267
112996
88407
89555
99738
100371
100096
89136
96253
89858
103794
106402
92364
83364
96222
94696
86237
102218
113379
88437
88036
86948
109313
95767
85645
86148
114512
102614
102088
104678
105586
90911
112228
111918
82886
88354
94176
104624
82654
86904
114046
102517
96052
109577
96920
102204
113176
98861
100151
96960
100589
102929
86498
89657
97685
105309
111540
108069
109354
105235
86706
84296
111343
89274
97883
99058
107910
108221
113280
98944
99427
99854
93269
111653
96128
97550
89545
100075
101202
104881
101139
87028
101117
112349
93837
84742
84676
93460
114374
100423
95939
95827
86738
112452
113120
100666
106725
91960
86271
94060
101153
95372
89717
88889
93867
109466
102847
114811
108804
100534
96117
111805
100247
113007
99705
105123
87438
82706
112500
105606
97258
94832
85891
113246
92115
96481
102189
93925
109356
88713
97433
110585
101227
102874
100349
85570
94888
101466
107866
96278
95987
91303
110183
91033
93163
97720
106698
91177
111245
90981
101518
93945
113481
103466
83666
86779
93787
104488
111806
108548
93784
100716
82620
112939
92423
94580
89060
93810
92787
106479
95671
96680
91710
89797
99345
84621
92984
108375
92505
101944
111920
113928
112379
114102
102667
86268
86552
98292
83731
103200
86140
90846
98193
87146
106960
110537
87453
106082
88336
89870
101429
91105
109120
93944
104845
110360
94299
106977
97446
94421
85901
92055
102690
87298
83873
95749
87383
114798
84669
87311
87714
89041
109645
90557
112637
86026
97341
101532
100052
104362
107115
87905
86549
100790
85596
87504
112519
98729
102190
112092
88924
84153
108493
103184
97801
107611
95082
104749
107605
110089
93737
113173
99760
88131
112154
96999
111815
83156
104555
105580
112213
86102
98012
107186
96828
95992
86386
98294
92884
95871
106608
91847
99971
86411
109187
100201
112526
104476
103229
113784
89646
104788
89540
92877
114919
90751
98252
104614
87829
110416
106690
98304
106952
110445
88394
106568
100049
83247
100076
103219
90653
106914
100362
108779
115010
90580
95254
102251
97624
102732
107522
100652
108298
112088
106231
96001
96492
84108
114505
112959
82960
114695
107435
109602
101076
102392
114847
82796
114173
115169
108081
100687
86026
101147
85477
99469
103106
99355
99566
84446
103184
91379
83616
113810
91920
92955
105256
115319
107114
85106
85627
93949
91359
88960
103308
92568
112417
114942
92098
103270
109032
93848
84649
110610
92994
110321
105960
103928
83498
95976
115059
108938
114781
89114
114689
108530
84585
87207
106433
99577
112135
107578
109384
90151
91818
105027
83662
87339
94296
99719
107931
109438
104633
98523
95164
108868
93806
97580
83962
101747
92835
109763
94733
95542
86248
111559
96524
110740
115004
115204
89640
84557
110699
96746
96154
83716
113307
84185
96218
90019
99361
103580
95506
113404
105625
90675
99538
92844
104501
88533
114693
110405
86869
85045
115492
83884
103512
105733
97961
85951
98226
112312
93127
94779
102975
93069
96600
94685
103896
92105
83223
85448
82979
104771
95503
99623
101295
110630
83283
114195
109376
105715
105968
86967
104295
110533
83232
102322
89686
113881
98752
103100
97779
92749
115204
110733
90155
101160
105066
115451
94601
109467
110828
112738
99847
111239
92282
90440
98340
113726
90279
115009
93750
103054
105891
91921
102914
91644
93289
102417
99978
109645
87865
105172
96294
84043
114249
101641
107222
89797
92344
110755
101079
97496
106947
101432
107380
95085
112187
113319
88095
101379
91702
91646
109504
96943
106246
92571
90701
110944
102759
90001
92315
96360
96252
105805
93812
94264
107005
91001
91881
90219
103978
83232
90857
96263
90627
100883
96787
90879
92474
102540
112073
88316
84329
94738
111238
100700
108033
94108
93041
100475
94338
92409
91186
107058
98546
90991
107780
112030
103048
91043
113931
97827
96424
106168
114409
93616
106516
83643
93068
97348
110688
95807
98121
102577
90534
98116
87343
91808
88700
106846
87189
103893
109091
92947
89334
106164
111361
84612
107519
106500
104785
102736
113125
104948
100890
94133
108540
90715
93789
109304
89478
110148
89747
103175
89800
87210
92759
97118
92772
110208
100447
113447
100578
112629
115376
96421
113296
87797
94994
115666
112524
92915
107458
83015
95775
100838
92264
97885
93004
102033
115528
95122
113065
89096
92860
107054
115310
96880
99042
108582
85196
94470
106386
101696
112512
98659
107155
96376
92327
108542
84494
87202
94164
99826
99138
108626
101984
104449
87418
107769
104961
89817
96572
110928
93598
89239
94148
94970
89186
101258
110257
105317
88848
111161
111613
97265
86934
112807
103986
107860
87780
90837
91355
103997
106750
103561
93497
113975
107344
98894
112440
86480
100675
95164
85665
84219
92941
97017
109713
92340
107213
83328
87338
114402
96215
92705
97672
98177
103500
88137
85495
101888
96495
85124
103523
112104
90931
93760
97040
87743
88473
96980
104331
100140
86584
106945
91616
95068
108445
95799
99341
96931
85974
104923
115127
86119
100810
99527
88092
107578
95436
102098
89673
103750
83567
106002
85388
95470
103067
106144
109101
105650
88544
108443
107609
88915
86539
94576
83295
113976
105719
98648
97567
111633
90534
110114
107454
90554
97168
90674
115615
100962
111675
114378
114575
94700
113420
99464
108864
108693
85853
91440
89081
101080
86224
107180
110475
96399
109026
106321
87943
100186
84163
115556
115374
111684
105061
89053
102057
88228
113618
87658
91131
91714
87492
97975
85555
110267
87663
106733
91238
113191
97698
111993
87516
94456
93966
96782
110346
105765
114405
105453
92864
99977
109736
87908
107428
110214
98362
110740
96735
93933
113976
108920
98582
98338
106637
104739
84636
109179
105536
100425
90086
108266
83345
112385
115007
94940
92485
110537
113852
105312
113214
101323
110963
115596
85582
85087
103144
92700
89421
93648
114888
111197
95849
104291
100058
111690
106430
101525
88370
104436
103463
115621
106664
98343
103251
83282
109448
100426
96283
113126
104075
88455
100626
83827
115206
105260
112478
107869
108386
115281
114631
100632
107212
99516
90638
86067
99629
94977
107136
101270
98909
97773
84426
86024
85908
92965
104207
94196
99873
97547
88120
98924
106078
86497
89228
88942
104163
114225
95616
88422
105466
108140
96720
109557
115539
105425
97998
96241
110585
114832
113658
97453
111237
112432
85204
106106
113042
106798
115950
96877
108144
94439
84549
92003
88605
103095
109009
100419
102000
110947
105051
86915
85912
104884
106895
111598
108997
98661
85842
108196
89893
111936
115542
96866
113170
94851
110827
103427
85898
94088
87320
89159
83423
87973
103146
113364
95151
114258
109068
115322
92951
85385
113560
94907
116004
111475
102701
111243
115082
103232
88642
92244
102041
97622
86969
86845
85356
111279
101815
100780
108132
112508
115636
114953
98773
96527
96974
115398
112894
101111
88675
111260
86847
114541
94942
100887
107398
106223
91857
93524
88587
99114
109125
113930
89661
88349
85070
100807
99579
85628
98018
85116
96008
93778
86250
100412
89017
94443
85658
112961
105457
115441
97278
111920
86351
100309
89558
90269
112038
105328
99492
89554
108206
87787
85507
104652
102905
105692
86074
87175
89384
94385
107537
105852
106078
105810
98532
116071
112885
110338
89845
85069
111216
115846
103430
88766
86961
97162
106024
110936
92781
97344
102606
110988
114396
92234
88101
91045
102837
110810
83624
105989
112217
104472
106735
111026
105806
90564
105415
114706
90864
96028
98440
105971
112227
98816
93091
92110
109772
115540
88443
109389
87233
108710
95606
84490
105982
91408
89939
96666
92505
102752
88766
99530
87288
104311
105761
111144
104641
93423
110014
95174
100114
90369
101371
115770
99762
98725
102396
87273
103176
89082
113015
94598
109451
105449
90308
113877
107386
85765
97844
109237
84173
85686
97188
88925
90475
103831
115794
113638
88477
99356
100079
102410
112323
88184
89589
84267
107078
89534
86586
85654
106701
104006
93126
105226
84404
91474
115937
86900
103098
97265
86897
113405
99321
101668
89219
108614
92188
101696
116264
90098
85196
98451
113538
96358
92011
105802
87838
109260
111109
115858
83844
111966
87171
104190
107021
111329
110114
108585
88053
101231
103204
103836
98737
90746
103110
99570
95363
108046
88433
85306
87627
107350
99124
85916
107424
115810
94834
115520
89119
88871
98008
96363
84227
105928
102546
87787
102903
112660
97215
105398
103464
104015
110626
104910
110493
85301
102682
98919
97995
115516
100820
96332
109668
98074
111039
94847
88945
114567
103744
111135
87456
114756
95912
85903
95199
86108
105315
107221
95529
105898
96625
101184
112544
88475
88347
88654
100317
105269
114398
91596
96900
107096
111020
99647
99355
90180
110932
97923
115484
92508
94526
107954
110664
111658
109403
111688
108863
84386
106332
105348
100686
84651
102946
87569
115848
93915
90486
97509
112920
90242
98299
107370
109269
104939
93536
114395
105751
108510
98010
105713
97993
95593
101330
110016
89280
99553
86747
107739
101963
113187
109286
112063
102412
104991
87225
94063
98566
107416
98461
97115
95734
107813
89175
115590
104167
111740
114010
115688
113409
109295
113467
101138
95906
84791
85605
110096
85936
95345
83726
111507
101421
99942
110698
113232
85771
88847
95262
89763
96066
96601
86519
107384
95521
91429
98268
90731
100833
110739
99841
100142
107904
111232
109406
105003
87757
99917
99936
89707
98751
112866
99806
100023
86026
116467
99918
116221
102388
86146
83769
114421
95589
107942
87276
104195
94526
102538
113265
110688
103148
98488
102333
85877
108605
97176
112683
110471
102258
95795
91433
84633
94101
97341
110897
88206
84749
84051
91900
84367
106607
110977
84210
114604
101783
102919
93412
84934
108792
101213
98301
94636
99632
84852
100086
112516
103135
112447
93834
115821
87226
106098
98346
86626
104923
89226
102129
96097
111195
101133
94426
100813
86563
108819
104497
107538
103935
89093
90439
101255
89845
109989
92266
97944
96212
93006
97300
110116
112911
100989
98147
91684
106188
112273
86217
108942
99641
93135
100613
116089
98079
115625
108114
106369
96953
87616
96222
115565
108742
87335
89469
95247
88541
115562
110495
115564
116225
93903
91008
95773
94837
101979
114590
112117
109009
109080
111728
88036
113238
110614
109909
112923
93823
88752
93643
96113
95192
85008
85729
100614
107539
99062
94447
96038
91225
101556
112004
114800
102110
104574
103840
108087
105144
85984
108579
92456
95729
104592
93318
112941
116187
107366
110025
89234
98723
93353
102828
86631
105257
102796
108578
95269
109071
106232
102147
88724
85265
114060
97793
100843
112020
89827
85725
108857
102785
86037
87515
84229
116563
87424
106099
97585
112751
111560
90185
85541
97716
84508
114783
116009
86612
106939
111241
104465
106722
104119
102178
112672
91820
97785
110846
84007
90442
93318
110495
114157
113271
99329
100780
111315
108064
92272
86942
108472
108219
115523
114365
114715
93146
96146
101451
112767
98048
93094
114943
105492
111283
101307
109749
97683
100306
92676
105059
112490
97577
106480
113743
96025
97603
87212
108671
104412
89727
101609
96625
102538
108902
108511
91917
96445
104764
109969
93144
92467
101077
86611
84586
113524
85419
86922
100130
93365
101165
102836
109080
108541
112729
101288
89427
113542
116108
106270
113469
97638
98457
111217
90451
90990
89369
109476
105249
86611
104195
88228
113006
92171
91005
109772
92596
116090
107505
96174
106963
105294
85858
96529
95237
97832
99841
95798
89877
116220
99067
111712
93900
97466
90262
97426
114861
106542
90748
101531
114914
113445
113238
104784
111477
104913
96925
116249
89539
105838
109485
112047
91182
95014
112412
104483
110611
111154
105801
88611
94716
107843
108856
88441
103446
115488
104093
115412
110821
105104
89654
97483
90678
111994
105566
115743
97365
112459
116192
89408
100737
113304
106249
98067
104861
111109
108801
88819
113192
86117
96603
91638
109167
113698
110570
116593
106497
102879
98006
102590
110436
96861
96496
107068
109830
87963
105027
90520
105078
85314
114411
107851
95188
108607
97323
96612
94599
92594
102329
106888
102957
96519
88412
97335
98520
115042
103097
109392
109431
114241
113002
107992
105874
113501
89937
104183
95035
84945
87340
110147
96321
113789
90985
116034
116646
99757
99643
97833
98131
98294
88557
114666
89099
90209
114807
111470
86430
114636
86351
108063
95071
110988
109185
95658
114903
109911
115202
92419
109243
86114
111169
105129
91164
113094
111872
88107
87006
99880
114786
105195
113259
110233
96837
97826
90024
85691
95697
87588
89385
103973
94033
85222
88225
92425
96834
108477
115356
95252
87466
105064
93552
112534
88748
84817
102512
85475
112984
93456
101220
94457
96200
102705
97846
99171
92008
104503
100590
106589
99477
90848
116704
96056
95338
108715
90148
95744
103638
104344
110663
100189
86770
106799
96576
92087
113554
104643
103334
87453
96795
100088
99616
106856
113044
87683
100892
90139
105471
114225
92100
116110
113641
101419
105005
92620
93248
112248
111314
97721
109157
87235
97090
111352
95874
91999
110613
88843
99870
102280
92196
98748
99566
105708
97274
100028
88046
103530
98693
96907
104113
103449
110609
115351
110325
112780
114808
116904
91771
91988
105874
113019
110358
107207
96499
104109
98561
84736
104406
106460
110453
94247
93268
87816
93051
104947
85722
107583
92416
108652
93145
89209
88615
111094
113087
110529
111843
98955
101159
115349
95940
106568
102732
95888
88849
96555
90820
108102
112408
106011
88683
88176
94402
110376
90781
110153
115562
89365
98472
102711
116463
107539
111744
91054
93448
107472
98485
112977
92376
112816
110243
88667
111811
113242
107241
103998
109183
99191
87580
108938
90478
108214
116156
113423
116523
95508
94566
111686
108131
112986
112716
96493
102374
85223
109283
115186
88573
92591
107739
106386
109055
89476
115540
91842
113695
98965
101199
101838
89480
106804
87138
113728
85164
106204
84913
102915
95192
106098
107289
92616
111116
95691
114862
105129
108043
105583
98920
97548
110510
96156
92697
112331
105341
108430
116130
103058
109696
113150
108391
91784
96339
91625
115456
85553
117113
111762
98866
113555
97266
113610
91677
107415
100368
85359
100534
117171
110470
114739
86648
93894
98498
112030
112727
91971
107645
98647
103926
89234
108944
103839
96281
114099
115465
104734
93021
107301
109694
100834
107303
109062
108705
102821
101594
100987
85525
94030
107341
93522
104064
104891
104060
115942
91106
98238
105341
109891
94245
100709
96438
104331
88821
114303
107086
115865
117201
112219
96993
86755
85602
111827
101496
91045
100108
104585
85432
105276
110020
97905
116569
98511
100641
114320
110042
98613
95157
108035
115571
104723
93597
102978
104012
92741
93271
86438
93932
114816
89300
93481
99060
117045
101326
114542
114701
99000
92252
97537
115487
108193
87236
102879
85956
103283
96656
96313
89084
96635
85732
93301
99362
85755
86030
107126
97054
85896
101727
90141
84701
101041
102457
106767
96510
116193
116074
108473
91086
112007
90552
106386
93047
86387
95421
111776
113524
116867
105974
115774
116808
87936
104470
101148
87408
100163
102048
95367
104342
103964
94644
93931
116487
102516
113705
92566
112231
89264
90077
90046
115108
114265
85065
103622
108840
103546
115545
91581
109907
87882
94330
87080
97832
104715
95732
110081
86854
101938
91258
95999
114714
90312
86271
96024
104532
86800
97484
102981
96407
95594
115664
85381
116597
95095
116023
107812
115354
113790
96830
104509
93255
101135
110405
101758
93443
102374
103205
95531
114061
115729
86213
85093
109844
108118
91880
91565
104362
92111
111177
105124
90359
84951
89578
84756
100138
114474
109993
85300
90677
92743
87828
111400
90938
115481
89214
100808
92224
90583
106067
95394
96299
105769
104104
84802
97003
110988
94998
105393
115187
96247
98505
112187
95469
94143
106196
108149
112300
106424
109255
114047
104034
103069
105348
102791
106771
94897
114254
104078
108361
100519
117283
111727
101130
106943
113996
97821
109063
106803
112946
93740
112662
114897
86131
85139
105954
115945
97077
106928
110561
108393
107963
88716
86407
97863
101686
98913
88250
106783
89821
111961
116101
86558
85311
110745
107024
93726
102360
107390
106192
92178
98531
108070
114427
103333
85360
96563
108863
99102
93110
94923
94387
97415
84906
113891
92686
117262
95697
116926
90391
92587
101458
105392
115292
90115
90703
88360
101671
111245
105845
110062
106926
85235
103890
98472
114570
87483
92135
101283
116842
112166
93439
115664
105225
88408
101823
110861
105053
91834
107261
105382
111890
97181
88278
111388
98614
108576
116730
102949
114742
111443
112971
115699
89865
92828
116647
110265
116395
98394
87041
100204
102605
114121
98231
111303
95435
101414
106783
112529
98526
104723
91747
108066
95123
105020
105104
104740
117115
95291
114921
111511
86820
116921
96897
114711
91977
110550
92681
87394
99654
106699
100838
107541
97230
85454
108679
86454
92128
96055
98037
99575
106487
96736
103851
100153
89986
105681
93097
106320
116371
90653
103364
100742
98779
89863
113728
110818
110294
89961
87200
101802
86083
88151
116157
85286
91863
93695
94230
108199
98866
102611
91239
98760
89618
95723
100989
86516
90055
93860
109128
117544
100327
91022
101170
87034
109634
95877
105903
88283
101912
102429
90901
91289
106634
89156
100271
107048
103247
96802
90892
109473
95656
90948
86685
117387
99734
85498
107136
101722
98122
102141
96406
87605
98525
114261
95707
116476
87617
107386
98807
110218
115064
109754
95504
88887
103171
95706
103395
95905
108190
107008
102931
85677
104490
101585
102080
110536
115947
104150
114524
111731
93427
102692
113850
110078
100574
101436
108136
101011
108480
101936
102463
89207
92508
95239
93752
91789
92311
98915
94850
86556
109100
92513
102865
94673
91040
114625
107000
112136
110201
112967
116410
112199
97195
105568
106717
95243
88915
113417
95105
113352
93351
94957
111536
114987
100909
96461
112182
94114
99884
95013
94131
94238
101217
108557
97006
92952
95730
115293
88428
103890
112808
94740
107074
95711
107096
93179
103207
97765
104354
101509
112589
92066
103646
107002
105330
93997
101460
106964
112818
86910
95403
85354
105375
114737
105381
100811
92691
99463
102665
93933
116293
113582
114144
86535
114587
117314
97251
85819
116159
87315
114997
104056
86517
103721
111694
98207
113324
109829
113719
109028
91474
90922
90365
109176
117357
91612
102496
101989
98280
97320
105163
111545
114090
116772
97417
114150
102510
97912
116533
108905
110286
112413
114546
115370
107680
113509
99037
99363
116870
95548
117312
106437
110529
91053
105481
112535
103494
112808
99066
100769
90388
99330
105761
103176
88260
102333
104203
93818
100962
86410
91957
94668
100475
103820
89539
85730
104055
116319
89204
113616
114729
95833
117462
91710
102309
101903
105142
112145
87378
115739
94427
107336
112192
115229
116212
107299
95419
105216
103374
94347
108320
95871
90826
111534
86255
103911
117647
85226
102946
103966
114940
116460
90301
103140
112224
111641
98471
102233
95726
97068
110008
116671
113515
87841
109587
86146
91946
101971
111286
108149
89402
107745
91215
103519
91358
101973
117329
102838
105533
107144
99912
97962
87131
88512
109930
90470
92488
103452
98926
100498
92824
94258
98721
112412
108562
95478
95030
113976
95917
103134
96221
107173
115128
114755
115608
116274
113752
111883
96970
104066
116535
100741
91537
116748
89723
113812
93526
109669
107509
91408
104611
102082
88475
103017
96564
113081
90169
106637
114768
100935
101987
99084
93530
111639
95150
117626
117411
105217
89120
93974
109698
91602
108516
102312
108199
110155
117570
117680
109484
94828
101071
88508
117485
109298
116705
95002
98458
109342
94534
86447
117770
110008
93238
116007
98386
111444
100741
107343
99095
103892
88861
104382
93600
95534
97708
104123
115759
90479
109210
96091
112530
91648
108094
96490
107765
88616
89681
112524
116730
105171
117923
87076
86796
102802
94732
86901
90608
109794
97702
96392
96924
110001
95289
106061
102477
93726
93175
87172
113876
99713
110698
115678
107568
93611
90794
105824
112226
101743
92627
104713
115581
117857
116662
116660
103933
103389
107983
113728
100185
90443
110200
85997
115420
85410
99931
99849
109232
110123
96813
86733
103228
111240
111770
117122
116912
107508
102523
95719
103133
109004
88911
91351
109387
112463
105449
106535
88453
100002
110950
106958
108984
115990
89698
98888
94588
87214
103532
91708
104178
116444
103350
94044
85519
95372
111377
111756
114743
87907
91161
99655
86542
100425
116653
97343
97163
100133
91811
107844
91726
110567
90809
113255
116275
98508
111566
113759
106535
103901
116050
92716
95034
97722
100347
89082
96246
117653
117689
116039
92655
100993
95725
107080
102300
95725
92118
87177
95333
105323
108875
94933
100605
117175
109488
86101
105970
94452
112931
98043
93315
88120
91126
86306
106929
117835
100962
106094
106393
109484
115321
86010
92416
95189
115293
96178
92976
111552
104624
95997
104963
100266
117067
96416
102973
98839
107059
115167
112158
108054
89288
106212
96312
87750
89920
93797
116863
90137
111188
102530
87967
97496
98105
113900
107666
97768
109010
99404
100465
95947
88868
98531
111754
103273
102410
96877
87732
97041
98346
98636
88031
91323
94503
115938
92399
114832
117273
108863
86475
105132
97082
90108
112304
105250
101857
100454
116684
116544
94389
105184
102152
92181
87066
107394
86053
113201
109296
102406
110346
117420
107389
103653
102492
107882
109735
93629
92240
112796
88935
97526
93117
102794
115834
102053
87926
87697
106074
115376
115158
107111
114540
90676
109212
107687
117883
107555
113913
109449
109413
107826
96232
97008
101908
104178
110782
103595
108976
92732
107522
87540
93715
96467
100478
101949
86398
94789
88214
95021
99466
102418
116185
103909
107105
87312
101078
114055
110893
89102
102193
117497
100049
96696
102902
100838
91608
112059
118316
103174
91818
89897
118190
107424
98566
114718
89654
101965
117164
111780
89275
108798
112730
108756
117501
89152
100858
115262
90974
112575
103194
112779
106227
110601
104092
106849
90587
92565
95407
111495
115151
111876
116222
116042
105211
106662
112423
100895
91916
115520
112750
86921
101003
107533
87475
88381
101481
91138
117409
117893
93147
101462
108329
113378
100456
108098
104494
99317
86079
98310
108674
91807
108751
115500
101906
92520
116114
114704
87901
107037
90409
103072
101675
106685
101550
99425
105595
98711
100678
85939
105661
92844
90101
108629
116289
96346
109495
109867
109808
89404
117196
108351
103226
112972
91219
113159
92495
93258
101146
92390
117906
92002
118453
103924
105290
115209
102861
89602
94363
103976
99515
95705
105654
92028
98133
93379
93516
105020
109832
96333
88648
113917
114472
109898
92861
109012
104835
117275
91677
115386
109884
95790
107949
118068
95703
105157
105013
110899
117904
112889
88572
106296
99825
90366
117491
90557
101795
110248
113969
89553
95365
93998
100767
100098
107771
87087
100597
117375
110985
88050
95973
111998
94624
112370
103829
88796
90295
107162
107859
113667
95134
102733
99461
112913
88079
85929
101342
117815
86663
112397
96984
103518
110163
109912
100446
94993
95214
86516
93128
115095
88458
97300
94733
90463
106989
93753
95028
109474
89470
90875
113676
99395
115104
87814
114717
103418
100926
111715
108510
93617
104871
115449
102185
107310
117405
98899
100331
101619
108712
86179
111904
117090
98993
99079
102911
112421
101323
86796
113009
93901
97876
116081
115144
98233
95549
93741
98478
95290
94118
112050
117595
90356
111278
99188
100108
99208
97673
94629
105904
111728
115667
93763
109284
110634
90659
93525
95521
97176
98532
102514
100148
92071
104800
92034
97775
96303
86302
110281
89631
111130
106350
110113
100030
103625
94530
105862
103273
115379
114495
111320
115476
105807
117268
113885
112380
88117
94475
94086
105949
116608
87773
116083
106341
93558
116939
105144
105449
101227
105450
91362
103512
113122
95423
109621
118381
117750
109835
109112
100648
98808
117736
110964
87422
118618
115733
115320
91984
112587
93327
94752
94874
100260
92001
99607
92397
93059
92860
91291
109343
109365
106570
86144
99137
101338
102080
94840
96977
105795
115123
112273
90417
95903
107436
101631
104024
108119
114302
96540
93640
88374
87511
102829
114111
97485
102422
87655
93874
90390
106844
97970
106231
105815
109798
107948
110274
113737
86170
96113
116818
95098
102111
115610
112748
92656
101042
104707
109321
86543
117239
118482
106572
88765
94732
106164
110006
113603
111268
111722
90013
90486
86739
87685
118490
97176
103525
101485
114371
95097
90484
91560
87897
101729
96314
116313
118722
112946
100643
89351
105721
87626
97062
107936
96452
93863
117334
105918
87270
109902
111796
101928
102038
103405
108872
101788
95793
111551
109936
106700
98092
93616
109687
105382
109644
97730
91497
108504
101401
87471
92966
103572
88464
101072
92854
86928
103704
88893
109532
116562
108983
101942
98286
116394
94854
111553
103139
96640
111714
100245
86702
94927
90085
97079
90315
109554
110484
109411
115223
115999
95834
115885
114916
110385
111158
105320
111949
107178
112432
96967
108487
100344
99985
94018
98809
111863
108115
102459
115150
107448
101591
101602
90824
99969
95446
98390
94615
89364
109978
86285
97770
94004
113518
106357
89733
86118
89171
100315
97171
86261
115956
113549
103230
98360
109020
111931
109694
107543
92391
101539
109614
117196
91894
109934
114789
87015
95719
95572
103939
108949
87749
97671
101514
92961
109627
103247
89136
118715
94543
107505
90674
102521
116813
106454
100202
99483
112128
104681
95524
86803
105768
106561
101422
89413
101929
108288
86574
116491
114433
91771
117048
114684
114556
103323
91552
94702
114091
90499
103949
112825
93842
104306
102863
100158
93985
114155
90483
105896
110950
108308
87444
95474
117248
87645
90100
99242
111063
101217
99019
114676
118794
95249
117342
99025
90153
117263
99540
110753
100517
89944
109637
117479
112004
89638
112405
118605
101209
114709
115328
100328
99956
114820
117621
110780
105046
118334
92584
104067
91496
114778
114915
103082
117996
86623
105628
100509
103731
109484
92621
116804
117264
95767
99072
96717
101262
116693
98985
95917
103134
91290
102329
111585
99219
104960
88176
106874
89362
113453
110451
107352
106563
98224
98078
100150
97677
117165
100123
105447
106242
104250
104500
118238
90838
107272
115301
93428
104982
96326
108854
98150
106390
97730
94792
116253
88876
113746
98861
87603
99611
91250
97148
93106
114130
87854
111653
88479
118231
112195
103683
113463
107006
114561
104368
117368
88030
96115
87709
98275
93829
91970
90978
89985
94059
94679
87890
104228
107429
99392
86611
86511
108891
107861
89069
91416
97660
108699
88736
113133
118192
100456
103803
104725
108175
109384
95210
113433
86544
104608
94160
115235
96836
90257
93653
98565
91204
113439
94210
111484
87912
107155
87691
101302
99513
93469
107243
112915
98985
108990
94518
117801
110850
115813
105387
105482
104733
111961
113801
102601
106068
114646
98853
96058
103097
99323
100664
115194
99337
92132
110973
89007
87259
105491
106620
93841
95773
114452
91808
116010
87233
91232
96912
108633
118708
98947
97980
89757
117264
101498
99638
110736
109970
113247
116164
104114
94542
116040
96819
95336
96417
105068
87278
99397
89704
117127
116175
88455
98415
111232
98612
105189
89901
112201
97622
88712
107950
93960
88534
110423
93648
111476
91545
95095
103602
92545
112342
117778
111466
93247
100717
89688
102390
100607
87931
87492
105077
87993
90155
106401
117400
94890
102607
98252
94547
119105
99375
90811
86744
117308
101408
102590
105669
98575
96601
108165
101532
115333
103811
95971
88693
103593
99215
113105
113647
97767
96844
109750
103276
116591
101689
100326
106366
114394
96152
93544
114332
113424
105923
111868
105242
92265
112835
112988
86872
106514
90143
101059
94777
118451
91634
109228
117718
110158
112960
111836
103028
87915
115338
104866
112564
93554
93856
118110
93706
92760
89015
102720
89712
118141
89275
112978
91740
111061
116455
103353
94703
102215
114066
87352
116335
109394
94284
110325
119031
97526
98089
94592
118125
100306
96605
90385
88501
94858
109065
106257
117028
89195
108373
117980
117816
112210
87999
117702
114822
107209
90547
114268
113907
106868
112987
110316
110119
100780
114872
98119
104255
104553
110066
99781
117442
103781
109548
97162
110551
86910
92444
106504
92085
102492
100506
112069
91994
96085
108918
113758
88448
117645
96335
101325
89293
97634
98081
111847
94794
110343
108383
117544
110614
93294
107074
97203
101468
105068
109408
103829
87170
90392
88448
91978
107683
103796
94637
103810
95040
91727
94345
118565
99634
118889
114148
98964
89571
105945
114317
96306
98238
95404
112744
95779
102628
112847
113857
119123
112673
116015
101600
102330
116254
114718
109790
98271
98008
102137
104631
92571
104272
109831
118687
113696
113541
92581
108954
89401
110751
119200
109383
97748
92013
116707
117756
104381
103185
102738
90648
96428
104442
88053
108949
97922
91923
92505
104669
92368
104762
111667
96223
91033
89844
117063
93537
110425
104543
91016
95896
100933
108904
113537
97526
114389
89661
109043
97859
97152
95238
89536
97007
88006
104912
108807
106151
109172
97737
108945
87846
103716
113331
118892
118094
92419
113043
101589
95351
116951
89001
106076
107527
109632
98469
119362
94018
108605
113944
110630
110436
106739
87337
88544
95213
116906
118665
107182
118077
102425
111785
106894
107872
93155
118314
115434
105259
103265
96917
105850
103304
105634
92492
101991
95502
104880
119488
90284
115157
105237
98533
99266
99208
113566
113635
103804
114107
104799
93967
115504
88703
90103
104985
116247
116020
116758
90758
98038
108447
110652
88417
95486
97597
111299
117038
113649
94422
89375
106528
99719
112724
93285
117388
90640
90838
111370
102812
95322
118017
101357
119368
105685
110486
97944
106626
90101
97354
96451
109233
101336
97490
114970
94561
90409
92221
100161
108345
115524
90758
111892
118061
111515
105066
91443
89845
105560
96631
107198
107453
110148
105062
87645
96030
87527
96682
99460
106061
101361
103497
114933
97682
99544
92395
97158
115196
99267
102192
100900
86868
87207
88391
103448
107087
111023
111549
115337
108295
104418
112530
88642
107436
118528
107154
107190
98167
108716
109026
114241
118240
113360
88794
87985
87569
104766
97810
116997
110234
119443
110784
106357
115046
111713
108609
106674
117742
105101
87029
111982
110508
118261
119120
89375
108243
112214
91694
102144
110909
90990
95591
109657
118181
110941
106916
92161
119574
101457
103025
116513
97955
104290
102291
106298
100697
113339
91803
111978
88690
89339
118459
90859
109003
117723
114393
90844
108185
104464
92642
109892
95831
92275
87393
99156
106499
100447
114256
102636
112521
111962
114733
116577
89472
94200
94801
87422
91924
87037
94078
90312
115267
113602
97207
91142
92749
111322
113748
87809
98405
97268
112213
99209
89261
110083
100087
109496
109409
109725
100997
91515
92754
98209
91505
118605
88727
118301
107427
98886
113279
98415
90641
91477
89034
118186
112272
116170
92696
112699
117225
88343
95649
114124
88112
101335
103975
114280
101201
115215
113193
89824
91116
93364
95834
92782
107619
104558
92497
96153
94769
88476
100226
87128
106877
113048
90989
97658
89838
100668
116245
107845
109506
113829
109492
101726
90138
111670
96429
112617
108440
104160
96962
111600
109612
106913
100999
100617
90923
102475
90390
99891
110754
99207
95749
96258
87273
100377
96661
100860
88187
107366
114476
87874
92676
100659
109574
93811
90812
89775
97831
117965
91380
110260
98196
103573
116974
95050
96706
99001
117746
88173
97615
92085
112030
105488
119280
108467
92030
110433
107179
99830
101085
97615
113222
114552
119002
96841
91135
112850
96446
90441
115837
115549
102540
115218
114439
114071
107482
115894
113396
103112
117984
116314
89442
89573
89039
111421
101163
111540
100452
115191
116501
88113
90556
95231
114761
90929
94314
98160
107783
104517
114375
99853
101783
95713
113545
114050
103299
114621
109207
93421
92419
100476
104476
91036
99513
97932
98778
118040
112030
98381
109250
99939
111421
113525
117953
88191
97823
89011
105692
113711
107654
101522
87423
101122
114526
119457
113426
115084
113520
98257
118478
112375
115417
116510
107471
93627
88762
111473
100970
90537
100658
99781
99776
96046
104329
114313
114579
94166
115886
87622
93785
100367
97252
92546
90511
107056
91064
89060
108624
107193
88374
112281
99878
90588
109404
116213
109088
87613
109263
113246
89125
89335
90573
118886
103559
115423
100451
115767
111067
94988
100576
103476
114953
93847
108681
87773
101279
94623
108686
108531
90219
92560
95037
94429
117320
106661
108918
102475
108856
115372
107615
107801
90547
106250
114520
98422
103999
117758
97842
99141
106305
102186
91035
92867
111891
110415
101341
118891
98390
103256
90057
90391
99466
119450
95213
102247
104668
105050
92174
116070
90942
101519
88786
88427
100797
97258
116156
117310
101903
108820
87389
99964
100204
91447
102857
115517
110240
114111
93001
108019
94301
103778
98127
116118
96725
118365
108975
116478
95112
92673
112139
104592
89691
115055
116111
102684
116459
113568
113887
95750
115488
107688
118350
109732
93701
100923
95313
105192
87511
115056
94259
97087
102492
96709
106762
108472
92533
98659
116457
106601
90103
106148
99927
119055
91319
107219
114688
88564
102372
105011
102571
90134
114842
113986
101740
108677
88755
100158
102427
99085
104161
103913
108548
116757
104698
112266
99040
93639
114834
115764
90629
96369
92111
113482
94169
117291
99449
108099
100748
103867
89937
116651
119047
96437
87460
107882
105247
98535
88351
88393
101903
106739
106981
117426
99365
88126
116447
112055
100027
102921
110675
107351
95593
98270
104633
112380
109945
95022
102346
95559
116123
96824
111577
92176
111066
115756
103782
115625
91087
102545
96497
94563
113429
110052
92940
107348
88573
117634
88756
87383
111234
107208
110049
89939
89983
113528
99420
97473
106015
118622
105681
93544
97173
102708
102437
103275
101134
88772
87817
111238
112612
99916
118224
111765
100373
96038
109181
104278
90867
103848
104737
92015
110621
115274
94820
93363
90797
99334
114785
93089
115891
95749
99767
106541
104163
112759
96988
87492
88202
92355
112053
114826
117703
91360
94052
97254
100855
89602
89186
119360
113777
97914
117453
111113
118132
108247
97027
95228
107869
99922
91759
87716
116765
103017
92323
119583
91883
106953
97959
110369
113206
110193
102545
94268
112606
99093
96598
103518
96675
88000
114912
111515
92126
106942
113761
93996
97391
105145
100582
119224
111094
115490
103471
99539
95046
91091
108478
98245
106262
119538
109102
103308
95226
98328
101062
96292
96402
101298
101198
114437
111617
93608
89121
118510
117409
94013
114308
117985
119542
97335
106806
104046
95968
102207
93001
110901
111892
114058
92463
119719
87756
107961
102424
92940
93630
116222
101244
115402
93771
97665
116979
110820
113146
113922
95821
93121
110116
109247
107999
93487
101105
114072
101659
100007
116355
103281
102756
101075
106608
100056
104224
110669
100726
116711
116494
102826
111466
97388
114137
93879
89458
109384
88558
103170
110708
96021
105355
99740
114638
93196
117529
91678
98888
91429
88508
105194
87878
117887
110632
111795
93251
113411
90038
109376
104058
113477
92599
87916
95462
111530
102664
118386
93805
113616
92647
98919
90201
90410
105476
117768
102663
106219
101083
115126
113379
101670
88130
98239
115604
101171
95550
116191
95091
92500
111899
101895
115010
120216
104124
98396
99867
102400
112687
92291
109990
109025
108676
102428
112271
119945
101344
107148
104247
99109
116173
97792
88746
91107
105940
103855
100818
95315
102990
117087
111850
111891
118135
120362
110900
114859
94404
115842
89839
117174
109175
96115
101252
115779
117104
114984
115712
114298
115526
106673
109510
109699
90262
101635
109446
109475
99227
94528
101481
98472
113919
114233
119694
120200
107249
111922
94650
96837
106104
118757
105291
109843
107271
92617
89198
110013
99409
102035
114066
106565
89694
102909
101405
99019
115679
120007
105309
113327
108223
88828
102849
97530
110330
104311
104009
103930
95154
102565
94779
119853
117376
115341
97048
105057
106760
90637
88270
89368
103632
91494
97327
102193
114002
95739
88482
115141
89167
110421
113688
97104
92263
118635
115778
100881
108007
113696
92162
120243
115170
98830
99871
95276
107395
110722
90684
99814
92065
112327
105739
105756
113300
108200
97470
111752
99399
98352
104894
96571
105103
92852
115616
93132
93627
98068
111189
105652
90989
100157
87968
100345
119720
87794
91341
119818
89129
106957
88225
96234
97787
94848
108941
101521
112966
108385
90150
118160
105320
104486
112090
101619
95046
116972
101339
106091
106468
118399
118368
97709
109876
116693
104461
111637
111404
102619
108975
115087
109339
103029
100909
101559
110397
119743
90812
106047
88205
110746
93009
109457
110298
88420
97116
111798
89885
98310
103091
113015
109578
120372
93900
117186
117989
114928
98352
95567
110231
91472
119852
89730
117505
94850
116426
95380
101008
118029
102656
104686
91154
98137
100134
111573
110280
103282
105389
97356
88764
113161
96783
96054
99156
90812
118274
94652
102440
108951
101105
97006
88081
114138
116652
106669
96898
108028
98911
95176
90908
99569
90305
104293
109436
115881
114829
90019
118616
117209
109622
115581
91850
103677
100311
108018
88811
95390
100968
113250
116900
109776
120632
100412
99777
112640
117655
119254
97351
99564
120019
90780
118792
120307
90727
100461
98932
107919
116846
113730
100530
111648
108126
114193
100336
107243
108018
108529
109559
114786
108136
113790
117762
92582
108525
95359
119248
107850
101206
102342
104184
88922
96784
109912
109693
118427
100954
110286
114850
113429
95153
92923
104191
114127
92044
95183
116437
92634
90698
95099
111519
110224
100457
91350
95209
95006
91128
109312
105061
101184
104015
117829
103740
92492
119293
119876
104354
110962
110850
106832
115117
102978
113471
106774
96871
99950
110890
114816
110626
91090
93894
103130
94987
89009
96979
95284
105986
118850
104001
109319
98729
107371
90091
118043
116155
90828
90242
93095
95392
95487
103111
117435
91454
109598
113662
108507
96017
90502
108703
119788
119934
98011
106830
107605
110436
104525
109581
98142
109557
97305
93617
100315
93636
88914
114578
109583
97054
94177
118151
105419
92830
115659
118802
92630
102140
97714
112343
89233
103718
120479
120659
111067
116882
105726
95178
88627
94674
92394
110209
93980
99177
91563
113966
92358
100573
119933
94381
120554
101389
109715
91380
106742
91333
97372
93513
102762
108176
94213
102579
110722
106701
106815
109230
111125
107781
103490
99362
96957
100220
99858
96406
98360
101894
94209
97185
100622
114972
91253
103074
102260
119599
108779
104113
117617
102972
110908
119510
108607
104353
90143
119416
108788
109103
110832
95256
98402
99968
110256
103487
90171
98699
89164
91316
115577
113013
94754
115699
112636
116907
103617
108763
93045
110381
92400
95911
98180
91693
108787
118047
92445
119256
106249
108815
89904
99700
108857
92409
105609
101803
109134
100871
96501
111910
101409
110915
105894
96094
112406
120074
88280
103855
107241
105150
119989
98991
91307
113852
111990
104381
89607
101518
90828
116957
94666
91489
98430
117443
90531
107193
88659
89901
112934
94051
116530
113526
92695
98476
116616
114024
97766
102864
90858
90707
98422
111541
100604
111707
100386
115929
96657
107030
98050
107913
96275
95319
102762
97365
118310
120388
91572
106176
90504
107439
98624
94780
90427
94627
97976
88405
118247
99644
96665
98604
90490
109756
119535
107303
104977
110300
111456
102119
93211
115808
93803
102522
90043
118766
109298
100050
105839
116768
95478
114294
110064
100312
105635
91256
94553
96468
99980
107943
102794
117890
119095
118277
95183
112405
95196
97404
93629
90328
113258
114380
115037
98754
115403
109000
107661
88907
89961
115138
120738
99455
99057
116548
102226
113745
104791
113665
112082
112177
94746
111626
116539
103649
106441
116549
118066
100228
94406
112412
114120
113912
91466
105586
115103
106853
116393
111067
107855
104982
115671
101900
96775
111496
112427
90768
108920
95681
96612
103101
98542
119523
91626
112359
96192
91137
95318
90067
111851
92209
101171
110190
104442
113123
94214
103359
117033
110193
96397
118043
103625
103415
90437
94360
103910
115044
93486
105924
95272
93393
111314
108182
112887
113682
113284
115876
98274
115595
119270
110231
99906
91973
112814
106972
89626
119362
101033
111773
116802
96269
101120
99312
96709
119956
111802
102990
118919
89658
111746
92742
113451
89641
110506
88434
120883
107237
97393
120747
102505
114983
110465
93817
110718
120552
107196
111821
116210
99516
121144
111347
115507
102753
91272
115394
110345
93080
110398
114710
90929
97843
118957
105856
106057
100976
118260
110907
93420
97413
93240
118370
110109
93820
96304
97889
112361
118081
108263
93866
121160
119802
95165
91817
119365
119190
106415
88569
90974
93353
112089
92888
105262
88439
112953
94424
102729
112206
90038
120792
104808
98842
97889
92979
111046
90419
101114
90423
110793
107641
120502
113369
95717
116387
91711
117670
106942
119764
101117
97789
104844
94063
106900
108412
88516
93229
104878
98744
89077
109165
109306
105265
103407
110795
88949
119941
116779
111347
113384
114147
117095
96952
96177
92355
118161
92000
110791
98772
94694
96066
108793
116534
108635
102292
114550
110314
103484
95870
119186
119175
104979
111474
92615
93486
108235
117184
90106
103615
94741
98661
118528
89933
114699
111140
99169
109520
91667
115929
116572
118042
104199
89865
110635
111117
113299
93373
118920
89610
119774
97425
95343
116140
113516
107016
117286
91063
110659
119330
105595
105035
99404
93745
98893
111710
92157
94440
108365
105321
104757
94645
102918
103776
96615
94801
101147
106216
118523
109205
100816
112069
112113
116367
117196
108433
99272
117461
93726
112820
107166
103193
120189
112528
108440
106238
99284
118780
108676
106794
115966
111348
103613
99484
93389
91790
103759
89152
120914
119344
112732
94401
103512
88833
93119
90271
118066
107677
101102
99969
93111
117261
99365
104908
99210
107254
121025
114036
95903
92432
97514
94483
94714
119258
88692
104504
108474
94349
97031
101377
92759
95310
105854
92908
101672
104103
113294
105194
110120
118328
113832
111029
118009
104874
93984
112484
119593
95973
92302
96061
94645
88707
95349
119498
96203
113540
114722
117551
100052
100163
118487
111802
116658
102824
96553
116924
99654
120224
97191
100759
118838
104906
121020
109849
102381
118132
102871
98568
107747
111045
97224
97790
98334
107323
111214
97399
119801
104281
94095
114729
115236
107161
116999
118164
109292
105128
104997
114137
98748
108754
105554
99535
117476
90299
94963
89428
108186
110417
110225
118753
101694
112126
101175
100194
106723
91682
93724
92228
112650
94400
91778
105935
99760
89720
112094
102838
98956
91061
107321
98796
97170
116007
105942
108730
92603
90228
94997
109327
96008
109866
105367
114967
120005
117241
91043
118030
116491
92703
94921
119895
100744
112419
95941
102088
94594
96966
95654
98377
94490
107831
101167
118941
90062
99206
103805
120191
109634
113243
103658
99057
88896
121064
115506
112081
96253
104476
107988
101549
121246
104985
106427
115416
90618
114153
116254
115133
104866
88940
97445
89204
118047
97173
105677
92563
102266
90326
109709
110407
116226
95193
92218
120227
106825
92273
107432
119607
108400
110288
116370
100325
111524
99578
92219
96752
102121
113786
118358
92502
99862
100435
119587
109920
106785
91961
95964
102519
90013
97793
106575
106041
106113
95831
118988
104396
101163
112047
118593
98930
116645
98430
102052
99422
107558
89513
119697
99271
102876
118333
89397
113722
111336
109922
103786
114228
109483
117898
101411
101616
104768
106478
115211
118398
119113
102203
99945
115221
118511
114312
93255
94378
94500
91020
105171
117697
93739
97038
97541
110212
106587
94876
103554
95506
102432
105088
95169
106009
89922
95216
107372
109223
96618
110469
96009
110653
110050
94191
103641
119078
104092
107750
111872
102150
94326
103011
89063
109494
116924
120849
103391
101455
107502
101630
92679
119429
98756
115607
111215
106551
90736
100819
120701
112963
110883
113070
112784
96159
112594
110041
89060
116134
98362
110256
96182
103087
116258
109420
104104
95716
89824
103322
88934
95058
113182
91340
108426
104252
90078
114830
108989
89013
102332
106139
104223
101486
91507
94033
103402
105676
108195
115299
102226
107581
105938
116174
104111
95437
108208
110862
91101
98292
118687
94353
109283
97714
111730
107884
92884
100830
95861
118093
116211
109500
95662
108208
107802
97229
110435
107862
109149
89067
91613
101107
112362
95637
95595
96296
100403
94855
96937
100784
110672
107405
110081
120286
93598
100762
104563
89671
107949
95508
99730
117180
100185
110451
120527
96891
104502
90890
105466
119973
110898
111908
103686
116979
110197
116307
98573
96165
120460
101637
89747
98236
113863
114264
98575
118377
107231
112944
106408
99013
105948
108422
115004
113090
98870
117251
108966
120418
121659
106957
109633
104999
94640
93345
100264
106954
107963
108322
110272
105008
106497
100720
107257
115097
105995
111101
115664
100635
89582
94876
112537
92751
93483
95195
119163
116042
89812
107155
104636
121550
109808
105405
120126
112322
117025
100999
116042
106208
106628
109736
90253
121262
104153
94448
117856
90543
113892
91171
91469
121050
116242
90119
98766
118859
98656
110780
119383
112697
121209
107596
98967
101416
106526
112771
98300
102239
108747
121601
100725
109981
95896
94093
93307
119816
98653
102572
103250
120422
120345
114290
116876
111759
104085
94105
119760
119842
105540
112848
119769
98936
115310
97877
96705
119510
105357
91078
100736
109799
103928
93749
115632
106345
119742
101498
105619
117542
113109
96717
91222
96806
96884
110228
115863
112419
106173
119673
112422
96573
119711
92864
121352
112623
97787
107479
115906
97090
121349
101679
115412
113728
109038
104523
104323
108972
112576
107543
110299
107760
110217
98682
90101
101207
102075
108078
107638
106364
115155
98768
92504
108291
102713
108851
89325
102534
99431
117754
89632
112082
92750
108646
94463
101972
102901
94572
89206
91598
95844
121611
120157
93006
90560
114908
121526
109665
117687
105195
108335
118916
96031
111813
121839
108763
103129
121554
116878
92198
90620
94693
95333
104176
110383
109842
118025
104457
102231
120256
106002
119095
112499
121342
112161
117801
92611
103707
89377
91052
114224
99952
98252
119074
117224
92801
111729
110127
92745
92741
97525
114357
112384
120001
92697
104195
89970
104156
99322
94793
96091
91502
105438
118095
95924
118170
92973
104807
94427
106334
107454
105377
116462
91752
120148
117821
121207
91435
117865
117350
97615
116275
118314
112669
112572
96181
120258
103027
99805
91499
112347
121339
111432
99486
117090
106367
99313
91781
98955
116978
111950
115917
106262
107174
105144
113785
115408
102591
121109
109292
110940
95464
99764
90436
99379
105540
109688
106986
98794
117159
98617
105575
96948
110599
114791
121722
118311
94509
99056
121191
97859
95408
100708
110225
95152
109348
115288
101963
120647
102799
102408
99820
107732
100636
102720
111137
121626
120596
94588
89736
93464
90377
99406
115578
120971
96597
110592
120360
99764
118723
93050
89833
119899
121483
119655
117202
96788
117636
105108
91528
103873
91541
121240
99410
105560
116332
98746
111474
99047
96371
96015
97462
117205
90368
103907
91722
118122
89805
108378
107728
98193
109735
100695
111538
93917
121962
101789
116663
114379
97836
119861
118741
95559
116665
107791
96327
115057
118848
101612
91103
106400
111691
115066
102300
97959
112116
102593
103551
117336
109910
90047
113563
98119
122179
97359
104556
109521
98357
116304
105833
98908
106886
95234
89820
90335
104163
95667
96242
94630
110078
113820
116238
117071
90755
92422
93795
108057
110670
107441
90562
111710
120283
108149
119472
97373
105213
112682
119228
122173
94163
106438
99344
112975
96248
119493
108613
112532
120315
90830
89468
114303
117519
93843
90282
101371
98051
104953
111667
102064
99444
119161
91579
91266
93505
122053
91704
107099
99135
99503
108620
117035
96558
118855
96467
101421
108524
105796
116152
117867
109545
104358
116492
93572
95963
119961
114265
92077
108979
103579
114739
113398
117455
94433
113681
108495
109681
96247
112219
118986
104304
97704
92356
108962
101933
107037
113882
120701
113609
119881
120027
91758
91029
119684
104139
96318
91338
95349
93635
118892
108155
109878
112012
90482
98247
109747
99437
114506
94291
98643
116544
105265
113912
103131
91083
109739
115896
95119
120142
109511
106999
117914
96089
114852
93159
92591
94944
101428
109637
108529
98705
110144
122179
117776
97125
93356
99269
99253
90742
90109
113103
103969
90384
117016
113982
100369
93706
95308
120503
112356
101207
118163
109790
110335
119512
100885
120776
115057
116084
101102
116914
105683
102507
122161
121331
93554
113895
97069
105263
116913
97749
111343
110030
92072
102386
120328
116140
95505
90153
104080
107026
94821
93212
111978
103142
96322
102657
91594
89630
120336
113839
100853
104826
120036
111864
109896
117875
106916
92474
89980
93807
107117
98865
120104
103734
113457
107535
94599
92073
116133
104143
105852
108722
114778
116934
102355
93815
96553
89979
92874
121299
112341
117432
119504
90630
108012
101857
90764
100523
101614
111493
106529
100843
101297
106291
120753
122097
92676
110991
98080
104605
113043
94884
100122
102525
118539
112252
114007
114169
120446
94190
107549
117197
100104
107960
90887
117181
113075
114126
111878
99971
92056
103153
96165
122381
119623
100482
114577
103909
90473
102553
104024
111089
91300
120914
116081
107356
90303
101991
119421
91092
100615
96260
102604
119030
97777
116694
93219
121862
101888
93030
118972
90596
97769
115365
119951
114491
105462
95687
99792
95484
107176
122197
99001
94475
110240
110718
114313
118584
117695
93615
104397
108144
122253
110947
107486
112180
91863
94011
119723
100427
95389
115025
120248
121524
110635
115146
121191
91615
121989
107178
104311
119581
115464
96236
115658
96084
119631
92115
117867
108023
96852
111995
100815
110645
95447
121267
115803
91249
106756
105999
111399
106995
103248
93752
120834
120029
94884
119687
122038
93792
90045
118482
120205
109871
93139
99462
101651
117300
90744
93942
113950
122243
92868
101107
121100
102284
115631
111261
118092
92820
106430
105080
120864
90214
91106
107715
90016
120901
118173
98053
92419
121126
115814
114152
103706
107548
121423
93002
116253
119572
114661
113298
119466
118722
110423
120640
92683
112347
103131
98761
101816
97157
92750
93857
115740
89868
111642
105369
92316
102614
122205
102251
113878
101017
97608
112531
106278
97483
90053
120929
100975
89946
107356
115533
115480
96926
93783
116618
120148
97420
98084
102622
116903
93740
105468
92336
109734
105805
107970
101731
90878
118391
119342
103394
117431
117537
119082
100220
110778
106532
90492
113651
108945
106608
104614
99791
112751
98301
90634
118008
92016
105221
96594
109956
111905
114033
91151
105166
97091
97937
110240
112840
111308
99599
94294
90002
112943
116518
121558
97611
96989
105231
121022
117287
108300
109500
98187
99009
118967
107977
121018
105651
106726
110768
116269
108901
97839
100412
99793
121634
118141
117312
104574
90225
110608
117896
102430
100770
90821
102160
100626
93351
107160
106100
119505
97061
113255
96936
101330
114379
105977
120297
111789
110563
112190
114675
97917
121382
115416
102773
120968
115669
95451
109506
98594
117509
108241
90313
105934
93499
120322
104263
106151
109880
114930
98107
94462
101142
118570
92827
116037
115348
108091
106053
93227
115631
102401
110392
102153
104818
103973
114692
116605
111374
95973
111231
121428
115501
120600
106938
104878
108932
120172
112691
111196
105127
90867
112204
92301
96802
99550
113916
100266
105157
91016
110789
100734
121151
117430
116966
112794
115951
98077
106193
119288
117494
101668
119263
92638
104337
95468
103235
104453
106918
120717
110141
110331
103580
100771
90256
99014
101488
110346
104245
99018
120837
115685
90961
109293
112060
112357
113509
102392
114245
96456
122052
101184
94645
107807
90443
117127
105176
108629
122188
114973
97480
100077
104907
119626
97982
109067
114413
105713
117289
120118
98989
113261
102141
108892
110545
99007
90702
121110
104732
97771
92957
94766
117958
105119
119154
90207
105513
91926
107435
101723
117693
119100
108051
115219
98118
111123
114870
109874
112204
108629
98164
111338
93388
99931
120917
92660
111661
120637
109596
92626
120949
114491
111903
118360
91581
113499
120917
103530
106979
99412
101553
111623
118398
104619
117934
105351
116503
111132
116268
94240
118678
109115
113786
112559
108282
103003
118964
118709
111181
98991
107599
120224
119767
91311
100850
91213
115347
113853
112775
117450
95711
112393
111763
106592
96631
97202
91074
121297
114084
101934
97991
115678
112561
113643
120162
100108
91807
122422
104642
104616
102426
95069
106510
113929
117163
119568
121663
98069
107054
98829
92208
114951
98183
92413
97784
117359
99473
94872
107127
96121
103255
120080
122415
93555
114567
101037
90709
96394
116003
114100
120104
95956
120698
109454
112770
95380
121943
115494
106157
122297
92024
98963
106871
92327
100929
120823
118665
106042
117682
100775
99316
107272
122007
92556
121869
108007
121854
120777
114555
104368
114670
120989
110222
102466
112214
115083
117459
99529
102980
115129
118245
111424
104791
117143
90757
91956
116087
103872
103405
97227
118467
90405
116578
114438
102859
98920
95241
105027
108032
96390
101627
107526
112745
109241
119195
98040
97943
122781
96296
109104
120282
110481
91790
108210
90805
95840
93570
103989
115856
100385
113101
112426
111021
109915
94184
90617
102237
109165
107978
93070
121460
120365
110334
102676
95226
99280
93944
119040
108067
115722
107945
120146
95617
115061
92753
119575
103033
113719
116885
99123
98036
92384
111569
104541
113750
112273
115887
120427
103860
114787
95481
110288
121410
93702
118187
99939
105482
100265
113485
100450
116452
114970
97407
109238
107426
98351
122582
116600
105355
90724
114150
94133
118795
116165
96416
121710
121512
121103
119007
105187
117048
96018
92477
93458
109137
119129
120107
122746
114178
110093
94017
105252
106176
113943
92626
99044
95907
116869
118212
100061
103635
115759
121758
119107
96061
98458
99043
110693
105610
99612
91039
90602
111185
120129
101951
107354
95115
107886
95653
109537
117576
115396
116604
95056
102305
111175
106185
92773
92398
117568
115907
100428
112953
119008
95205
119141
104434
118565
119105
113480
112099
114434
102423
102919
114023
112058
95142
115379
99031
107405
107330
110369
104774
91542
99495
93933
106350
110324
102541
106944
121065
101672
120189
112335
92069
101310
105698
118180
113042
113456
91747
103457
97949
106247
109936
116162
113378
116547
109851
110626
117021
104701
103978
123073
123234
100939
93034
122884
96271
120164
96326
105853
100606
91908
103831
94573
107263
101394
110782
120711
116613
107137
116977
116471
94879
119156
120530
117667
122666
101541
119366
115889
121670
91911
117380
93257
114950
96426
115820
101532
92012
121823
119579
99877
106388
99742
106172
101166
102959
97572
118176
111767
102707
112352
99218
119763
111057
104080
93028
108083
115368
122024
97998
118119
94776
99059
98425
110914
113049
117884
121942
110269
122732
101551
90676
112703
108307
92604
102034
117531
98333
106044
120241
122458
117252
97815
107758
110268
98331
115365
101967
101369
123330
90643
119388
101196
92892
95753
113712
115506
110723
95625
99279
95344
95738
116251
109242
115795
101858
92199
100033
93243
121777
115362
93977
98907
100705
119276
114606
114618
116069
114169
108218
92029
105697
105392
94359
111465
116250
122256
116178
92580
93996
112537
102272
98235
91387
96874
95701
93929
108139
108967
109810
105879
112596
119197
99327
98847
117424
122921
92794
90837
101783
99541
122830
120648
112750
121925
98600
93893
108763
92882
108934
106525
107259
109172
120849
91816
100952
110565
118956
110730
108309
109315
109261
98869
117612
116343
115339
95024
93531
109204
114681
92182
100505
108417
108723
110049
122063
117403
110518
121448
121861
90901
112501
103975
122202
113121
113193
111423
92153
98516
101480
112061
109128
113925
110073
110879
94563
110710
105703
106261
111816
100086
122580
103300
100948
117317
111760
94672
104046
123258
109546
100187
117890
106402
99270
110409
103345
107946
104048
91015
107462
105343
114224
122635
110188
99443
92191
111965
108703
111331
117048
99158
116833
106262
92594
105767
101038
107881
96910
122270
120241
94121
108908
96933
101176
101825
91810
99084
106342
98709
119183
92552
100263
115245
114477
114939
103913
96790
102118
101877
103434
99589
115113
119163
111500
94398
100156
110856
107920
99636
112084
122834
93954
104434
122851
109902
118033
110265
97329
122102
114146
111979
119854
109386
98693
117543
109703
107541
108328
92854
121847
110065
96906
94758
115808
93965
91571
118196
123418
93998
105187
117232
91530
105204
105160
119067
101111
101471
92915
104404
107674
113809
102541
97524
101108
99030
107334
106678
92005
99553
101519
96027
101625
97369
116489
121228
119685
95636
111165
121793
108787
93090
118413
92131
117978
91533
95594
91629
92754
96479
123336
94808
99334
120165
105679
92151
91786
114227
107220
114976
103663
103400
119943
103436
91029
119859
100462
110208
111937
111254
118930
103597
101999
110186
116856
91990
94954
117284
98130
95536
115097
116694
119415
97166
98972
102137
117777
121405
121752
106345
121365
114349
106062
112049
94585
100946
107891
99465
94625
96330
95163
108445
121882
116288
117048
111504
111754
91280
107234
100161
105703
94636
120951
115277
98792
99518
117893
99541
93113
101263
123588
121985
116467
114599
110762
99012
113099
95926
105530
118882
121226
119346
122141
100912
119869
102978
103411
92955
123565
102363
93163
102252
104081
107048
96913
107851
121091
95024
119272
99969
109873
100275
96441
106370
101205
97876
113962
116650
92135
117246
103826
93895
113424
93056
99212
115672
105571
93818
109899
112916
116424
109949
106797
100654
104632
106862
96146
106968
91312
114731
116462
104326
107999
110193
106013
99956
93474
116990
96503
99562
105011
116978
123685
101055
111902
100219
113971
94748
97268
107697
120805
95618
96450
103871
121295
118542
111556
122436
107296
122108
120279
96505
107455
94059
118573
111507
120729
107359
120388
98795
122169
93964
119577
101468
121497
115538
101017
97644
107575
91780
106072
119471
121452
93293
111749
111849
94457
94101
121886
105331
120035
94144
98656
114400
107650
96696
99970
106207
110036
97356
119970
106339
108311
93849
96512
98562
120214
109448
107114
112795
104131
108184
103159
92732
98182
122334
121336
101187
99797
109898
92716
94147
92293
91947
122931
116521
117087
120309
101701
117791
109943
101186
104996
109488
120761
106520
120399
92077
111045
117354
100217
112720
112381
93153
118073
110880
103899
97756
93443
109844
97161
97973
105047
116219
114091
115782
102200
121627
120447
120747
100576
92953
91945
114250
97458
115993
111688
119825
104816
120101
118989
105215
92334
102355
92941
107494
107655
114978
94229
95343
103822
115366
96573
101982
101639
122085
112640
97303
118616
120832
119818
99937
99002
98198
94099
96107
95796
105957
116204
102157
120010
111154
104535
101455
104690
91755
122140
94255
119879
100364
91353
122271
106369
100415
92698
113358
116389
116551
114473
96168
99705
110366
101928
105888
92219
123229
122716
101549
107666
97373
121292
100754
97989
113564
94731
98659
102187
96098
97106
108101
97251
116644
118481
117109
96964
118312
97607
104076
110487
93162
114385
103425
113284
91583
103679
101615
101067
113720
119597
116760
117173
113353
98577
110635
94665
98858
117648
119106
91714
102910
96214
118703
106177
103859
101541
113656
113472
96425
108013
92192
103495
99734
108190
107048
105314
103721
113850
96214
106450
102381
93102
92085
117635
116593
102626
107357
93246
92838
104079
116468
122144
104840
116945
109045
107595
121856
98557
109872
104667
98313
105268
109075
107804
107283
92728
91943
96506
92836
105855
112093
114872
110661
118150
105867
111589
107676
107112
112562
102540
110038
116911
106882
120492
99656
108650
108192
120807
120917
103040
100646
94078
94354
120899
101100
95869
108328
98632
105478
116787
108410
103287
119437
92901
115976
106846
102307
110788
92307
103114
95665
91419
120963
121753
103411
121293
123013
103626
92983
92415
105592
109526
110561
114450
92810
105539
93491
98516
116894
92022
93643
106999
106738
114377
101741
98242
117246
103389
120835
103430
114079
99122
104930
119892
117620
118004
116047
102765
117384
118808
119106
92922
101938
113576
95594
109437
107066
92763
92016
106632
102973
105577
97664
115501
114771
99229
121350
115893
102126
120236
99509
119700
123398
121029
103630
109725
113523
106089
118943
117875
95898
123005
91722
120128
91979
111774
106951
97449
122858
100788
115756
103937
123597
107466
122924
101564
99046
100893
122846
123687
112546
105330
104384
100695
108560
113837
101116
106591
110918
120224
115946
97735
109569
102433
93141
99129
112011
101727
94466
106108
98274
99702
98798
99751
93462
99648
106200
99214
96755
114286
96895
92289
113632
105944
100141
95030
95751
105490
120052
116227
100790
97344
107832
113744
116229
93483
120686
111693
121530
114836
103202
106720
94825
109768
119615
96226
112608
117876
112267
118922
117442
118971
113009
116265
92017
104838
113923
95000
116273
108571
98111
104431
95627
106482
92305
115448
111600
117187
119450
101348
101535
117988
109616
112572
113609
103122
106150
121114
105970
100622
104525
114840
110234
111914
122938
119177
121373
118563
104266
102119
108248
120305
117348
95373
96653
119389
96766
94374
96520
113683
113379
102758
120067
111864
119859
113400
95304
102077
97963
96695
118293
118453
108838
115872
94916
107491
91748
115719
100267
99160
92171
94346
113218
122556
109291
106052
93827
108842
112774
116803
109719
106049
106960
110651
102830
98167
104243
108155
116783
113585
115158
101921
117521
111889
115231
94602
96392
104719
96119
113421
112613
97996
95565
91625
112311
114594
117085
113531
98615
114176
96050
94389
96739
102005
117993
112587
95336
112394
95545
105007
96197
96469
92848
110272
93102
120779
110655
98367
111918
120022
94969
112642
99985
101928
96536
123116
91777
113102
98881
120476
111215
110216
97545
111845
106549
93912
112055
121726
99065
92761
123467
121339
120660
92498
110528
120828
121523
120459
111759
118181
111102
121695
93300
106574
123768
98835
106868
96123
108519
119398
91679
122382
120564
105577
99603
99259
94932
124305
100801
111293
104232
109579
116340
118215
118562
95311
97167
92734
104170
120056
99349
121509
101440
95443
109423
114009
103010
110390
102506
123774
93488
119443
113024
107577
104334
109900
114264
94239
121098
122057
109200
112878
122559
103113
97721
98683
121720
115957
93347
109036
95001
96955
116699
117799
95547
109913
109427
113803
109335
93752
121857
99037
113829
116604
95466
122757
94469
101081
117729
110842
118301
98984
109994
118139
121732
112954
120868
107776
101534
117356
120198
114544
103945
95099
105705
92948
111160
120090
105479
110412
104798
105410
101954
120704
110734
98890
115944
109146
111648
123575
115893
106802
123222
117077
122009
111562
123712
114183
104892
101436
100060
112603
113856
112432
96898
93921
103494
107602
105599
98366
123059
101124
105729
104572
107828
100175
96051
104484
100863
99104
99752
91791
111580
114609
112125
91897
111844
103237
106426
115671
96905
110360
98938
99434
122071
98710
94028
106645
111354
100555
106840
100076
102655
108827
117190
117005
103135
121907
119515
123443
121017
117823
122469
117768
104543
110429
99162
120251
92180
96082
102076
94547
108180
108925
117695
92995
107605
94985
104238
114750
94733
118118
115211
99660
96372
116473
100214
103966
113995
115730
104911
97694
96669
117791
101151
117963
124229
112416
103604
119748
121776
118619
98828
94498
114148
113489
115445
93067
112065
115696
92401
100741
114311
117514
103391
121735
104089
99846
102872
93270
97921
118998
112216
117647
92467
109865
109726
108159
98710
115169
117077
123707
108864
93895
106355
94701
119937
116861
121954
116845
92068
102581
110430
113681
96625
97953
114718
110021
106231
93098
96438
113758
107656
112741
108220
94507
120836
97731
112553
105165
116827
122504
103555
117321
106061
101630
123065
108124
94836
121066
106575
100623
115845
121279
100666
105354
96211
100626
99342
123949
96532
123214
106454
96989
94568
119977
97603
120732
109207
110678
95498
94045
100506
114684
97671
103190
113758
116072
103334
115990
103364
104575
109315
96409
101100
99190
92496
94106
98995
110405
110840
109288
114810
111704
114433
106620
105258
107400
122935
109578
96628
105291
98695
93654
99678
113959
106409
101321
112891
104301
121346
100548
108665
120611
109768
108084
109922
120386
104039
99303
120603
121378
109603
94750
115889
103986
123391
109027
117716
116460
100830
122780
102692
96520
118249
123873
95660
119024
109104
116363
97708
124533
108948
110605
103580
100544
92644
124168
119405
97931
109382
108569
108050
104081
93913
93686
100671
105538
92312
104377
106865
99516
116866
108411
94766
92151
106232
107301
99470
105023
122982
104835
108538
96744
117797
97690
110644
116029
113312
117820
119959
101561
104118
110553
103585
103802
99936
104088
116142
114674
99988
93862
110086
116448
97897
97486
119066
92798
101755
98635
119051
121852
104849
106202
100716
97582
122749
112659
116553
116866
101188
112376
115304
95540
105343
94927
113614
109509
103425
108589
124293
122537
115642
112468
96157
105280
106971
105662
104049
124679
99899
120826
93740
97552
114938
111799
108427
98223
120164
109087
104932
94839
121880
115814
122471
102500
118889
117922
108708
119386
118020
107229
100429
113102
97235
97896
96317
111555
113954
100467
122554
108537
117249
99547
123639
100449
120297
97603
113629
95443
95138
107110
121867
116483
115043
120747
106268
105138
106556
105723
121896
108065
96945
117455
98701
95947
122536
119949
105967
124499
93829
99604
96893
121788
93587
92565
109174
109784
93094
122534
111596
111619
119806
95121
112073
93713
123759
104434
110351
111748
117183
116609
117604
92162
96848
108588
121037
106247
94206
118377
117434
109784
92235
105418
93763
103608
121274
93137
111537
114013
108920
99079
110912
96421
123969
95304
115491
111494
97922
94305
93385
123459
122811
111581
122719
97510
113960
100123
117142
106474
100256
99492
119974
107832
94397
104892
94867
117077
117565
95543
123310
110809
117416
120974
100704
123427
124467
98098
103459
100171
123621
102432
92881
101464
116984
118198
95521
93619
116866
96197
115566
117468
119125
103399
99771
102748
123427
102419
95221
119803
119526
95086
101239
107058
106110
102756
116180
95203
94108
94968
109776
97608
95456
92760
94127
98090
114750
99509
122291
124755
112038
118353
92640
120133
117988
105690
105474
120620
109253
119798
103153
94994
120187
120863
97300
118866
100418
107441
107556
103759
92740
111169
99634
118117
109754
112177
95724
92960
119893
117889
122396
113324
111068
107240
103537
120973
118294
115748
117122
98448
117994
97934
107536
116994
101317
104689
94859
106015
98108
117148
103896
102861
103411
107446
100690
119691
104125
93906
109583
124068
124932
105667
110436
122024
97900
119218
118443
119324
97459
111214
111683
113521
122588
93442
110553
121907
98956
110477
106982
103043
102068
98638
114809
104647
97904
111103
104759
102304
119599
119652
95392
123933
111125
94499
97940
124462
94365
96982
120853
107355
119939
103519
95822
121269
101089
114811
94932
104205
105112
104859
110893
120933
120305
101615
97679
114084
102276
117699
100585
107918
104025
124686
124456
116210
113998
117064
93363
103461
94648
98941
107575
102832
107853
105120
105898
119110
102210
122401
122250
116729
100528
121025
113510
114349
100412
94886
121504
96204
98551
123818
106609
122171
108675
94457
117549
117389
125048
108763
102089
116599
98053
102606
121498
116356
103131
96728
109663
113674
114246
93979
103554
106845
120221
94890
118683
112706
93405
97435
104758
107175
123025
94302
105430
107153
124405
97357
107066
104021
124506
104323
93662
99595
109004
102898
120517
118592
103667
92848
104566
120811
97847
123026
94277
113058
122407
94460
94419
121870
122652
112887
110296
97693
102425
93316
109344
99702
114422
120881
105940
111026
114110
106729
100091
95689
104277
112144
108608
105802
96094
109008
117750
100048
117083
123821
97625
101169
119574
123232
103959
124152
118337
96738
115983
109590
116057
120519
94808
113108
112592
104397
107653
100620
117098
119989
117543
124569
98536
94545
103060
99852
121316
96223
107751
118432
110076
93589
97352
95345
112946
120189
109166
111080
114067
120195
112993
111994
100887
111053
100741
104338
125129
102986
118996
93387
112679
116366
106347
116835
111564
97245
101704
115437
110668
104837
95570
121157
118368
112497
123289
112585
125251
123644
101600
116166
115803
108035
105817
99633
113692
99390
97455
105112
97834
123600
94537
102743
101565
101916
122062
110607
102730
119259
115684
94548
115296
120683
99134
95398
123088
114282
120277
97187
102416
107396
102517
116602
101857
100745
112252
92835
101680
121027
117727
123598
112698
125062
100461
102169
105972
116488
118872
120453
102058
111475
103921
103083
109542
97849
100531
103083
110483
115624
112003
117350
110178
111806
97334
98797
121197
123454
97876
104760
99099
114179
92955
111644
92995
116373
117959
123511
104084
102650
113425
104622
111924
107727
104182
101465
122023
122519
111545
117052
104691
117842
102699
103034
104705
112722
101162
123909
96839
120394
107112
108633
96164
116392
115310
95850
98187
123940
108768
93146
95588
102297
119298
96112
107055
93716
102011
108486
104555
118059
108121
119361
102198
106897
109910
108102
96437
119783
93273
98475
120758
118740
99392
103276
104596
100695
110045
112032
94555
93276
113470
94123
101677
92814
114226
104372
100069
105325
96264
103002
95993
107168
95898
101282
104613
118924
98955
113716
117318
110885
115404
102088
93444
97540
112997
113115
124851
106683
97650
106918
119035
118373
120427
104016
99511
118145
105641
115299
108700
97536
99110
122237
123931
113564
110213
96072
118664
109164
114002
93867
122491
97717
107914
125250
117111
118788
101214
122636
113353
109433
95540
101988
115379
114022
98543
93235
120522
124953
97904
124003
123037
108277
103260
97943
106391
96456
117792
113433
123431
115800
114227
113683
121373
92991
106395
102147
102488
98041
96179
109161
113566
117820
118059
95170
97995
110727
95568
123322
119342
93694
125070
102046
105520
94581
114739
118544
113974
114379
115061
106750
103113
96121
104887
100053
112117
110442
110600
107249
96494
99342
110573
108377
124922
108970
110944
93609
119178
123634
107032
117583
104874
104153
119819
95738
122012
96424
120114
101456
107712
95821
95372
104160
112568
123126
104549
103767
114376
99295
117208
93174
118403
105832
104851
116035
102820
93803
115162
113663
105274
119756
109007
123225
107528
106066
110064
95073
112427
105653
119265
120767
102909
101368
114540
110245
113466
123384
112326
102914
103777
108102
119827
120057
94301
118066
118317
120721
122469
117032
103073
115374
118817
116288
123643
114752
113678
115728
120644
99258
120099
98757
125384
112326
103605
94322
94237
106038
105368
106407
107872
101182
110215
120902
108994
93409
119237
121234
105283
103850
116741
93321
109502
100764
96392
115060
120870
125035
98437
117692
107791
116717
95181
102399
99440
103115
102575
104547
116903
114556
92953
99114
116925
95092
119553
122759
104940
124568
96771
117936
98910
105206
105548
102197
100664
113843
110774
102544
116695
114244
123956
97533
122969
99553
124017
95116
114016
112951
114100
97396
98066
102494
118791
113066
112997
106762
106392
99762
124825
104709
99423
95414
112902
124637
97537
93141
105239
109530
108789
115389
107671
100914
110053
107388
116267
107392
101463
105619
123936
121715
108428
104780
114023
111299
99496
111694
115678
118378
99604
104559
117202
98064
106529
123849
108737
122055
122862
114960
116068
117496
107915
109347
103660
96413
96350
102112
100237
110769
124102
114493
97337
102117
110079
94100
106926
93333
120646
108607
125106
104954
116797
125285
93085
112545
102544
94227
93977
115740
102105
119183
122918
111095
97985
123113
95073
104942
111208
103122
117125
122204
97032
119729
113970
118007
99541
99316
114157
108475
109095
102052
121961
99876
98778
118333
93188
99744
109813
111548
122261
116804
108427
123897
112485
105662
106719
114487
118395
123531
106187
100090
107805
97898
94307
103961
103059
94992
111573
122643
104494
94749
95124
107686
100233
96591
106165
106654
122383
118773
123033
101612
96701
96423
105420
115447
101161
125749
101421
124215
125124
109277
119887
116479
108380
101569
96800
99994
105445
115352
104136
101786
109176
97699
114132
125805
99996
114146
122772
114225
116933
106889
109249
105929
97562
116910
110947
113969
102267
106820
120050
112142
112835
110412
114108
111242
119114
107850
123270
125278
109743
123126
122230
106544
123604
106549
108337
108576
109097
98887
121152
100510
108334
108866
106168
117886
120115
102335
98842
107854
93282
124627
107384
121063
125184
102465
104921
109890
104432
100589
99295
116365
117881
120724
101287
109438
107337
119739
123377
123880
95929
121061
95361
124300
125010
113161
123845
115505
107408
100675
97207
119287
114151
100298
111621
112872
120836
119330
97135
106192
123989
105619
119409
125518
112331
103385
96547
116780
115167
112157
111709
125932
107731
112676
93726
114339
94010
117447
111919
94219
114106
119971
122883
105939
103441
95249
120546
99641
104534
122201
117063
94939
103297
125218
119430
124106
121646
124717
119217
103137
100510
100675
96445
119125
106751
96876
120545
98700
103149
95842
123455
99635
109880
95557
115910
124811
94952
114576
94295
110851
94334
97868
114214
104716
95869
105348
105828
100905
122153
100088
103707
109637
112015
111381
105817
125258
101317
122405
103312
106479
106099
97220
118333
96466
110482
119443
103368
102854
119412
107056
96427
95086
121605
124261
125143
99595
119376
99487
122963
94866
103493
101538
104231
112898
96953
114044
107640
118004
113070
99767
122100
102259
118997
114131
94321
99599
112209
112628
101072
99117
106174
96215
97320
116641
99954
108298
109601
110207
122882
104797
122013
96813
101384
95636
98206
123325
97828
120414
107620
121210
111425
96139
114645
117185
122138
115577
119842
108563
124668
120015
113576
108135
112589
114798
105236
93381
120141
113573
114379
102672
117916
94884
124809
114980
99325
107316
117319
119585
121305
118693
116579
110597
111879
105991
105723
117889
125514
112541
104601
107525
105243
113806
101398
125470
94633
106462
100792
124417
122399
98205
109470
109672
112933
118110
125534
109468
94121
121579
116460
114131
105439
106295
117694
112061
110470
116628
108845
104794
103278
125222
94495
98062
122935
124568
112099
114935
103515
122381
102492
96894
125807
111450
119138
99372
113317
100978
123493
123328
95894
116257
104787
120446
116286
122622
99260
103369
116552
108187
93493
112116
124812
117502
107770
99158
96215
110165
116439
106908
121834
124645
101192
111971
97221
97092
123615
106503
121381
110280
123110
118709
95307
94783
112966
120264
118527
117984
120231
112466
120021
119170
116185
109560
125359
95244
102258
114436
120707
119597
106681
100021
96350
117325
125635
124377
115113
122819
124636
101278
103596
123720
101161
107942
96336
118955
94859
96345
106537
117447
113605
119167
124083
115379
123874
100622
102620
106296
106449
99392
108739
96392
96595
93929
101824
113708
111383
106248
107428
118079
112674
120476
121666
95450
105077
120761
116270
112335
124138
98010
104388
122522
115808
120697
112492
120980
117783
122589
116765
109418
121181
125236
117024
107982
121451
122081
111639
103532
97418
112663
113725
103456
99706
103591
103151
119910
121875
106006
120172
122386
99373
110067
100313
111169
102846
98919
115080
120207
120642
115470
93817
105354
119648
116741
117281
116327
106954
120645
96107
118516
95077
117807
121341
125134
119210
122215
103612
104148
110924
95462
119186
123867
104474
118347
112239
103332
121384
118642
109453
122891
111145
118600
120569
104064
112928
114398
94543
108987
98616
125116
120772
101292
120815
113271
98154
123825
95098
117894
110000
95500
102245
105553
105000
117140
113787
109707
122254
95402
124901
98242
119301
98927
122262
106804
116899
124725
117222
110565
112688
99123
97916
106478
117035
102012
97906
108056
123662
98610
103860
98729
106196
117750
98217
104574
115383
95396
123158
104794
109374
125757
104767
104574
116087
109349
110159
121466
97921
97423
121081
115010
117838
125493
95072
102276
111527
114508
118580
95801
94065
106935
112414
106619
105774
105595
106335
110998
103111
110195
117172
125281
115080
110917
123004
123599
117356
109716
118044
106689
108443
125303
118179
122142
102193
121386
101802
118310
95041
109060
116351
120323
115482
100777
109186
118945
119240
101249
106446
95168
99806
107625
101916
95560
112243
107688
115685
125916
121195
113956
112327
105905
124664
124118
107306
111009
104031
111227
118563
95867
120832
97932
95385
111774
110737
123249
104102
114118
121258
123378
116287
110373
117638
124910
104984
104886
103432
116559
122306
99534
106236
96061
113686
98036
119712
117138
125143
110834
109410
112270
101779
108332
108012
102605
97738
116017
114270
111989
95827
104336
116186
101556
125946
96237
116550
93802
109934
112467
120909
114466
121947
115404
97191
121159
98771
95791
96411
104085
115186
102714
117698
101837
94914
99040
103693
121005
105052
98020
108297
95775
104528
102823
105314
105649
97863
108095
102567
102725
121831
111304
95564
120329
98807
98047
99317
116138
98500
112909
120050
93893
124355
117920
108805
115615
97399
110656
119148
94741
104085
105697
121115
96214
106343
123828
119626
116431
97902
120387
95023
101863
101707
95421
119053
96749
107744
120462
98413
99022
99762
98611
121771
104716
106385
106829
108725
116587
97404
121332
97040
105710
119487
106061
96028
94977
98910
117087
121496
123896
98742
124962
126568
99768
97634
125401
116118
113844
110428
109218
126360
113436
110948
101452
95185
98384
118438
102760
123994
126107
104599
110243
108033
113950
115488
116307
120722
99338
101374
98895
102998
94483
110953
98308
112090
97825
113651
99013
106737
119880
106420
106595
97276
97530
96420
105470
96361
111483
124488
123674
108922
125590
117393
123125
121416
121487
94209
105497
99591
109400
121615
119341
118667
102151
117453
99856
110859
123016
109768
111657
107814
105103
100399
106744
102435
113361
107576
95729
112765
124276
126400
106635
96671
122052
122930
108436
103404
106791
95657
125639
114178
118099
123481
98464
121664
99006
106283
108143
97158
96854
100263
95916
100411
101747
102167
121226
115349
117514
119017
123854
96020
126243
98390
104418
100944
115341
97089
113957
115445
123088
99426
115078
95500
111203
125091
121169
94844
111903
103370
119112
124112
97524
120921
116470
95290
118491
126642
113472
122840
124939
94079
111421
125751
116080
118097
121672
115990
98137
102791
122963
117612
101745
122994
95102
118956
100080
100535
109544
116295
111378
106996
113348
94322
97737
97958
107952
100139
107694
95562
97091
125046
110654
115906
112101
114669
101699
104443
114916
116599
121488
126157
119748
99672
114417
123426
104406
109418
121698
110939
117772
97193
109951
120559
121611
120309
95804
110165
104322
119572
96470
99621
103098
102647
108042
125306
115055
103486
100228
112538
123615
123646
98202
109273
122400
113857
110906
95674
100790
103374
107553
107864
102757
109483
96590
119812
126532
98529
115639
126768
107795
122367
121146
103564
114382
115169
110550
117358
110466
97074
105243
104311
106336
105776
97759
114036
117264
111023
115763
105346
125000
117857
113046
97142
120732
123732
102248
118395
95384
102588
108449
105725
121612
106995
96194
110022
98471
104382
104460
108647
122311
97234
119536
112346
104592
110487
116936
125541
124476
104491
97220
124865
104113
117674
120871
106108
97881
107437
101555
102300
111150
121104
116577
124805
117268
101625
109142
126749
105836
123669
101651
104493
110054
102693
122348
108811
111766
100282
112571
117622
99659
104508
98261
99009
113692
113713
106557
118068
125251
123324
111128
95407
110383
123236
109665
119440
100052
98583
125662
101079
106054
108655
106835
98952
99718
109108
102133
103761
105883
116513
99873
118381
97765
118251
105550
108744
115631
97407
104001
105060
98307
99979
124032
126715
112578
124225
115720
112102
109044
119896
120642
116541
118876
106579
117556
107584
118351
109061
122100
112373
115143
115541
119651
111891
109236
117055
114967
109087
122002
106267
107161
126165
110144
126754
109777
99273
121872
119854
122814
113998
118811
118977
110955
97943
115927
112457
124190
101916
95723
124834
123602
122175
119617
99805
107239
103728
125533
101952
98841
125710
96750
125581
102831
98127
123811
126088
112628
117857
127040
119219
111851
125073
104945
111708
122687
106285
119006
101849
109945
107749
126463
110099
122741
125815
116786
117825
121879
120972
106379
103670
104250
123868
119531
121182
103401
123033
103380
115652
120530
95755
101499
111960
122103
101240
109599
110896
125607
109382
101786
96396
116397
106851
109622
113758
112071
121061
121537
100362
117338
113902
110820
117098
121955
106707
123568
104981
114097
95101
112250
110049
97874
115215
101609
101030
120139
118216
110413
126277
98700
112940
120882
98281
112418
102494
109110
116109
126127
110801
100631
122559
105751
119839
100624
101283
119165
115257
125030
102202
100206
126657
116542
120804
116571
99764
102833
102692
98125
109388
118818
98980
95700
95013
119247
123001
125248
119454
124327
127143
110356
103042
103772
109032
124856
99304
104120
110505
105070
97367
124724
118614
118151
122158
116167
123607
126679
109123
98044
113755
106598
95179
114503
98132
114024
104314
122777
101058
109424
105707
122930
121013
117728
110913
99767
96013
106916
99855
117892
97669
98080
104309
108099
107760
118886
105868
112061
123842
120237
109828
97521
111569
123391
117516
110947
124253
94769
96370
109239
107342
110616
96268
106366
101566
112122
119894
107600
100279
108099
125020
106779
110910
125817
126939
110778
102032
111730
123555
106186
123819
98501
106303
96185
119568
119166
108760
122655
109256
119318
97367
106578
98981
101794
114890
109877
102346
99402
120585
98128
119149
111869
101529
102182
96988
126819
95696
120258
114366
98835
111418
101524
122780
104711
108092
106363
108960
122956
121079
99619
113052
114430
105839
94609
111949
114292
108525
104188
121058
94648
108706
125151
97720
127290
108684
103756
97896
114373
109982
108675
105475
107953
125467
102083
116892
125787
97091
125024
97031
123858
97073
123926
126945
114387
125444
103325
97232
106744
111165
126589
119564
122156
117864
96036
125471
123490
116223
112182
119785
110983
110475
98340
114918
126900
112140
112896
99252
125097
125851
101008
114383
103799
99150
114849
106400
97148
99420
114589
117430
96148
112769
117088
122195
117134
121252
99400
108586
95197
115384
96395
100199
115600
108512
96206
97264
103557
104918
107251
125418
107993
120973
98866
106624
103074
112917
123755
102111
115425
107200
94906
117381
125106
124803
115021
117436
122310
97182
110194
97633
95507
118911
124660
104682
103626
120548
126632
118696
109706
126017
124995
116808
121811
112481
102254
98208
122045
112719
104733
96169
100074
102263
126492
120775
97977
114697
95210
123473
124092
127390
120779
123725
104813
95518
102425
97403
125212
102625
100315
94870
111660
120852
108697
122838
124799
102751
112238
126905
121135
127172
111198
100355
122239
108747
112362
99075
108561
104156
99042
122649
118105
102124
108155
100213
96337
100956
100001
104993
108654
114205
109198
118594
101331
121881
100252
124315
117190
99278
114519
112722
119136
108092
99287
123383
98440
123138
104013
102594
112418
103620
103387
127004
109187
113359
99497
117601
101672
114176
123189
118245
122536
121570
98794
99381
96232
117526
109813
98975
108430
114680
112212
120052
94904
127103
124463
105356
118253
114277
104812
96651
123476
112264
118910
112739
111395
127121
106621
115866
112475
102867
113276
124878
113587
96118
97559
123894
106705
117716
115787
119786
117184
101155
125835
95526
118431
113493
112143
114378
116630
121660
102768
125414
115727
118002
124530
118517
115234
114552
125984
113831
113232
121757
110879
109540
103285
112673
118588
95501
103160
121115
97607
125573
105797
114328
95012
97392
121469
116357
119839
117178
103275
124367
103296
115291
121531
97480
100191
114394
120422
117453
105914
110864
114033
116006
124869
119343
122327
120109
126849
127491
114372
115122
101264
117623
111363
116639
107848
98906
126906
107992
107782
110179
97109
106597
96453
104307
100544
114387
125167
100123
103129
117207
110450
119646
117797
117813
99607
100024
112321
105184
104720
117087
96412
108643
108239
126920
114660
108415
106015
119405
117694
114966
102765
119502
126266
123208
122470
111029
103558
122843
115912
105151
114274
100320
122737
100632
120275
115347
111549
125318
122396
125316
117518
105897
96490
99316
101036
115841
105679
95106
114128
126000
102385
119815
99835
102657
97028
103102
107916
101802
108661
98472
120978
123086
115688
123950
110559
125894
110053
118281
107102
102049
112590
111967
116902
116073
121877
106286
95950
109224
116395
120046
108675
99115
115132
126578
95065
112390
121497
111376
95071
121817
119542
103937
124406
111697
111189
119306
124643
116977
101314
125020
99234
97810
117697
100026
104701
117544
107141
104665
110302
96072
122466
100620
116322
98023
117381
95265
118318
100069
124387
119941
110854
98506
99951
125103
111260
123983
113808
121020
102053
107040
101074
122711
101938
111584
116188
96732
100158
126317
110754
123837
96899
95078
108763
123172
115603
97003
96182
105690
102179
112292
105160
105831
101290
103685
104777
103803
100395
111568
113025
103308
95566
109787
109181
120001
97462
106515
95750
114447
107151
106177
118484
116386
107878
121868
102142
115326
102462
116415
96949
95334
111328
127053
105266
116732
95346
124179
116205
101675
111691
121308
107536
111042
109830
119466
118315
114273
101845
108212
118825
105113
114200
99755
108931
121935
98095
123457
105907
108129
123020
124396
125164
121485
113164
119271
109832
107150
106631
127355
109250
103559
100518
98684
105253
95909
101364
110870
113988
124416
99384
106442
125996
124099
127235
97459
119063
103309
121733
109326
99810
104983
109732
102393
113601
99094
108880
126331
113202
102243
100624
126661
117295
115801
121569
117175
123304
113022
109633
104870
107312
125286
108167
120669
99831
100821
104053
103009
113144
110372
102928
118650
105587
114406
110767
110702
118942
95691
100691
117008
118936
99524
125750
116089
101022
100711
99495
116118
122497
124310
125972
102883
102231
113243
114537
101749
97649
100887
118169
100670
113806
116188
97913
121997
121422
117271
126165
124628
125162
102002
124606
122542
107041
101624
116769
102944
112246
107642
123806
97311
105624
96818
126358
119635
95522
106151
105862
95771
120452
96720
96660
120785
103745
115324
98408
119631
121948
99570
107837
100018
109068
97492
119352
105566
99511
116297
124152
107842
97310
109146
121198
125021
117462
101021
104175
117632
109559
110609
103303
112982
112920
98634
115089
108707
124026
123854
97156
108745
123779
117950
123408
104336
105838
115897
122986
123942
127554
123645
117476
99173
126464
99279
117696
96597
113697
114206
102982
105458
126783
121955
96276
127791
127251
122059
102582
121402
110239
113816
120694
116226
119980
103108
126837
120055
110711
114152
109051
101392
100520
108893
116492
124179
98947
126369
107580
102929
124770
118780
118212
105007
122467
124259
107988
111533
126558
122012
103979
98080
121882
111523
98278
100354
112832
121933
122261
110189
111759
103467
117652
122404
100818
127921
125593
112339
103439
96407
118921
100760
124802
102272
97168
118721
97481
123098
97136
98008
115937
124165
115993
122333
112977
99255
124027
114642
113829
115359
98456
116605
122654
116552
124381
104553
121768
110657
101042
104750
123148
100731
115280
109298
97127
122866
102866
96816
111067
112783
121743
117944
109700
126541
119976
127223
95918
113564
96477
111225
110917
127747
127141
96172
117132
109320
105853
126183
100370
123220
114816
123050
101347
121107
126776
111912
99835
112794
117428
101122
116992
109132
109786
100694
98608
99518
114687
124664
108696
114201
111797
104703
101254
110272
100836
117380
127298
124723
105245
98726
113913
105780
125226
103889
105210
128040
119018
121665
101925
107711
107612
108481
127391
116695
121337
103609
115403
116894
116295
107111
116598
115191
103339
106605
123986
117536
126078
98188
112550
96145
101220
127151
117827
101927
107993
95531
96442
113537
124173
115781
114380
115627
123122
109045
114466
95993
119187
115433
103743
126518
125607
113101
110514
119294
103782
125386
96400
110953
97435
100940
123425
109546
106235
116745
109530
127606
121781
126783
127883
123880
109898
101180
124634
116900
99999
106276
108784
127354
99921
121839
114802
114126
128072
96177
106931
118006
114063
100894
108840
122596
123490
102989
104988
108549
101001
100796
95652
105576
111589
108693
114134
95779
110409
114479
96566
97011
122763
116952
100977
116002
126682
105426
110670
103342
126545
121499
115169
124327
103373
100977
97026
124121
100860
127766
126205
123819
100023
109521
124811
127559
105362
96693
126465
118523
128177
123685
101576
112095
96733
105624
107277
119737
99798
111258
128185
122909
108523
103700
104612
107225
107465
124876
104197
125072
107409
113711
117806
109220
118829
104527
123766
126553
115683
126760
97910
106296
101162
126503
121976
125106
108477
115693
103980
119558
117231
115792
115101
108389
111678
101794
103012
122707
97578
103222
117275
107344
107336
110881
101653
105656
108434
109886
126796
106216
107009
117109
118171
125858
99422
117564
116526
104115
98133
105565
125750
117970
114123
125178
126689
98764
125553
122575
98185
117214
111513
127416
99628
123490
115017
117107
125212
109999
119182
113830
111863
108090
126739
97572
105946
101633
95730
121196
118738
120617
121546
112499
101779
106213
124946
109731
96365
105371
124333
120611
103547
124226
122558
121945
122142
100111
96701
110765
97705
107856
104139
101520
98910
113304
108610
111293
103834
110620
96657
125887
105804
120157
120903
121524
117931
97031
119661
102224
97833
111897
99609
96549
125346
100423
105024
106529
101082
99997
101580
116312
117798
106340
115694
120579
117097
108105
102070
116425
114498
120252
109793
117054
96900
118935
121330
98218
121831
124672
102020
99595
115709
107152
125918
97117
97127
122293
99784
97816
125768
125524
97949
105979
113146
101299
108962
117256
106496
116631
108438
117200
100668
119465
110986
109808
120418
105502
99827
119772
119469
113815
109566
128475
111057
117830
98595
116819
109104
123987
115965
109383
98128
118654
104281
98078
102541
110085
105613
100262
114699
102600
113675
98392
116207
118699
109877
116190
115663
106300
116339
112850
109670
108950
115331
114121
119693
110213
126993
97936
113255
126698
98184
118965
125915
124769
123687
124233
97607
106018
128343
108005
100210
100389
121148
123627
109507
117130
117130
112398
96689
120119
117146
115733
116859
110531
126141
109787
121113
121235
108496
127131
119922
107586
123152
101226
96719
96070
111152
98309
102800
116689
102569
110285
96286
116726
118866
106000
120096
102669
111664
104330
119538
118104
98703
114476
125522
107751
117073
100124
104029
127416
121735
107772
99515
98083
104766
126063
103958
120949
104603
111321
115408
125660
118571
106599
112629
97923
112244
102992
114798
117501
106192
127578
118392
109287
107643
108447
112981
111305
97002
99473
99137
110398
98910
120380
113576
118357
121786
96459
119190
96310
126609
103758
125551
105225
103812
126138
102624
126483
124107
119857
118805
127010
114449
116356
102189
107820
109701
110327
114923
120627
108590
119108
113582
122475
120702
127714
118179
111775
122923
108934
123193
120785
118842
127723
116181
114721
117853
96719
127176
126192
96382
109630
117374
118084
118428
100114
121847
100206
120790
113339
127099
123883
97221
101692
98186
122761
121359
105846
127763
108746
123449
125865
105958
101517
105917
117560
128618
103915
122973
106924
125331
124256
119478
104188
121359
99115
101144
105228
106432
110839
108693
124019
105327
97978
107608
117889
111295
108254
118073
109697
116831
128415
106894
106555
99460
114612
97091
119229
98711
109617
115245
111195
110890
120236
104603
115957
101681
99998
112174
122232
125295
103693
124139
96679
96558
106856
119951
104220
122163
113843
112674
109193
118257
113123
123343
105540
112125
110220
119027
126467
118978
124601
124532
126436
106870
118811
111444
105136
120397
106599
103814
105824
125932
113401
104192
97248
107808
104893
115473
125204
109264
113999
124405
120345
124976
125025
125607
108749
96056
109150
117494
113553
110933
97612
116187
100941
112734
97015
118794
110773
101321
126284
127687
105931
97823
114179
101627
106661
106157
100737
109191
111217
125821
121084
124376
106934
122756
116704
100283
99037
110877
104561
121203
100847
119990
97202
122122
111008
104393
102534
122852
119693
124943
122390
105370
103874
105200
118130
121093
119167
117053
124539
117144
120636
103201
119808
101107
111594
122965
127783
100534
121724
127124
127503
110739
122022
118863
115123
109736
98788
99745
122642
104459
99263
100741
112525
123302
110668
123207
109712
119109
109557
126008
96884
123629
110459
113062
100004
126064
124732
97035
121087
115006
120754
124549
115838
116862
125757
105862
99095
112989
101666
125901
116961
127398
128467
127637
103032
105108
101489
103436
111267
102372
98703
111366
123700
113965
100153
105203
122160
124276
117300
107534
113712
100603
102536
124888
110855
122203
106812
104901
116645
101330
121185
120885
115772
109022
102994
100773
121761
106507
113977
104999
117492
127753
120789
109839
103043
107265
106107
104176
120812
103721
106331
111559
111490
113559
103173
126325
126194
126803
106028
99955
125735
110767
123049
97473
121706
115163
128450
104735
119758
118708
117165
97920
128203
105693
125008
118204
118313
123665
108875
110981
101151
122551
122168
124572
108989
112823
122929
103492
115079
115341
112019
100600
105827
112796
102658
110425
109749
97988
127150
118634
102344
101174
109780
126975
115568
127879
106631
126067
110573
118788
118704
103066
106259
125254
110164
122102
122280
123910
126229
105774
101390
122674
126716
109243
123425
112703
117877
125413
125539
125378
100251
114414
96343
112698
120246
115085
122410
106800
107010
115870
107928
114819
110003
99863
118798
106493
127285
105278
123404
107817
107192
126233
114126
102761
99820
121126
102699
116803
125193
117325
121533
118780
127763
122387
117314
114792
108380
125456
98370
103424
115274
128419
127219
102197
119642
97252
126553
111108
112741
100826
105905
124875
122403
101615
121872
125275
125421
124320
120392
99662
110791
103033
120843
115355
106397
100161
104019
102759
96461
99442
96512
97822
101094
99052
108483
105155
115887
100329
122428
103044
117356
128308
117599
105362
127068
108950
98332
113455
114310
99729
110911
102409
123318
108625
118933
104134
110018
96480
115024
105696
103697
118681
109484
120243
112990
119775
111571
116180
96698
123407
104446
96421
106960
101810
96734
111654
106093
103416
120634
106254
121664
119394
128473
101659
110046
103870
116386
124326
127496
120152
99330
120954
113457
110191
102286
120038
114491
111590
119530
128785
122498
124476
108521
122766
126235
124862
101365
108848
106846
114939
107186
127264
117665
117113
117726
107820
113479
100518
118908
101474
128250
107281
125745
114142
106036
108506
110574
96736
115204
119400
104143
104738
119567
103513
110147
99944
102101
97215
112750
128600
108085
117129
112587
119180
118579
117823
110358
99558
107514
119539
104553
109603
127773
117876
120741
117427
124194
124612
109587
100040
105281
115404
124235
105134
109417
102479
122709
127066
105860
108061
100879
105285
118268
125577
98254
107643
121214
106524
126792
122094
128510
125579
122034
109073
122107
106471
97829
98466
109316
113172
112454
98759
120955
97404
129062
126557
110489
107012
99175
124045
123826
108352
122785
105376
110010
99554
129027
102932
102921
126585
110654
123375
111451
125272
126878
110419
120603
118739
124794
124243
98017
103602
104655
111877
113465
121567
122152
101080
105382
111970
128705
126504
122854
107407
125931
98064
118392
105854
111026
99968
119900
115900
125374
117903
119322
101696
112503
108818
113157
127649
127085
98925
123841
101766
109558
110249
112899
105821
128537
125639
106392
121424
108970
121940
115881
107380
112055
119102
109885
122180
119331
111078
110591
103503
124817
121206
113730
112685
110211
116853
102978
98999
117187
124313
118956
122744
122883
114908
97121
124766
129216
101585
122743
115893
106604
115257
129153
103254
104395
106962
113425
102684
103070
100463
125051
111256
117119
117069
118747
126982
123660
98981
106585
122495
129095
106622
110763
125296
112701
98757
122844
114762
126694
127903
127820
117883
127821
128766
103929
115614
114928
99443
122108
109038
114794
115267
128343
121089
99151
123068
122605
122547
128856
102601
121042
116832
120000
116933
123589
110166
117741
117645
129019
103305
112211
107993
124703
126345
118422
103884
125846
125106
111598
102601
125959
113826
113872
121737
98843
107761
122059
125034
110465
119324
106928
126986
123958
124609
101365
129045
113155
120082
116315
113755
100679
110724
98511
110118
113398
116679
127630
97738
97250
105211
116621
123517
111929
98849
97560
103529
126543
104399
127417
109824
97182
113704
109659
123280
106252
115724
106159
117783
97644
108684
124623
112216
101702
117409
119842
105262
123611
106269
111487
119329
97636
120545
108181
104759
129435
120657
101002
127244
118140
104197
111074
98085
127309
111297
128419
125570
104924
118440
123318
124530
124936
104364
98449
122796
110978
129353
100883
98202
116437
121715
129455
96760
121508
97485
118733
120990
126515
113947
98925
113050
124714
125946
123150
111490
111253
126927
126926
119817
104750
121085
97746
126159
108767
111963
97000
107134
120707
112613
118891
127506
115437
100529
115048
106616
111147
119077
103934
116827
113675
120936
103947
96827
112351
115734
104197
107199
120190
119096
106789
109388
103819
104819
126923
100566
123642
112767
119070
109814
103631
124379
108786
101693
108329
120511
105200
111817
120448
97363
106480
103445
98347
127518
101034
99093
125989
110785
114574
108931
123920
121061
107504
115060
113530
109170
100456
124974
109920
97281
103033
127293
111344
116373
125296
126916
112531
104837
109199
125458
118315
101053
125035
125813
117657
128807
113043
125011
125571
108387
105074
108662
121940
109758
108151
109480
125828
100962
126067
113792
103193
97994
123458
107899
110446
98681
113581
113742
109619
116972
108687
112507
119733
126157
114231
98851
107359
129129
102414
98843
117121
98660
113529
99394
110673
104107
125697
115473
113200
105387
103602
113523
103214
123841
128960
115671
113615
106993
105841
104836
110864
98522
123190
120877
120229
128745
115739
102342
98437
109262
102242
126102
119976
97324
100971
107916
116239
99477
116696
107734
126982
107701
118254
106160
106662
127437
106045
100986
114077
104292
123011
111118
124466
98617
111822
117584
128643
123259
127201
118791
118801
124732
117977
100331
101247
112932
115472
129278
128919
100450
108354
111136
100750
118760
112878
107486
107145
103384
111871
97164
118367
111929
109228
111763
122785
110063
104349
119819
101592
116970
102223
98957
127757
109213
127417
129090
106895
114098
128304
126784
103152
120828
100232
102423
112465
109485
117372
101542
127967
121033
110415
122164
113566
111322
128436
119740
107878
102118
102892
129415
107307
109982
114222
125696
114305
103896
113483
107973
97886
127807
99474
97530
121378
118089
129777
108514
122326
109162
117598
106160
123825
127880
103541
113050
100065
109486
102243
116272
111496
118788
114690
100076
129028
127999
127045
119050
97139
126421
129751
113817
114038
108340
108799
105171
99126
124467
108487
108202
103845
107145
120925
107427
111879
113404
98233
122599
124336
106269
104832
116376
129551
114995
119337
101217
97771
124021
126046
98385
124653
105340
103845
109801
110175
101111
126527
116083
112691
115873
116816
97686
109383
118384
123457
125224
106215
109071
106595
122691
115092
127119
100821
103323
122115
120410
101543
121358
121705
109416
118079
116861
111094
109493
99580
109275
119967
111602
111642
97667
104225
110202
109270
123343
106307
117897
110034
114918
117851
122792
113082
102613
112659
124780
109096
126946
111725
108384
116677
100892
125701
121152
98738
97591
98711
118632
120358
110231
124864
105355
110168
116651
111113
101800
111007
117884
108065
106298
119767
98438
121962
106160
107272
101830
105143
110364
104514
107028
117845
127023
126923
128691
113480
123493
117885
128551
126678
121725
109161
128070
119626
106284
124096
109714
102130
126994
119540
129734
108650
109805
114970
98735
123420
118285
116627
111677
126728
120584
116203
128218
124097
102574
99585
114426
102072
106303
115816
102132
100029
116956
112398
97296
112323
98364
111387
112865
108516
100256
104732
126421
115365
114697
112225
107018
124026
129192
108195
108131
126605
119446
129259
112348
111035
101573
105390
116250
121823
117815
119869
108359
117332
111725
116061
100892
124341
123939
117041
97599
125671
109114
107105
125648
116058
100086
116853
115518
122507
118121
119682
117344
100046
129327
117513
113345
121674
101468
121884
111419
118085
100787
113346
107207
110242
122649
111261
108179
124839
119881
109258
101973
113156
119240
106761
129760
111889
103452
122910
117492
114520
106297
128375
117339
121171
99900
109070
120625
97655
121691
98961
127364
115057
121884
101057
125213
105647
110022
127000
105884
129058
114197
110510
99531
125762
105522
121693
125740
117331
122338
113187
107220
125415
124158
116681
103548
113573
104739
120770
124630
108616
125354
122710
110621
117483
109531
109312
124400
127363
108893
99092
98144
100013
127729
99236
97608
116906
117601
109477
117981
127399
114354
124750
112773
111938
113057
104897
121581
112459
111950
125421
116821
122823
117554
120499
123439
110651
116054
120391
100585
97831
97991
99546
106503
112336
108613
108150
104564
102466
116027
98345
128282
117654
128244
117861
97712
126065
121867
118439
103379
100813
115235
117335
122457
105468
112601
123119
114402
125929
121079
105312
116143
100258
98026
107186
104376
122899
128887
125930
129784
128020
103337
121648
97548
109735
107278
107057
124924
118394
110371
122307
129369
107700
101132
112327
102280
116974
101256
100948
115037
109694
129829
122130
103404
116476
106160
105955
115355
101887
122352
129993
118140
105000
124052
119556
115162
105826
118633
128378
127250
101991
113104
119388
100772
109959
114544
114951
116362
116389
116264
127784
108745
119938
107591
119332
126789
125246
128768
117687
114905
98331
113944
119259
113831
105605
100834
102891
124077
121423
124013
108296
104090
119616
108284
117692
100063
97742
127670
118493
127496
125225
101279
118708
129101
129659
110791
99679
120676
102254
115906
103796
128666
109040
121431
114151
129314
100659
129404
120366
117421
119799
110723
125858
121403
112651
116110
97577
128816
107281
105544
104978
99498
129155
107479
124992
128786
125171
123148
120203
118769
118423
125149
129123
101381
111364
122646
123830
112533
123450
118091
127508
105729
110305
124433
117778
115101
117714
100462
110060
107711
122585
104333
110702
128279
110777
129718
104724
110655
106097
121214
128368
123027
110526
124987
99788
126275
128737
121019
113425
110759
105890
115510
117735
116946
115605
105344
107806
120425
102812
99971
112973
105910
108205
107501
127928
114168
115158
106534
119415
127741
118142
107141
125909
103667
110573
125891
123639
117372
99599
112816
102334
106752
107892
113956
122349
98119
106140
117561
108431
108103
98418
129719
102035
111674
107542
124112
104890
122356
118751
116750
104627
119412
122017
108681
103300
130233
114731
114781
117035
104407
106772
119899
98693
117065
120760
114943
112240
112009
98429
119714
120876
115422
99163
115697
110856
97909
111771
123294
109626
120756
127710
117334
99342
107979
124514
113650
105283
109452
116097
120561
99761
101756
115322
124198
99376
126506
99956
129198
128950
107711
122304
128805
102335
115159
129375
124185
112626
120463
125380
99775
100609
111071
112346
107237
114897
100395
112969
102696
99803
112916
104694
115815
129490
108436
103624
100472
122757
120906
128946
111129
120840
117266
122606
121897
129806
113881
112006
99608
118426
121520
100633
106652
123351
128798
105436
127397
102211
121019
120799
114836
109075
114938
100242
115111
105172
108103
128903
114616
110414
119890
124281
122664
106925
124586
123022
101654
105187
119181
98009
126676
111688
126207
101411
124315
113795
112153
103915
129661
115630
113316
129195
116380
111285
123622
119389
109466
127487
101820
97854
127056
123729
111337
97746
103875
111343
98222
127784
129107
115716
106907
102495
102710
113731
111524
106601
125989
127695
98679
101647
107861
116312
103693
99893
99241
106119
115327
110176
99110
105629
108060
127093
123815
114519
116920
123588
102354
97812
122438
121668
127050
106297
119466
104736
98086
118229
104648
108403
110499
111233
126945
122192
97813
103307
103199
106246
113700
114771
100206
115874
126260
117748
129934
117173
116517
121639
126566
109143
109373
100709
102300
102763
109410
108876
101986
113701
126861
123972
117395
112330
102267
130402
105470
120503
111782
113549
107522
103845
104563
114399
122203
111147
111277
116045
122427
113028
109618
107147
98460
122515
125420
126762
124117
115236
115715
111364
98924
102517
114001
102105
113452
104437
118551
108858
107639
113995
105710
123558
129757
127130
107776
103668
127981
100356
114807
123376
123466
107373
100406
120137
122882
130433
127431
122283
127772
118264
112789
123176
122992
106776
124764
127196
106684
116860
103901
122833
109555
117013
110294
114976
102104
125550
119345
102745
97996
117556
108412
102181
122852
106229
111769
100138
127295
129320
101559
104239
103319
117102
125825
109697
122389
126231
102548
115093
128362
129512
126775
106222
121115
108059
99910
107329
105244
127400
128112
120536
112033
128195
105635
118324
127793
128934
126659
106486
105724
112528
108706
127488
123758
130318
107309
123351
111876
124793
98275
117835
128863
102848
117388
112731
120471
128103
123687
125267
106193
108752
115748
121911
119828
127418
129235
111716
130136
109831
120861
121717
118752
103106
120690
120932
115658
124256
100866
106993
107237
128838
106544
127048
108738
108940
129859
119262
119566
116737
108895
100252
122142
124527
122293
126015
104908
107296
112886
125695
106370
127648
128525
117102
129684
121029
118541
116900
121299
111341
110184
123289
125279
128903
98403
106706
118716
102101
112838
124224
98600
108783
123096
99941
122156
111884
115082
107960
117362
122365
130547
110411
115926
110586
111100
118187
102847
117665
125277
120071
102064
117308
99016
125333
118298
112451
119651
124210
128629
115490
106108
114761
104334
103227
111993
98805
125475
119599
119821
129898
109997
125785
101554
119441
104573
98460
121171
106482
101898
106847
107592
107479
102282
115669
122248
120494
105151
129410
127002
121008
125716
130043
109517
99520
119016
128749
128809
109206
103210
111456
122277
111644
102182
100413
118299
113176
101022
111630
105848
117772
125981
99334
106936
126810
118152
126017
129298
104876
105718
128332
119151
109203
114625
107240
115745
108655
125918
112651
104914
115854
109417
130088
101050
125592
114308
124336
118550
122666
118626
118233
103381
111041
109727
102814
108436
99802
130515
115719
127948
128855
108134
120234
104010
106021
117414
120178
110304
128284
109334
110239
111963
108582
117257
100366
125876
101796
102256
108731
114827
118541
122609
99716
112080
99544
119865
121904
106436
117149
104850
98223
118816
100471
101560
113059
98707
101036
108008
124192
104306
100496
120123
108208
99756
115110
117298
124315
128252
122889
121234
125541
128866
109322
128370
116375
123091
118043
125842
125379
104496
110828
122350
100290
128117
113107
108947
111680
129587
121713
110514
120699
101696
119955
111859
122951
125612
102742
117515
120662
130808
129167
129169
112566
126083
108649
103181
110747
120389
124496
130899
111711
115391
116238
117775
129223
109362
117812
121504
117896
101136
102332
100906
124425
99248
106220
104678
102251
124997
109438
110525
119751
116241
115197
117782
102838
113878
102514
130028
104215
113550
98368
106531
109068
128347
108365
108828
107334
107201
119906
98695
130435
123667
113365
105336
130644
119339
98661
119741
121892
108126
112741
106352
99702
125616
129821
112584
126318
108867
114797
112692
98707
104982
106163
123563
109779
109036
100079
130621
101320
126345
113445
99311
112185
120100
99331
101829
115172
111642
125380
113696
123514
127200
128084
99658
117484
127291
112309
107344
111589
104115
108961
103440
109463
122693
104817
122770
103099
130648
109373
104604
125651
98802
113989
117632
121267
120876
108175
118585
99903
116963
104914
109750
111222
112561
110483
102518
112304
115227
121742
129621
115235
101900
119127
106406
99500
121987
105537
111489
107981
111752
126591
100702
109810
113252
125833
116195
114424
100113
127426
102907
120047
103408
108375
99368
118815
102074
118378
111642
102218
108985
107632
109696
125233
113720
118999
110366
110681
116536
108268
130848
107535
111204
114429
107950
127658
120135
109242
124096
110864
106685
116961
117812
125820
130215
130075
107806
111486
110051
117025
108383
118595
120956
106530
109945
126486
127517
120169
121505
99879
112844
101691
124694
114571
98772
106238
100018
102533
128259
111521
105918
126724
100374
107319
112651
113516
118386
120293
128574
116889
127253
109567
124268
107810
123595
110958
128231
100826
107685
106581
130647
102813
110247
128756
103436
106057
118977
107724
100754
102154
106497
103171
125574
109531
115718
101387
119721
125513
112824
116351
123443
126842
120886
104269
109930
127855
114960
102170
130674
125318
126135
100066
113255
102979
100913
122847
111273
121423
127249
129709
118647
109249
114855
108971
116928
102045
130932
107172
123189
119194
118496
111535
120739
130089
100144
114515
98944
118962
118706
115695
117188
110113
100154
127577
127738
129953
102610
104390
127894
98727
121006
122602
114057
119859
107870
109664
113171
111187
100679
105035
124632
130792
100436
120638
117047
112300
116201
126041
109527
100212
118553
110261
121474
126131
120088
122883
118839
128320
125939
115311
101242
104025
106878
107467
130287
110567
131214
107497
115751
108035
119913
113224
110266
111546
114811
114419
109974
121613
131147
129703
111766
103996
123821
98868
112727
110149
121656
123173
114247
121511
108794
120739
111358
101995
100715
110487
129746
104037
125088
126223
127141
126136
128961
122339
116482
124312
112317
117912
130921
104788
116284
121476
125926
110483
103894
116019
126696
126941
115330
105226
126289
113502
112977
107306
108234
119783
127580
130200
125017
103478
120826
112794
118069
130423
110135
128100
98777
114187
102018
112115
114007
103815
117670
102458
124143
113152
119292
119420
101856
107142
120798
116473
119166
121582
127582
115916
108421
115925
123448
104724
113325
125409
109830
101202
125822
115530
120499
131346
128358
105113
118578
99534
125449
124848
125040
111631
128728
118795
125063
121045
108773
109381
101428
111161
107253
110814
101771
110673
129495
111419
99049
108372
109301
101358
109099
114174
123177
105784
128029
105270
130002
101580
123957
104175
101414
105430
104578
127564
113866
114748
101855
121607
120736
123684
128108
114195
122336
125110
108607
109952
124522
124195
107094
122272
112218
107238
128464
130408
116701
122442
109917
126488
111428
121388
105716
106015
110167
111106
129988
101176
103916
101660
121452
110554
112056
104234
117102
122831
115300
123391
115681
120866
113123
103572
111207
99903
105988
101200
105055
117334
113987
118150
118108
112896
130533
130112
109781
106533
122692
106043
120350
119581
107879
126258
117398
98837
123605
100447
124963
106677
119979
110656
116187
106496
115949
126871
116996
130939
124698
120244
99903
129425
123651
108022
115456
118582
98780
106640
109377
128715
110996
116873
102264
111169
119394
117511
114374
118914
98977
125900
119153
105996
122077
105217
128916
116959
121902
104498
106517
113562
121540
116379
101336
111585
122564
104098
106802
104449
108883
108708
103329
118743
113647
101620
111546
107758
116742
116001
129890
126439
113857
125560
109121
100638
124705
105930
99956
125578
120910
107632
103810
114917
99884
120459
123282
128525
121390
115344
106203
102059
107119
109061
116059
109842
104703
113541
127692
113514
128378
110090
108756
131341
113888
106860
113532
108337
115616
124964
99299
127176
103926
106070
109364
108964
113271
111119
106965
102623
99051
114891
104161
115322
122714
126522
99289
123972
124778
104515
106646
104957
101864
101450
119682
99516
111268
106926
127496
119182
99970
122262
124233
105312
128462
99310
100113
107551
101584
113068
117513
108829
101024
105560
100398
120503
103996
127691
128641
106293
117208
121655
111872
129265
100469
105063
125910
116668
119221
127048
122575
128381
100334
103849
99342
130587
121981
116543
127746
127645
120413
131564
114582
112528
108280
119872
103848
98985
115004
125249
108733
121772
124658
110695
117747
107660
106571
116459
116279
126164
119228
99906
112311
103493
123916
121828
105882
131265
111276
118353
122095
125800
111686
119638
116196
100608
102808
121740
99897
102810
106115
112419
100852
125810
125279
112605
107861
130328
119954
111709
105228
125645
126561
118946
119466
115504
129798
110543
119638
122650
124162
127789
120513
129222
100276
109170
100444
114229
100395
104772
115912
123600
110649
128505
126349
128080
131016
99745
107792
128731
125041
112966
100031
101487
124747
110706
110479
109444
127233
115954
109224
108781
123944
99290
104030
104704
128463
112585
103780
117750
117847
125038
122940
125333
113797
127819
101106
126988
122069
106937
119562
104990
123665
122925
100791
127106
131107
129721
126542
101002
110120
131798
101625
115204
107717
115296
128432
122462
124862
122850
122725
129805
107460
104468
101247
109870
118159
110754
130442
109678
112429
100399
121645
99112
102298
124826
100444
100814
131216
129152
119758
110986
122528
99586
116658
123429
106370
124104
127646
126759
101034
113477
113864
124992
120859
125757
105848
116966
110976
123781
115901
117568
117113
108811
101728
123459
130355
115222
117526
106267
111675
124622
116985
99788
127636
105214
101433
103705
119047
103705
110351
99749
118714
104059
124915
99416
112388
104690
102671
125956
129664
128381
115699
115272
119392
125011
122250
129973
130820
103975
130637
117552
125644
128683
121526
131223
106026
116819
126968
113320
113147
127323
127213
127006
125975
127499
130896
103452
102950
117818
99628
121295
130742
99345
115348
121680
103563
106001
123797
108487
109622
114263
111209
130262
129002
118047
113133
110389
121226
115848
126038
99993
122630
101271
107039
102619
121064
131709
99653
110678
114474
107549
113847
125329
120907
123081
125960
111646
120482
104012
121704
119489
122865
117038
121810
128725
111421
131891
113543
111340
123101
129829
122554
131254
116946
125395
118925
122404
119638
110682
122940
116172
104375
111523
106136
99984
124262
102701
118712
114298
123723
102669
107755
130283
112988
129331
119536
118773
129134
108014
120938
114949
111691
101299
100494
99525
99332
99866
110111
123456
121993
104489
121500
103752
129398
131541
112056
110612
116784
118470
123146
114734
100657
115291
115718
113293
105376
115950
119852
127741
108325
112217
109951
107208
104443
117176
102201
115343
106823
118385
102589
113529
113064
100978
107213
111504
116239
100794
110845
129383
124625
100123
128871
119552
105210
119358
123041
111598
110053
120551
131052
106167
107273
108922
129966
111996
103446
113855
130083
114140
111937
107746
127567
105493
127963
101310
117559
100716
123689
113242
123728
100816
125808
121780
118328
124090
126799
122046
116388
107863
121681
101799
121498
124393
119747
125019
108512
125547
128195
106573
113844
118387
120986
122740
127165
117341
120908
119955
117314
119718
113261
128702
115610
105622
115765
107034
99555
112418
123095
127460
124407
122640
119567
129973
117916
110428
107770
118788
113403
116443
117291
123884
107092
106526
108539
116783
118255
106649
129056
119164
129622
107268
113026
103917
126145
131330
107338
123860
106194
122881
118331
103863
119426
116065
100421
124825
107100
112088
99927
110971
123369
123925
125046
109347
123499
111267
115724
105756
126925
101649
108674
107262
104923
121936
119312
123632
105903
105052
130772
122474
131947
117022
104994
114752
115758
118930
111132
117724
101440
100389
125826
119242
126352
126817
124875
118139
104033
121291
119156
102466
122944
102924
131736
105891
117561
112720
129473
105677
112970
122860
102654
131941
130584
110659
109365
122245
104161
101610
117691
120581
106162
100618
117794
125433
119514
109062
107602
120442
113566
114014
129243
116650
118062
116180
123786
117234
103640
115661
109115
128654
116348
122105
120813
129100
114240
108342
125980
118160
117380
105138
103499
125852
119321
126800
107488
108302
109229
125262
114228
99754
111498
121124
124651
122202
100481
119471
126081
124019
123168
122766
123174
104250
127020
110797
103884
104103
120651
103360
117630
124009
131840
110130
102131
106537
131804
116160
127587
109075
111091
104063
104857
118419
115598
130277
117834
122716
100383
128742
131749
122287
130682
114781
106539
104922
99649
102062
118977
125951
114848
110505
113667
125462
100411
102322
131804
114485
127333
125727
113491
100367
117139
110306
122536
121020
103696
117864
122272
118712
124402
132289
118557
121389
106316
126720
126193
101749
129189
114149
119540
113114
120233
100537
111701
105121
116255
105338
129837
116552
115227
102968
99930
117259
128629
115647
129418
130989
111993
114550
119702
107636
122848
123527
114450
111222
121344
116800
119074
128275
123199
104890
109198
128451
120269
131256
110361
108050
117907
115153
116495
125672
130406
115154
122654
126222
123265
129630
105062
119534
103986
106967
125651
116634
120787
100994
132011
127760
108796
130277
121443
116669
129527
102772
108983
117055
124020
118125
109306
110703
118654
100097
129450
102559
102318
119988
120135
123424
120735
101382
111973
103944
101537
103251
123905
104241
119730
101112
102929
121989
125610
102839
105054
127097
106933
108637
124566
102872
100614
129185
109213
119234
108234
131920
125477
119540
117083
129447
130174
101962
117175
116224
131759
114817
119344
100274
132037
124226
130405
99890
107371
123740
123248
122750
108219
118354
121697
128443
113492
123157
110316
122908
111789
103954
118366
123655
111529
131183
122581
111475
126059
117394
117937
100757
130667
130532
132166
116411
103113
128980
107219
111224
111842
110622
111544
103169
104738
111693
118243
107735
116249
130174
107916
112038
119760
130408
124450
124525
111965
105369
125061
121056
114869
123906
104821
117771
125122
110006
107595
126007
122293
100591
112102
121361
100254
106322
125929
109833
102201
125300
115748
128249
125195
122268
106575
130823
104110
129995
111102
123340
103018
121593
123601
103606
104709
105378
101611
104106
116187
123777
104358
124910
111921
116380
117893
121671
106694
115072
129131
131678
109227
108750
109834
113000
117333
111094
112285
103942
102385
129347
104922
114026
111095
108824
110114
124348
104706
108153
108540
100028
122335
124620
108481
130472
126435
119521
106649
108640
117122
121649
109477
113608
102686
106851
105342
121198
119837
121621
123871
108653
120382
119256
108958
128401
114477
107644
102113
106171
125013
109967
102286
118151
113909
111392
131587
116013
122998
115656
102408
116645
102140
124140
113665
120335
126011
128572
116329
118865
111756
126591
100219
112642
132159
120211
102706
105095
108851
106415
109940
124539
111269
118252
101514
110677
111430
129028
112596
109124
125328
107353
105659
119646
115289
101177
115686
107002
125353
114272
100529
109914
122313
112062
124123
105102
112796
116859
107646
118932
107314
106809
104005
112580
108443
104601
101337
100460
120057
104704
114332
126135
125401
126875
126106
129491
129220
110240
115133
115794
113424
132311
123200
103377
132604
110170
107365
129496
103933
123545
121707
118786
107602
123808
113082
123230
129758
103069
106082
115476
129591
109980
126915
106572
116219
105110
117133
130379
101219
123818
104428
112095
103962
116906
127740
113406
108367
100825
118403
119722
115465
118771
119263
124183
124858
120174
126013
132624
123928
111872
129292
123287
114472
131425
100530
109772
124571
100946
106877
111632
104286
127710
101596
115561
111725
130272
132303
126504
131048
110021
120220
129482
